"From Branch","To District","To City","Charge for 1st kg","Charge per additional 1kg"
"Colombo","Colombo","Colombo 01","350","100.00"
"Colombo","Colombo","Colombo","350","100.00"
"Colombo","Colombo","Thimbirigasyaya","350","100.00"
"Colombo","Colombo","Wellawatte","350","100.00"
"Colombo","Colombo","Colombo1","350","100.00"
"Colombo","Colombo","Colombo2","350","100.00"
"Colombo","Colombo","Colombo3","350","100.00"
"Colombo","Colombo","Colombo4","350","100.00"
"Colombo","Colombo","Colombo5","350","100.00"
"Colombo","Colombo","Colombo6","350","100.00"
"Colombo","Colombo","Colombo7","350","100.00"
"Colombo","Colombo","Colombo8","350","100.00"
"Colombo","Colombo","Colombo9","350","100.00"
"Colombo","Colombo","Colombo10","350","100.00"
"Colombo","Colombo","Colombo11","350","100.00"
"Colombo","Colombo","Colombo12","350","100.00"
"Colombo","Colombo","Colombo13","350","100.00"
"Colombo","Colombo","Colombo14","350","100.00"
"Colombo","Colombo","Colombo15","350","100.00"
"Colombo","Colombo","Colombo 1","350","100.00"
"Colombo","Colombo","Colombo 2","350","100.00"
"Colombo","Colombo","Colombo 3","350","100.00"
"Colombo","Colombo","Colombo 4","350","100.00"
"Colombo","Colombo","Colombo 5","350","100.00"
"Colombo","Colombo","Colombo 6","350","100.00"
"Colombo","Colombo","Colombo 7","350","100.00"
"Colombo","Colombo","Colombo 8","350","100.00"
"Colombo","Colombo","Colombo 9","350","100.00"
"Colombo","Colombo","Fort","350","100.00"
"Colombo","Colombo","Slave Island","350","100.00"
"Colombo","Colombo","Kirulapona","350","100.00"
"Colombo","Colombo","Kirulapana","350","100.00"
"Colombo","Colombo","Grandpass","350","100.00"
"Colombo","Colombo","Mattakkuliya","350","100.00"
"Colombo","Colombo","colombo01","350","100.00"
"Colombo","Colombo","colombo02","350","100.00"
"Colombo","Colombo","colombo03","350","100.00"
"Colombo","Colombo","colombo04","350","100.00"
"Colombo","Hambantota","Kirulapone","350","100.00"
"Colombo","Colombo","Orugodawatta","350","100.00"
"Colombo","Colombo","Colombo 02","350","100.00"
"Colombo","Colombo","Colombo 03","350","100.00"
"Colombo","Colombo","Colombo 06","350","100.00"
"Colombo","Colombo","Colombo 08","350","100.00"
"Colombo","Colombo","Colombo 10","350","100.00"
"Colombo","Colombo","Colombo 11","350","100.00"
"Colombo","Colombo","Colombo 12","350","100.00"
"Colombo","Colombo","Colombo 13","350","100.00"
"Colombo","Colombo","Colombo 14","350","100.00"
"Colombo","Colombo","Colombo 15","350","100.00"
"Colombo","Colombo","Kotuwa","350","100.00"
"Colombo","Colombo","Colombo Fort","350","100.00"
"Colombo","Colombo","Park Street","350","100.00"
"Colombo","Colombo","Ramanayake Mawatha","350","100.00"
"Colombo","Colombo","Church Street","350","100.00"
"Colombo","Colombo","Union Place","350","100.00"
"Colombo","Colombo","Vauxhall Street","350","100.00"
"Colombo","Colombo","Chittampalam Gardiner Mawatha","350","100.00"
"Colombo","Colombo","Baladaksha Mawatha","350","100.00"
"Colombo","Colombo","W A D Ramanayake Mawatha","350","100.00"
"Colombo","Colombo","Nawam Mawatha","350","100.00"
"Colombo","Colombo","Galle Face","350","100.00"
"Colombo","Colombo","Hyde Park Corner","350","100.00"
"Colombo","Colombo","Kompanyaweediya","350","100.00"
"Colombo","Colombo","Duplication Road","350","100.00"
"Colombo","Colombo","Kollupitiya","350","100.00"
"Colombo","Colombo","Colpetty","350","100.00"
"Colombo","Colombo","Colombo 04","350","100.00"
"Colombo","Colombo","Bambalapitiya","350","100.00"
"Colombo","Colombo","Colombo 05","350","100.00"
"Colombo","Colombo","Poorwarama Mawatha","350","100.00"
"Colombo","Colombo","Vijaya Kumarathunga Mawatha","350","100.00"
"Colombo","Colombo","Polhengoda Road","350","100.00"
"Colombo","Colombo","Kirulapone","350","100.00"
"Colombo","Colombo","Park Road","350","100.00"
"Colombo","Colombo","Isipathana Mawatha","350","100.00"
"Colombo","Colombo","Havelock City","350","100.00"
"Colombo","Colombo","Havelock Road","350","100.00"
"Colombo","Colombo","Kirimandala Mawatha","350","100.00"
"Colombo","Colombo","E.D. Dabare Mawatha","350","100.00"
"Colombo","Colombo","Dabare Mawatha","350","100.00"
"Colombo","Colombo","Elvitigala Mawatha","350","100.00"
"Colombo","Colombo","Kirula Road","350","100.00"
"Colombo","Colombo","Chitra Lane","350","100.00"
"Colombo","Colombo","Nawala Road, Narahenpita","350","100.00"
"Colombo","Colombo","Narahenpita","350","100.00"
"Colombo","Colombo","havelock town","350","100.00"
"Colombo","Colombo","Kirulapona north","350","100.00"
"Colombo","Colombo","Pamankada","350","100.00"
"Colombo","Colombo","W.A.Silva Mawatha","350","100.00"
"Colombo","Colombo","ST. PETER’S PLACE","350","100.00"
"Colombo","Colombo","wellawatta","350","100.00"
"Colombo","Colombo","Colombo 07","350","100.00"
"Colombo","Colombo","Kurunduwatte","350","100.00"
"Colombo","Colombo","Cinnamon Gardens","350","100.00"
"Colombo","Colombo","Borella","350","100.00"
"Colombo","Colombo","Kota Road","350","100.00"
"Colombo","Colombo","Sri Dhamma Road","350","100.00"
"Colombo","Colombo","Maradana","350","100.00"
"Colombo","Colombo","Maligawatta","350","100.00"
"Colombo","Colombo","Dematagoda","350","100.00"
"Colombo","Colombo","Castle Street","350","100.00"
"Colombo","Colombo","D S Senanayake Mawatha","350","100.00"
"Colombo","Colombo","Deans Road","350","100.00"
"Colombo","Colombo","T.B. Jaya Mawatha","350","100.00"
"Colombo","Colombo","Colombo 09","350","100.00"
"Colombo","Colombo","Pettah","350","100.00"
"Colombo","Colombo","Sea Street","350","100.00"
"Colombo","Colombo","Bankshall Street","350","100.00"
"Colombo","Colombo","China Street","350","100.00"
"Colombo","Colombo","Olcott Mawatha","350","100.00"
"Colombo","Colombo","Malwaththa Road","350","100.00"
"Colombo","Colombo","Pitakotuwa","350","100.00"
"Colombo","Colombo","hulftdrop","350","100.00"
"Colombo","Colombo","aluthkade","350","100.00"
"Colombo","Colombo","HETTIYAWATTA","350","100.00"
"Colombo","Colombo","Aduruppu Weediya","350","100.00"
"Colombo","Colombo","Sri Gunananda Mawatha","350","100.00"
"Colombo","Colombo","College Street","350","100.00"
"Colombo","Colombo","Rajamalwatta Road","350","100.00"
"Colombo","Colombo","Jinthupitiya Street","350","100.00"
"Colombo","Colombo","K.Cyril C. Perera Mawatha","350","100.00"
"Colombo","Colombo","Sri Kathiresan Street","350","100.00"
"Colombo","Colombo","Thotalanga","350","100.00"
"Colombo","Colombo","Kosgas Junction","350","100.00"
"Colombo","Colombo","Nawagampura","350","100.00"
"Colombo","Colombo","bloemendhal","350","100.00"
"Colombo","Colombo","kotahena","350","100.00"
"Colombo","Colombo","kochchikade","350","100.00"
"Colombo","Colombo","Ramanathan Mawatha","350","100.00"
"Colombo","Colombo","Modara Street","350","100.00"
"Colombo","Colombo","Madampitiya","350","100.00"
"Colombo","Colombo","Samithpura","350","100.00"
"Colombo","Colombo","Aluthmawatha","350","100.00"
"Colombo","Colombo","Muthuwella Mawatha","350","100.00"
"Colombo","Colombo","Farm Road","350","100.00"
"Colombo","Colombo","Rajamalwatta Road","350","100.00"
"Colombo","Colombo","Walls Lane","350","100.00"
"Colombo","Colombo","modara","350","100.00"
"Colombo","Colombo","Akuregoda","400","100.00"
"Colombo","Colombo","Battaramulla","400","100.00"
"Colombo","Colombo","Gothatuwa","400","100.00"
"Colombo","Colombo","Hokandara","400","100.00"
"Colombo","Colombo","Kotte","400","100.00"
"Colombo","Colombo","Madiwela","400","100.00"
"Colombo","Colombo","Mulleriyawa New Town","400","100.00"
"Colombo","Colombo","Nugegoda","400","100.00"
"Colombo","Colombo","Pita Kotte","400","100.00"
"Colombo","Colombo","Rajagiriya","400","100.00"
"Colombo","Colombo","Sri Jayawardenepura Kotte","400","100.00"
"Colombo","Colombo","Talawatugoda","400","100.00"
"Colombo","Colombo","Wellampitiya","400","100.00"
"Colombo","Puttalam","Koswatta","400","100.00"
"Colombo","Colombo","Mirihana","400","100.00"
"Colombo","Colombo","Greater Colombo","400","100.00"
"Colombo","Colombo","Kolonnawa","400","100.00"
"Colombo","Colombo","Sri Jayawardanapura Kotte","400","100.00"
"Colombo","Colombo","Baththaramulla","400","100.00"
"Colombo","Colombo","Thalapathpitiya","400","100.00"
"Colombo","Puttalam","Koswaththa","400","100.00"
"Colombo","Colombo","Thaldiyawala","400","100.00"
"Colombo","Colombo","Gangodavila","400","100.00"
"Colombo","Colombo","Walpola","400","100.00"
"Colombo","Colombo","Himbutana","400","100.00"
"Colombo","Colombo","Arangala","400","100.00"
"Colombo","Colombo","Thalangama Koswaththa","400","100.00"
"Colombo","Colombo","Mulleriyawa","400","100.00"
"Colombo","Colombo","pelawatta","400","100.00"
"Colombo","Colombo","Pitakotte","400","100.00"
"Colombo","Colombo","Nawala","400","100.00"
"Colombo","Colombo","Udahamulla","400","100.00"
"Colombo","Colombo","Sedawatta","400","100.00"
"Colombo","Colombo","Wijerama","400","100.00"
"Colombo","Colombo","Welikada","400","100.00"
"Colombo","Colombo","pagoda","400","100.00"
"Colombo","Colombo","Obesekarapura","400","100.00"
"Colombo","Colombo","Jambugasmulla","400","100.00"
"Colombo","Colombo","Gangodawila","400","100.00"
"Colombo","Colombo","Embuldeniya","400","100.00"
"Colombo","Colombo","Delkanda","400","100.00"
"Colombo","Colombo","Beddagana","400","100.00"
"Colombo","Colombo","Sedawatte","400","100.00"
"Colombo","Colombo","Sedawaththa","400","100.00"
"Colombo","Colombo","Kotikawtta","400","100.00"
"Colombo","Colombo","Kotikawatta","400","100.00"
"Colombo","Colombo","Kotikawaththa","400","100.00"
"Colombo","Colombo","Talangama","400","100.00"
"Colombo","Colombo","Thalangama","400","100.00"
"Colombo","Colombo","Sri Jayawardenapura Kotte","400","100.00"
"Colombo","Colombo","ambathale","400","100.00"
"Colombo","Colombo","Rajagiriya Road","400","100.00"
"Colombo","Colombo","Nugegoda Road","400","100.00"
"Colombo","Colombo","Nawala road","400","100.00"
"Colombo","Colombo","Narahenpita Road","400","100.00"
"Colombo","Colombo","Obeysekarapura","400","100.00"
"Colombo","Colombo","Buthgamuwa","400","100.00"
"Colombo","Colombo","Buthgamuwa road","400","100.00"
"Colombo","Colombo","Madinnagoda","400","100.00"
"Colombo","Colombo","Kalapaluwawa","400","100.00"
"Colombo","Colombo","Aggona","400","100.00"
"Colombo","Colombo","Kohilawatta","400","100.00"
"Colombo","Colombo","IDH","400","100.00"
"Colombo","Colombo","IDH Hospital Road","400","100.00"
"Colombo","Colombo","Udumulla Road","400","100.00"
"Colombo","Colombo","Salmal Uyana","400","100.00"
"Colombo","Colombo","Angoda Hospital Road","400","100.00"
"Colombo","Colombo","Meethotamulla","400","100.00"
"Colombo","Colombo","Salamulla","400","100.00"
"Colombo","Colombo","Thalahena","400","100.00"
"Colombo","Colombo","Wickremasinghe Pura","400","100.00"
"Colombo","Colombo","Kimbulawala","400","100.00"
"Colombo","Colombo","Thalawathugoda","400","100.00"
"Colombo","Colombo","Kalalgoda","400","100.00"
"Colombo","Colombo","Vidyala Junction","400","100.00"
"Colombo","Colombo","Horahena","400","100.00"
"Colombo","Colombo","Wijerama Junction","400","100.00"
"Colombo","Colombo","Ethul Kotte","400","100.00"
"Colombo","Colombo","Orugodawatta","400","100.00"
"Colombo","Colombo","Sri Jayawardenepura","400","100.00"
"Colombo","Colombo","Malabe","425","100.00"
"Colombo","Colombo","Navagamuwa","425","100.00"
"Colombo","Colombo","Ranala","425","100.00"
"Colombo","Gampaha","Biyagama IPZ","425","100.00"
"Colombo","Gampaha","Heiyanthuduwa","425","100.00"
"Colombo","Gampaha","Makola","425","100.00"
"Colombo","Gampaha","Malwana","425","100.00"
"Colombo","Colombo","Heyyanthuduwa","425","100.00"
"Colombo","Gampaha","Biyagama","425","100.00"
"Colombo","Colombo","Kaduwela","425","100.00"
"Colombo","Gampaha","Makola North","425","100.00"
"Colombo","Colombo","Nawagamuwa","425","100.00"
"Colombo","Colombo","Korathota","425","100.00"
"Colombo","Colombo","welivita","425","100.00"
"Colombo","Gampaha","Wanduraba","425","100.00"
"Colombo","Gampaha","Kalukondayawa","425","100.00"
"Colombo","Gampaha","Waduwegama","425","100.00"
"Colombo","Gampaha","Batalanda","425","100.00"
"Colombo","Gampaha","ahugammana","425","100.00"
"Colombo","Gampaha","Makola south","425","100.00"
"Colombo","Colombo","Sapugaskande","425","100.00"
"Colombo","Colombo","Sapugaskanda","425","100.00"
"Colombo","Colombo","Kothalawala","425","100.00"
"Colombo","Colombo","Thalahena","425","100.00"
"Colombo","Colombo","Hewagama","425","100.00"
"Colombo","Colombo","raggghawthha","425","100.00"
"Colombo","Colombo","Raggahawatta","425","100.00"
"Colombo","Colombo","Isurupura","425","100.00"
"Colombo","Colombo","new kandy road kaduwla","425","100.00"
"Colombo","Colombo","Malabe","425","100.00"
"Colombo","Colombo","athurugiriya road kaduwela","425","100.00"
"Colombo","Colombo","athurugiriya road kaduwela","425","100.00"
"Colombo","Colombo","Thalahena","425","100.00"
"Colombo","Colombo","Pittugala","425","100.00"
"Colombo","Colombo","Arangala","425","100.00"
"Colombo","Colombo","Kahanthota","425","100.00"
"Colombo","Colombo","Halbarwa","425","100.00"
"Colombo","Colombo","Thunadahena","425","100.00"
"Colombo","Colombo","Thalangama","425","100.00"
"Colombo","Colombo","Pothuarawa","425","100.00"
"Colombo","Colombo","Bomiriya","425","100.00"
"Colombo","Colombo","Korathota","425","100.00"
"Colombo","Colombo","welihinda","425","100.00"
"Colombo","Colombo","Ranala","425","100.00"
"Colombo","Colombo","Wele Handiya","425","100.00"
"Colombo","Colombo","Thunadahena","425","100.00"
"Colombo","Colombo","Welipillewa","425","100.00"
"Colombo","Colombo","Dadigamuwa","425","100.00"
"Colombo","Colombo","Biyagama","425","100.00"
"Colombo","Colombo","Malwana","425","100.00"
"Colombo","Colombo","Kottunna","425","100.00"
"Colombo","Colombo","Kalukodayawa","425","100.00"
"Colombo","Colombo","Heiyanthuduwa","425","100.00"
"Colombo","Colombo","makola","425","100.00"
"Colombo","Colombo","makola north","425","100.00"
"Colombo","Colombo","makola south","425","100.00"
"Colombo","Colombo","Mawaramandiya","425","100.00"
"Colombo","Colombo","Mabima","425","100.00"
"Colombo","Colombo","Thambiligasmulla","425","100.00"
"Colombo","Colombo","Daranagama","425","100.00"
"Colombo","Colombo","Athurugiriya","425","100.00"
"Colombo","Colombo","Godagama","425","100.00"
"Colombo","Colombo","Hiripitya","425","100.00"
"Colombo","Colombo","Kiriwattuduwa","425","100.00"
"Colombo","Colombo","Mattegoda","425","100.00"
"Colombo","Colombo","Pitipana Homagama","425","100.00"
"Colombo","Colombo","Homagama","425","100.00"
"Colombo","Colombo","Rukmale","425","100.00"
"Colombo","Colombo","Rukmale East A","425","100.00"
"Colombo","Colombo","Rukmale East B","425","100.00"
"Colombo","Colombo","Kiriwaththuduwa","425","100.00"
"Colombo","Colombo","Maththegoda","425","100.00"
"Colombo","Colombo","Panagoda","425","100.00"
"Colombo","Colombo","Uduwana","425","100.00"
"Colombo","Colombo","Malapalla","425","100.00"
"Colombo","Colombo","Malapalla West","425","100.00"
"Colombo","Colombo","Brahmanagama","425","100.00"
"Colombo","Colombo","pannipitiya","425","100.00"
"Colombo","Colombo","Oruwala","425","100.00"
"Colombo","Colombo","Kirigampamunwa","425","100.00"
"Colombo","Colombo","Magammana","425","100.00"
"Colombo","Colombo","Welipillawa","425","100.00"
"Colombo","Colombo","Pelanwaththa","425","100.00"
"Colombo","Colombo","Gorakapitiya","425","100.00"
"Colombo","Colombo","Polwaththa","425","100.00"
"Colombo","Colombo","niyadagala","425","100.00"
"Colombo","Colombo","DEDIGAMUWA","425","100.00"
"Colombo","Colombo","Habarakada","425","100.00"
"Colombo","Colombo","PITIPANA","425","100.00"
"Colombo","Colombo","Kottawa","425","100.00"
"Colombo","Colombo","Kirigampamunuwa","425","100.00"
"Colombo","Colombo","Depanama","425","100.00"
"Colombo","Colombo","Kalalgoda","425","100.00"
"Colombo","Colombo","Pore","425","100.00"
"Colombo","Colombo","Welipillewa","425","100.00"
"Colombo","Colombo","Mullegama","425","100.00"
"Colombo","Colombo","Embulgama","425","100.00"
"Colombo","Colombo","Ranala","425","100.00"
"Colombo","Colombo","Galawila Road","425","100.00"
"Colombo","Colombo","Dolahena","425","100.00"
"Colombo","Colombo","Keremulla","425","100.00"
"Colombo","Colombo","NSBM Green University","425","100.00"
"Colombo","Colombo","Makumbura","425","100.00"
"Colombo","Colombo","Galawilawatta","425","100.00"
"Colombo","Colombo","Homagama town","425","100.00"
"Colombo","Colombo","army camp panagoda","425","100.00"
"Colombo","Colombo","Poragodella","425","100.00"
"Colombo","Colombo","Siddamulla","425","100.00"
"Colombo","Colombo","Hiripitiya","425","100.00"
"Colombo","Colombo","Dolekade","425","100.00"
"Colombo","Colombo","Dipangoda","425","100.00"
"Colombo","Colombo","Beruketiya","425","100.00"
"Colombo","Colombo","kottawa town","425","100.00"
"Colombo","Colombo","Liyanagoda","425","100.00"
"Colombo","Colombo","Vidyala Junction","425","100.00"
"Colombo","Colombo","Amuatamulla","425","100.00"
"Colombo","Colombo","wasalawatta","425","100.00"
"Colombo","Colombo","Mahalwarawa","425","100.00"
"Colombo","Colombo","Moraketiya","425","100.00"
"Colombo","Colombo","Pelanwatta","425","100.00"
"Colombo","Colombo","Arawwala","425","100.00"
"Colombo","Colombo","Erewwala","425","100.00"
"Colombo","Colombo","Rathmaldeniya","425","100.00"
"Colombo","Colombo","Polkotuwa Junction","425","100.00"
"Colombo","Colombo","Egodawatta Road","425","100.00"
"Colombo","Colombo","Weralu Gas junction","425","100.00"
"Colombo","Colombo","Diyagama","425","100.00"
"Colombo","Colombo","Bellanwila","425","100.00"
"Colombo","Colombo","Boralesgamuwa","425","100.00"
"Colombo","Colombo","Deltara","425","100.00"
"Colombo","Colombo","Kahathuduwa","425","100.00"
"Colombo","Colombo","Madapatha","425","100.00"
"Colombo","Colombo","Polgasowita","425","100.00"
"Colombo","Colombo","Siddamulla","425","100.00"
"Colombo","Colombo","Maharagama","425","100.00"
"Colombo","Colombo","Delthara","425","100.00"
"Colombo","Kalutara","Halpita","425","100.00"
"Colombo","Colombo","Mampe","425","100.00"
"Colombo","Colombo","Thumbovila","425","100.00"
"Colombo","Colombo","Thelawala","425","100.00"
"Colombo","Colombo","Bokundara","425","100.00"
"Colombo","Colombo","Navinna","425","100.00"
"Colombo","Colombo","Batakeththara","425","100.00"
"Colombo","Colombo","Raththanapitya","425","100.00"
"Colombo","Colombo","Suwarapola","425","100.00"
"Colombo","Colombo","Boralasgamuwa","425","100.00"
"Colombo","Colombo","egodauyana","425","100.00"
"Colombo","Colombo","Koralawella","425","100.00"
"Colombo","Colombo","koralawalla","425","100.00"
"Colombo","Colombo","Piliyandala","425","100.00"
"Colombo","Colombo","Kesbewa","425","100.00"
"Colombo","Colombo","Kasbewa","425","100.00"
"Colombo","Colombo","Bellanvila","425","100.00"
"Colombo","Colombo","Rattanapitiya","425","100.00"
"Colombo","Colombo","Raththanapitiya","425","100.00"
"Colombo","Colombo","Nawinna","425","100.00"
"Colombo","Colombo","Pamunuwa","425","100.00"
"Colombo","Colombo","Pathiragoda","425","100.00"
"Colombo","Colombo","godigamuwa","425","100.00"
"Colombo","Colombo","Katuwawala","425","100.00"
"Colombo","Colombo","Abagahapura","425","100.00"
"Colombo","Colombo","Pepiliyana","425","100.00"
"Colombo","Colombo","Bellanvilla","425","100.00"
"Colombo","Colombo","Siyabalagoda","425","100.00"
"Colombo","Colombo","Halpita","425","100.00"
"Colombo","Colombo","Kolamunna","425","100.00"
"Colombo","Colombo","Batakattara","425","100.00"
"Colombo","Colombo","Hadigama","425","100.00"
"Colombo","Colombo","Dampe","425","100.00"
"Colombo","Colombo","Makuluduwa","425","100.00"
"Colombo","Colombo","Gorakapitiya","425","100.00"
"Colombo","Colombo","Vishwakalawa","425","100.00"
"Colombo","Colombo","Kahathuduwa","425","100.00"
"Colombo","Colombo","Piliyandala town","425","100.00"
"Colombo","Colombo","Gangabada Road","425","100.00"
"Colombo","Colombo","Bandaragama Road","425","100.00"
"Colombo","Colombo","Batuwandara","425","100.00"
"Colombo","Colombo","jaburaliya","425","100.00"
"Colombo","Colombo","kahapola","425","100.00"
"Colombo","Colombo","piliyandala- Maharagama road","425","100.00"
"Colombo","Colombo","Dehiwala road kesbewa","425","100.00"
"Colombo","Colombo","Neelammahara road kesbewa","425","100.00"
"Colombo","Colombo","Neelammahara","425","100.00"
"Colombo","Colombo","High level road","425","100.00"
"Colombo","Colombo","wattegedara road maharagama","425","100.00"
"Colombo","Colombo","Pathiragoda road maharagama","425","100.00"
"Colombo","Colombo","Pathiragoda","425","100.00"
"Colombo","Colombo","Pamunuwa road maharagama","425","100.00"
"Colombo","Colombo","pansala road maharagama","425","100.00"
"Colombo","Colombo","Kudamaduwa","425","100.00"
"Colombo","Colombo","Werahera","425","100.00"
"Colombo","Colombo","Kohuwala","425","100.00"
"Colombo","Colombo","Dehiwala","425","100.00"
"Colombo","Colombo","Kohuwela","425","100.00"
"Colombo","Colombo","Aththidiya","425","100.00"
"Colombo","Colombo","Kawdana","425","100.00"
"Colombo","Colombo","Galkissa","425","100.00"
"Colombo","Colombo","Mountlavinia","425","100.00"
"Colombo","Colombo","Nedimala","425","100.00"
"Colombo","Colombo","Attidiya","425","100.00"
"Colombo","Colombo","Mt lavinia","425","100.00"
"Colombo","Colombo","Bellanthota","425","100.00"
"Colombo","Colombo","Mount Lavinia","425","100.00"
"Colombo","Colombo","badovita","425","100.00"
"Colombo","Colombo","Pepiliyana","425","100.00"
"Colombo","Colombo","kaudana","425","100.00"
"Colombo","Colombo","KALUBOWILA","425","100.00"
"Colombo","Colombo","hill street","425","100.00"
"Colombo","Colombo","galle road dehiwala","425","100.00"
"Colombo","Colombo","galvihara road","425","100.00"
"Colombo","Colombo","dehiwala station","425","100.00"
"Colombo","Colombo","wanarathana road","425","100.00"
"Colombo","Colombo","waiddya road","425","100.00"
"Colombo","Colombo","bellanthara junction","425","100.00"
"Colombo","Colombo","zoo road","425","100.00"
"Colombo","Colombo","quarry road","425","100.00"
"Colombo","Colombo","temples  road dehiwala","425","100.00"
"Colombo","Colombo","sumanarama road dehiwala","425","100.00"
"Colombo","Colombo","vijaya road dehiwala","425","100.00"
"Colombo","Colombo","huludagoda","425","100.00"
"Colombo","Colombo","de seram roda dehiwala","425","100.00"
"Colombo","Colombo","samudarshana roda dehiwala","425","100.00"
"Colombo","Colombo","watarappola","425","100.00"
"Colombo","Colombo","badovita","425","100.00"
"Colombo","Colombo","teranase road dehiwala","425","100.00"
"Colombo","Colombo","silveter road dehiwala","425","100.00"
"Colombo","Colombo","galle road dehiwala","425","100.00"
"Colombo","Colombo","rathnawali road dehiwala","425","100.00"
"Colombo","Colombo","piris road dehiwala","425","100.00"
"Colombo","Colombo","saranankara road dehiwala","425","100.00"
"Colombo","Colombo","prathibimbarama road dehiwala","425","100.00"
"Colombo","Colombo","jayasamagi mawatha","425","100.00"
"Colombo","Colombo","hospital road dehiwala","425","100.00"
"Colombo","Colombo","school avenu dehialwa","425","100.00"
"Colombo","Colombo","andreson road dehiwala","425","100.00"
"Colombo","Colombo","bathiya mawatha dehiwala","425","100.00"
"Colombo","Colombo","peters lane dehiwala","425","100.00"
"Colombo","Colombo","wikramarathna avenu dehiwala","425","100.00"
"Colombo","Colombo","dutugemunu street dehiwala","425","100.00"
"Colombo","Colombo","sunethradevi road dehiwala","425","100.00"
"Colombo","Colombo","woodland avenu dehiwala","425","100.00"
"Colombo","Colombo","mudali road dehiwala","425","100.00"
"Colombo","Colombo","vijayamangalarama road dehiwala","425","100.00"
"Colombo","Colombo","Ratmalana","425","100.00"
"Colombo","Colombo","Rathmalana","425","100.00"
"Colombo","Colombo","moratuwa","425","100.00"
"Colombo","Colombo","egoda uyana","425","100.00"
"Colombo","Colombo","katubadda","425","100.00"
"Colombo","Colombo","Lunawa","425","100.00"
"Colombo","Colombo","Borupana","425","100.00"
"Colombo","Colombo","Golumadama Junction","425","100.00"
"Colombo","Colombo","Soysapura","425","100.00"
"Colombo","Colombo","Kaldemulla","425","100.00"
"Colombo","Colombo","Angulana","425","100.00"
"Colombo","Colombo","Lakshapathiya","425","100.00"
"Colombo","Colombo","Katubedda","425","100.00"
"Colombo","Colombo","Molpe","425","100.00"
"Colombo","Colombo","Moratumulla","425","100.00"
"Colombo","Colombo","Rawathawaththa","425","100.00"
"Colombo","Colombo","Idama","425","100.00"
"Colombo","Colombo","WILLORAWATHTHA","425","100.00"
"Colombo","Colombo","Modara moratruwa","425","100.00"
"Colombo","Colombo","Egodauyana","425","100.00"
"Colombo","Colombo","Katukurunda","425","100.00"
"Colombo","Colombo","Moratuwella","425","100.00"
"Colombo","Colombo","Thelawala","425","100.00"
"Colombo","Colombo","IDIBADDA","425","100.00"
"Colombo","Colombo","Pirivena rd","425","100.00"
"Colombo","Colombo","Hena rd","425","100.00"
"Colombo","Colombo","St.Marys Rd","425","100.00"
"Colombo","Colombo","St.Ritas rd","425","100.00"
"Colombo","Colombo","Ratmalana Beach Rd","425","100.00"
"Colombo","Colombo","Belekkade","425","100.00"
"Colombo","Colombo","Maliban Junction","425","100.00"
"Colombo","Colombo","Angoda","400","100.00"
"Colombo","Colombo","Rajagiriya","400","100.00"
"Colombo","Colombo","Nugegoda","400","100.00"
"Colombo","Colombo","Thalawathugoda","400","100.00"
"Colombo","Colombo","Kolonnawa","400","100.00"
"Colombo","Gampaha","Alawala","450","100.00"
"Colombo","Gampaha","Ambagaspitiya","450","100.00"
"Colombo","Gampaha","Balabowa","450","100.00"
"Colombo","Gampaha","Bemmulla","450","100.00"
"Colombo","Gampaha","Bollete","450","100.00"
"Colombo","Gampaha","Bopagama","450","100.00"
"Colombo","Gampaha","Buthpitiya","450","100.00"
"Colombo","Gampaha","Essella","450","100.00"
"Colombo","Gampaha","Kahatowita","450","100.00"
"Colombo","Gampaha","Kalagedihena","450","100.00"
"Colombo","Gampaha","Mudungoda","450","100.00"
"Colombo","Gampaha","Nedungamuwa","450","100.00"
"Colombo","Gampaha","Nikahetikanda","450","100.00"
"Colombo","Gampaha","Nittambuwa","450","100.00"
"Colombo","Gampaha","Ruggahawila","450","100.00"
"Colombo","Gampaha","Udathuthiripitiya","450","100.00"
"Colombo","Gampaha","Veyangoda","450","100.00"
"Colombo","Gampaha","Wathurugama","450","100.00"
"Colombo","Gampaha","Yakkala","450","100.00"
"Colombo","Gampaha","Attanagalla","450","100.00"
"Colombo","Gampaha","Gampaha","450","100.00"
"Colombo","Gampaha","Kahathowita","450","100.00"
"Colombo","Gampaha","Oruthota","450","100.00"
"Colombo","Gampaha","Horagolla","450","100.00"
"Colombo","Gampaha","Yagoda","450","100.00"
"Colombo","Gampaha","Maryland","450","100.00"
"Colombo","Gampaha","Malwathu hiripitiya","450","100.00"
"Colombo","Gampaha","Thihariya","450","100.00"
"Colombo","Gampaha","Udugampala","450","100.00"
"Colombo","Gampaha","Aluthepola","450","100.00"
"Colombo","Gampaha","Wathupitiwala","450","100.00"
"Colombo","Gampaha","Kinigama","450","100.00"
"Colombo","Gampaha","Bulugahagoda","450","100.00"
"Colombo","Gampaha","Galahitiyawa","450","100.00"
"Colombo","Gampaha","Belummahara","450","100.00"
"Colombo","Gampaha","Neelamahara","450","100.00"
"Colombo","Gampaha","Uruwala","450","100.00"
"Colombo","Gampaha","Imbula","450","100.00"
"Colombo","Gampaha","Batepola","450","100.00"
"Colombo","Gampaha","Happitiya","450","100.00"
"Colombo","Gampaha","Rathupaswala","450","100.00"
"Colombo","Gampaha","Kirikiththa","450","100.00"
"Colombo","Gampaha","Udugoda","450","100.00"
"Colombo","Gampaha","Welikadamulla","450","100.00"
"Colombo","Gampaha","Pilikuttuwa","450","100.00"
"Colombo","Gampaha","Godagedara","450","100.00"
"Colombo","Gampaha","Aththanagalla","450","100.00"
"Colombo","Gampaha","Aramangoda","450","100.00"
"Colombo","Gampaha","Yonganmulla","450","100.00"
"Colombo","Gampaha","Embaraluwa","450","100.00"
"Colombo","Gampaha","Asgiriya","450","100.00"
"Colombo","Gampaha","Aiwalaessalla","450","100.00"
"Colombo","Gampaha","katugasthara","450","100.00"
"Colombo","Gampaha","Debahara","450","100.00"
"Colombo","Gampaha","akarawita","450","100.00"
"Colombo","Gampaha","Udathuttiripitiya","450","100.00"
"Colombo","Gampaha","Udatuttiripitiya","450","100.00"
"Colombo","Ratnapura","Henegama","450","100.00"
"Colombo","Gampaha","Daraluwa gampaha","450","100.00"
"Colombo","Gampaha","Rathmalavita","450","100.00"
"Colombo","Gampaha","waliveriya","450","100.00"
"Colombo","Gampaha","Weliweriya","450","100.00"
"Colombo","Gampaha","Gampaha town","450","100.00"
"Colombo","Gampaha","Amuhena","450","100.00"
"Colombo","Gampaha","Kirindiwita","450","100.00"
"Colombo","Gampaha","Thiriwanegama","450","100.00"
"Colombo","Gampaha","Sapugasthenna","450","100.00"
"Colombo","Gampaha","Bogamuwa","450","100.00"
"Colombo","Gampaha","Thiththalapitigoda","450","100.00"
"Colombo","Gampaha","Mahavita","450","100.00"
"Colombo","Gampaha","Werallawatta","450","100.00"
"Colombo","Gampaha","Koskadawala","450","100.00"
"Colombo","Gampaha","Gorakadeniya","450","100.00"
"Colombo","Gampaha","Kannimahara","450","100.00"
"Colombo","Gampaha","Henpitamulla","450","100.00"
"Colombo","Gampaha","Weeragula","450","100.00"
"Colombo","Gampaha","Pituwalgoda","450","100.00"
"Colombo","Gampaha","Ambagahalanda watta","450","100.00"
"Colombo","Gampaha","Indigolla","450","100.00"
"Colombo","Gampaha","Morupola","450","100.00"
"Colombo","Gampaha","Gampaha Aluthgama","450","100.00"
"Colombo","Gampaha","Ihalagama","450","100.00"
"Colombo","Gampaha","Bandarwatta","450","100.00"
"Colombo","Gampaha","Kidagammulla","450","100.00"
"Colombo","Gampaha","Bandiyamulla","450","100.00"
"Colombo","Gampaha","Bulath Kade Junction","450","100.00"
"Colombo","Gampaha","Sandagiriwatta","450","100.00"
"Colombo","Gampaha","Wathumulla","450","100.00"
"Colombo","Gampaha","Ihalayagoda","450","100.00"
"Colombo","Gampaha","Akarawita","450","100.00"
"Colombo","Gampaha","Kiridiwita","450","100.00"
"Colombo","Gampaha","Makilangamuwa","450","100.00"
"Colombo","Gampaha","Ganemulla","450","100.00"
"Colombo","Gampaha","Kudabollatha","450","100.00"
"Colombo","Gampaha","Kaluwala para","450","100.00"
"Colombo","Gampaha","Kossinna","450","100.00"
"Colombo","Gampaha","Kandaliyadda Paluwa","450","100.00"
"Colombo","Gampaha","Welipillawa","450","100.00"
"Colombo","Gampaha","Katuwalamulla","450","100.00"
"Colombo","Gampaha","Korasa","450","100.00"
"Colombo","Gampaha","Pedipola","450","100.00"
"Colombo","Gampaha","Udugampola","450","100.00"
"Colombo","Gampaha","Weediyawatta","450","100.00"
"Colombo","Gampaha","Dombawala","450","100.00"
"Colombo","Gampaha","Miriswatta","450","100.00"
"Colombo","Gampaha","Pilikuththuwa","450","100.00"
"Colombo","Gampaha","Maligathenne","450","100.00"
"Colombo","Gampaha","Malwathuhiripitiya","450","100.00"
"Colombo","Gampaha","Nadungamuwa","450","100.00"
"Colombo","Gampaha","Malkale","450","100.00"
"Colombo","Gampaha","Atikehelgalla","450","100.00"
"Colombo","Gampaha","Galoluwa","450","100.00"
"Colombo","Gampaha","Maaharagama","450","100.00"
"Colombo","Gampaha","Balummahara","450","100.00"
"Colombo","Gampaha","Malwatta","450","100.00"
"Colombo","Gampaha","Ranpokunagama","450","100.00"
"Colombo","Gampaha","BEHETHWATTA","450","100.00"
"Colombo","Gampaha","Maimbula","450","100.00"
"Colombo","Gampaha","Haggalla","450","100.00"
"Colombo","Gampaha","Karasnagala","450","100.00"
"Colombo","Gampaha","Athaudakanda","450","100.00"
"Colombo","Gampaha","Sapugasthanna","450","100.00"
"Colombo","Gampaha","Madakotuwa","450","100.00"
"Colombo","Gampaha","Kurawalana","450","100.00"
"Colombo","Gampaha","Mathalana","450","100.00"
"Colombo","Gampaha","Dadagamuwa","450","100.00"
"Colombo","Gampaha","Paththalagedara","450","100.00"
"Colombo","Gampaha","Udammita","450","100.00"
"Colombo","Gampaha","Kumbaloluwa","450","100.00"
"Colombo","Gampaha","Wadurawa","450","100.00"
"Colombo","Gampaha","Maligatenna","450","100.00"
"Colombo","Gampaha","Kureekotuwa","450","100.00"
"Colombo","Gampaha","Muddaragama","450","100.00"
"Colombo","Gampaha","Uthuwam bogahawatta","450","100.00"
"Colombo","Gampaha","Paramulla Road","450","100.00"
"Colombo","Gampaha","Pattigoda","450","100.00"
"Colombo","Gampaha","Eluwapitiya","450","100.00"
"Colombo","Gampaha","Naiwala","450","100.00"
"Colombo","Gampaha","Magalegoda","450","100.00"
"Colombo","Gampaha","Doranagoda","450","100.00"
"Colombo","Gampaha","Yatagama","450","100.00"
"Colombo","Gampaha","Kopiwatta","450","100.00"
"Colombo","Gampaha","Kotagedara","450","100.00"
"Colombo","Gampaha","Ellangala","450","100.00"
"Colombo","Gampaha","Japalawatta","450","100.00"
"Colombo","Gampaha","Heenatiyana","450","100.00"
"Colombo","Gampaha","Burullapitiya","450","100.00"
"Colombo","Gampaha","Hendimahara","450","100.00"
"Colombo","Gampaha","Udugampala","450","100.00"
"Colombo","Gampaha","Udugampola","450","100.00"
"Colombo","Badulla","Nadungamuwa","450","100.00"
"Colombo","Gampaha","wataddara","450","100.00"
"Colombo","Gampaha","Henegama","450","100.00"
"Colombo","Gampaha","Uduthuththiripitiya","450","100.00"
"Colombo","Gampaha","warapalana","450","100.00"
"Colombo","Gampaha","Alawala","450","100.00"
"Colombo","Gampaha","Ambagaspitiya","450","100.00"
"Colombo","Gampaha","Balabowa","450","100.00"
"Colombo","Gampaha","Bemmulla","450","100.00"
"Colombo","Gampaha","Bollete","450","100.00"
"Colombo","Gampaha","Bopagama","450","100.00"
"Colombo","Gampaha","Buthpitiya","450","100.00"
"Colombo","Gampaha","Essella","450","100.00"
"Colombo","Gampaha","Kahatowita","450","100.00"
"Colombo","Gampaha","Kalagedihena","450","100.00"
"Colombo","Gampaha","Mudungoda","450","100.00"
"Colombo","Gampaha","Nedungamuwa","450","100.00"
"Colombo","Gampaha","Nikahetikanda","450","100.00"
"Colombo","Gampaha","Nittambuwa","450","100.00"
"Colombo","Gampaha","Ruggahawila","450","100.00"
"Colombo","Gampaha","Udathuthiripitiya","450","100.00"
"Colombo","Gampaha","Veyangoda","450","100.00"
"Colombo","Gampaha","Wathurugama","450","100.00"
"Colombo","Gampaha","Weliveriya","450","100.00"
"Colombo","Gampaha","Yakkala","450","100.00"
"Colombo","Gampaha","Attanagalla","450","100.00"
"Colombo","Gampaha","Gampaha","450","100.00"
"Colombo","Gampaha","Kahathowita","450","100.00"
"Colombo","Gampaha","Oruthota","450","100.00"
"Colombo","Gampaha","Horagolla","450","100.00"
"Colombo","Gampaha","Yagoda","450","100.00"
"Colombo","Gampaha","Maryland","450","100.00"
"Colombo","Gampaha","Malwathu hiripitiya","450","100.00"
"Colombo","Gampaha","Thihariya","450","100.00"
"Colombo","Gampaha","Aluthepola","450","100.00"
"Colombo","Gampaha","Wathupitiwala","450","100.00"
"Colombo","Gampaha","Kinigama","450","100.00"
"Colombo","Gampaha","Bulugahagoda","450","100.00"
"Colombo","Gampaha","Galahitiyawa","450","100.00"
"Colombo","Gampaha","Belummahara","450","100.00"
"Colombo","Gampaha","Neelamahara","450","100.00"
"Colombo","Gampaha","Uruwala","450","100.00"
"Colombo","Gampaha","Imbula","450","100.00"
"Colombo","Gampaha","Batepola","450","100.00"
"Colombo","Gampaha","Happitiya","450","100.00"
"Colombo","Gampaha","Rathupaswala","450","100.00"
"Colombo","Gampaha","Kirikiththa","450","100.00"
"Colombo","Gampaha","Udugoda","450","100.00"
"Colombo","Gampaha","Welikadamulla","450","100.00"
"Colombo","Gampaha","Pilikuttuwa","450","100.00"
"Colombo","Gampaha","Godagedara","450","100.00"
"Colombo","Gampaha","Aththanagalla","450","100.00"
"Colombo","Gampaha","Aramangoda","450","100.00"
"Colombo","Gampaha","Yonganmulla","450","100.00"
"Colombo","Gampaha","Embaraluwa","450","100.00"
"Colombo","Gampaha","Asgiriya","450","100.00"
"Colombo","Gampaha","Aiwalaessalla","450","100.00"
"Colombo","Gampaha","katugasthara","450","100.00"
"Colombo","Gampaha","Debahara","450","100.00"
"Colombo","Gampaha","Udathuttiripitiya","450","100.00"
"Colombo","Gampaha","Udatuttiripitiya","450","100.00"
"Colombo","Gampaha","Daraluwa gampaha","450","100.00"
"Colombo","Gampaha","Rathmalavita","450","100.00"
"Colombo","Gampaha","waliveriya","450","100.00"
"Colombo","Gampaha","Weliweriya","450","100.00"
"Colombo","Gampaha","Gampaha town","450","100.00"
"Colombo","Gampaha","Amuhena","450","100.00"
"Colombo","Gampaha","Kirindiwita","450","100.00"
"Colombo","Gampaha","Thiriwanegama","450","100.00"
"Colombo","Gampaha","Sapugasthenna","450","100.00"
"Colombo","Gampaha","Bogamuwa","450","100.00"
"Colombo","Gampaha","Thiththalapitigoda","450","100.00"
"Colombo","Gampaha","Mahavita","450","100.00"
"Colombo","Gampaha","Werallawatta","450","100.00"
"Colombo","Gampaha","Koskadawala","450","100.00"
"Colombo","Gampaha","Gorakadeniya","450","100.00"
"Colombo","Gampaha","Kannimahara","450","100.00"
"Colombo","Gampaha","Henpitamulla","450","100.00"
"Colombo","Gampaha","Weeragula","450","100.00"
"Colombo","Gampaha","Pituwalgoda","450","100.00"
"Colombo","Gampaha","Ambagahalanda watta","450","100.00"
"Colombo","Gampaha","Indigolla","450","100.00"
"Colombo","Gampaha","Morupola","450","100.00"
"Colombo","Gampaha","Gampaha Aluthgama","450","100.00"
"Colombo","Gampaha","Ihalagama","450","100.00"
"Colombo","Gampaha","Bandarwatta","450","100.00"
"Colombo","Gampaha","Kidagammulla","450","100.00"
"Colombo","Gampaha","Bandiyamulla","450","100.00"
"Colombo","Gampaha","Bulath Kade Junction","450","100.00"
"Colombo","Gampaha","Sandagiriwatta","450","100.00"
"Colombo","Gampaha","Wathumulla","450","100.00"
"Colombo","Gampaha","Ihalayagoda","450","100.00"
"Colombo","Gampaha","Akarawita","450","100.00"
"Colombo","Gampaha","Kiridiwita","450","100.00"
"Colombo","Gampaha","Makilangamuwa","450","100.00"
"Colombo","Gampaha","Ganemulla","450","100.00"
"Colombo","Gampaha","Kudabollatha","450","100.00"
"Colombo","Gampaha","Kaluwala para","450","100.00"
"Colombo","Gampaha","Kossinna","450","100.00"
"Colombo","Gampaha","Kandaliyadda Paluwa","450","100.00"
"Colombo","Gampaha","Welipillawa","450","100.00"
"Colombo","Gampaha","Katuwalamulla","450","100.00"
"Colombo","Gampaha","Korasa","450","100.00"
"Colombo","Gampaha","Pedipola","450","100.00"
"Colombo","Gampaha","Weediyawatta","450","100.00"
"Colombo","Gampaha","Dombawala","450","100.00"
"Colombo","Gampaha","Miriswatta","450","100.00"
"Colombo","Gampaha","Pilikuththuwa","450","100.00"
"Colombo","Gampaha","Maligathenne","450","100.00"
"Colombo","Gampaha","Malwathuhiripitiya","450","100.00"
"Colombo","Gampaha","Nadungamuwa","450","100.00"
"Colombo","Gampaha","Malkale","450","100.00"
"Colombo","Gampaha","Atikehelgalla","450","100.00"
"Colombo","Gampaha","Naranwala","450","100.00"
"Colombo","Gampaha","Galoluwa","450","100.00"
"Colombo","Gampaha","Maaharagama","450","100.00"
"Colombo","Gampaha","Balummahara","450","100.00"
"Colombo","Gampaha","Malwatta","450","100.00"
"Colombo","Gampaha","Ranpokunagama","450","100.00"
"Colombo","Gampaha","BEHETHWATTA","450","100.00"
"Colombo","Gampaha","Maimbula","450","100.00"
"Colombo","Gampaha","Haggalla","450","100.00"
"Colombo","Gampaha","Karasnagala","450","100.00"
"Colombo","Gampaha","Athaudakanda","450","100.00"
"Colombo","Gampaha","Sapugasthanna","450","100.00"
"Colombo","Gampaha","Madakotuwa","450","100.00"
"Colombo","Gampaha","Kurawalana","450","100.00"
"Colombo","Gampaha","Mathalana","450","100.00"
"Colombo","Gampaha","Dadagamuwa","450","100.00"
"Colombo","Gampaha","Paththalagedara","450","100.00"
"Colombo","Gampaha","Udammita","450","100.00"
"Colombo","Gampaha","Kumbaloluwa","450","100.00"
"Colombo","Gampaha","Wadurawa","450","100.00"
"Colombo","Gampaha","Maligatenna","450","100.00"
"Colombo","Gampaha","Kureekotuwa","450","100.00"
"Colombo","Gampaha","Muddaragama","450","100.00"
"Colombo","Gampaha","Uthuwam bogahawatta","450","100.00"
"Colombo","Gampaha","Paramulla Road","450","100.00"
"Colombo","Gampaha","Pattigoda","450","100.00"
"Colombo","Gampaha","Eluwapitiya","450","100.00"
"Colombo","Gampaha","Naiwala","450","100.00"
"Colombo","Gampaha","Magalegoda","450","100.00"
"Colombo","Gampaha","Doranagoda","450","100.00"
"Colombo","Gampaha","Yatagama","450","100.00"
"Colombo","Gampaha","Kopiwatta","450","100.00"
"Colombo","Gampaha","Kotagedara","450","100.00"
"Colombo","Gampaha","Ellangala","450","100.00"
"Colombo","Gampaha","Japalawatta","450","100.00"
"Colombo","Gampaha","Heenatiyana","450","100.00"
"Colombo","Gampaha","Burullapitiya","450","100.00"
"Colombo","Gampaha","Hendimahara","450","100.00"
"Colombo","Kurunegala","Ambakote","450","100.00"
"Colombo","Kurunegala","Anhandiya","450","100.00"
"Colombo","Kurunegala","Aragoda","450","100.00"
"Colombo","Kurunegala","Boyagane","450","100.00"
"Colombo","Kurunegala","Delwite","450","100.00"
"Colombo","Kurunegala","Doratiyawa","450","100.00"
"Colombo","Kurunegala","Gokaralla","450","100.00"
"Colombo","Kurunegala","Hindagolla","450","100.00"
"Colombo","Kurunegala","Hiriyala Lenawa","450","100.00"
"Colombo","Kurunegala","Hunupola","450","100.00"
"Colombo","Kurunegala","Indulgodakanda","450","100.00"
"Colombo","Kurunegala","Ithanawatta","450","100.00"
"Colombo","Kurunegala","Kanadeniyawala","450","100.00"
"Colombo","Kurunegala","Kimbulwanaoya","450","100.00"
"Colombo","Kurunegala","Kohilagedara","450","100.00"
"Colombo","Kurunegala","Kosgolla","450","100.00"
"Colombo","Kurunegala","Kudagalgamuwa","450","100.00"
"Colombo","Kurunegala","Kumbukgeta","450","100.00"
"Colombo","Kurunegala","lbbagamuwa","450","100.00"
"Colombo","Kurunegala","Maduragoda","450","100.00"
"Colombo","Kurunegala","Mahamukalanyaya","450","100.00"
"Colombo","Kurunegala","Makulpotha","450","100.00"
"Colombo","Kurunegala","Makulwewa","450","100.00"
"Colombo","Kurunegala","Medivawa","450","100.00"
"Colombo","Kurunegala","Minhettiya","450","100.00"
"Colombo","Kurunegala","Morathiha","450","100.00"
"Colombo","Kurunegala","Nelliya","450","100.00"
"Colombo","Kurunegala","Nikadalupotha","450","100.00"
"Colombo","Kurunegala","Panaliya","450","100.00"
"Colombo","Kurunegala","Periyakadneluwa","450","100.00"
"Colombo","Kurunegala","Pothuhera","450","100.00"
"Colombo","Kurunegala","Puswelitenna","450","100.00"
"Colombo","Kurunegala","Ridigama","450","100.00"
"Colombo","Kurunegala","Siyambalangamuwa","450","100.00"
"Colombo","Kurunegala","Talawattegedara","450","100.00"
"Colombo","Kurunegala","Thalwita","450","100.00"
"Colombo","Kurunegala","Torayaya","450","100.00"
"Colombo","Kurunegala","Uhumiya","450","100.00"
"Colombo","Kurunegala","Wadakada","450","100.00"
"Colombo","Kurunegala","Wannigama","450","100.00"
"Colombo","Kurunegala","Wellagala","450","100.00"
"Colombo","Kegalle","Damunupola","450","100.00"
"Colombo","Kegalle","Dombemada","450","100.00"
"Colombo","Kurunegala","Ganewatta","450","100.00"
"Colombo","Kurunegala","Kurunegala","450","100.00"
"Colombo","Kurunegala","Mallawapitiya","450","100.00"
"Colombo","Kurunegala","Maspotha","450","100.00"
"Colombo","Puttalam","Panduwasnuwara East","450","100.00"
"Colombo","Puttalam","Panduwasnuwara West","450","100.00"
"Colombo","Puttalam","Rasnayakapura","450","100.00"
"Colombo","Kurunegala","kurunagala","450","100.00"
"Colombo","Kurunegala","Demathaluwa","450","100.00"
"Colombo","Kurunegala","Ganewaththa","450","100.00"
"Colombo","Kurunegala","Inguruwaththa","450","100.00"
"Colombo","Kurunegala","Ithanawaththa","450","100.00"
"Colombo","Kurunegala","Meethanwala","450","100.00"
"Colombo","Kurunegala","Galkanda","450","100.00"
"Colombo","Kurunegala","Karadagolla","450","100.00"
"Colombo","Kurunegala","Amunugama","450","100.00"
"Colombo","Kurunegala","Humbuluwa","450","100.00"
"Colombo","Kurunegala","Wehera West","450","100.00"
"Colombo","Kurunegala","Wilgoda","450","100.00"
"Colombo","Kurunegala","Pothubowa","450","100.00"
"Colombo","Kurunegala","Gonna","450","100.00"
"Colombo","Kurunegala","Katupitiya","450","100.00"
"Colombo","Kurunegala","Bewilgamuwa","450","100.00"
"Colombo","Kurunegala","Badagamuwa","450","100.00"
"Colombo","Kurunegala","Rathgalla","450","100.00"
"Colombo","Kurunegala","Mawaththa","450","100.00"
"Colombo","Kurunegala","Jayakaduwa","450","100.00"
"Colombo","Kurunegala","Kadawara","450","100.00"
"Colombo","Kurunegala","Thoranegedara","450","100.00"
"Colombo","Kurunegala","Bandawa","450","100.00"
"Colombo","Kurunegala","Pallandeniya","450","100.00"
"Colombo","Kurunegala","Udamulla","450","100.00"
"Colombo","Kurunegala","Handapanwala","450","100.00"
"Colombo","Kurunegala","Thiththawella","450","100.00"
"Colombo","Kurunegala","Hiripitiya","450","100.00"
"Colombo","Kurunegala","Aswedduma","450","100.00"
"Colombo","Kurunegala","Kadawala","450","100.00"
"Colombo","Kurunegala","malkaduwawa","450","100.00"
"Colombo","Kurunegala","wauda","450","100.00"
"Colombo","Kurunegala","panduwasnuwara","450","100.00"
"Colombo","Kurunegala","Pilassa","450","100.00"
"Colombo","Kurunegala","GONAGAMA","450","100.00"
"Colombo","Kurunegala","THORAYAYA","450","100.00"
"Colombo","Kurunegala","KIRALABOKKA","450","100.00"
"Colombo","Kurunegala","Siyambalagamuwa","450","100.00"
"Colombo","Kurunegala","Kurunegala town","450","100.00"
"Colombo","Kurunegala","kudagalagamuwa","450","100.00"
"Colombo","Kurunegala","Malpitiya","450","100.00"
"Colombo","Kurunegala","Heraliyawela","450","100.00"
"Colombo","Kurunegala","Meepitiya","450","100.00"
"Colombo","Kurunegala","Alakoladeniya","450","100.00"
"Colombo","Kurunegala","ranjanagama","450","100.00"
"Colombo","Kurunegala","bamunuwala","450","100.00"
"Colombo","Kurunegala","yanthampalawa","450","100.00"
"Colombo","Kurunegala","Henemulla","450","100.00"
"Colombo","Kurunegala","Henamulla","450","100.00"
"Colombo","Kurunegala","Kiriwaula","450","100.00"
"Colombo","Kurunegala","millawa","450","100.00"
"Colombo","Kurunegala","Yaggapitiya","450","100.00"
"Colombo","Kurunegala","Kurunegala Town kurunegala","450","100.00"
"Colombo","Kurunegala","Puttalama Road kurunegala","450","100.00"
"Colombo","Kurunegala","Negombo Road kurunegala","450","100.00"
"Colombo","Kurunegala","Colombo Road kurunegala","450","100.00"
"Colombo","Kurunegala","Dambulla Road kurunegala","450","100.00"
"Colombo","Kurunegala","Kandy Road kurunegala","450","100.00"
"Colombo","Kurunegala","Wilgoda Road kurunegala","450","100.00"
"Colombo","Kurunegala","Udawalpola","450","100.00"
"Colombo","Kurunegala","Iluppugedara","450","100.00"
"Colombo","Kurunegala","Angangala","450","100.00"
"Colombo","Kurunegala","Pollaththapitiya","450","100.00"
"Colombo","Kurunegala","Welagedara","450","100.00"
"Colombo","Kurunegala","Ranavirugama","450","100.00"
"Colombo","Kurunegala","Kirindigalla","450","100.00"
"Colombo","Kurunegala","Kumbukgete","450","100.00"
"Colombo","Kurunegala","Nelawa","450","100.00"
"Colombo","Kurunegala","Doraweruwa","450","100.00"
"Colombo","Kurunegala","Dagama","450","100.00"
"Colombo","Kurunegala","Ponnilama","450","100.00"
"Colombo","Kurunegala","Kattamberiya","450","100.00"
"Colombo","Kurunegala","Walagambapura","450","100.00"
"Colombo","Kurunegala","Mehiella","450","100.00"
"Colombo","Kurunegala","Uyandana","450","100.00"
"Colombo","Kurunegala","Barandana","450","100.00"
"Colombo","Kurunegala","Kavisigamuwa","450","100.00"
"Colombo","Kurunegala","Lihiniwehera","450","100.00"
"Colombo","Kurunegala","Delvita","450","100.00"
"Colombo","Kurunegala","Diddeniya","450","100.00"
"Colombo","Kurunegala","Muththettugala","450","100.00"
"Colombo","Kurunegala","Kadirawalana","450","100.00"
"Colombo","Kurunegala","Waraddana","450","100.00"
"Colombo","Kurunegala","Hiriyala","450","100.00"
"Colombo","Kurunegala","Piyungalla","450","100.00"
"Colombo","Kurunegala","Thambagalla","450","100.00"
"Colombo","Kurunegala","Bamunawala","450","100.00"
"Colombo","Kurunegala","Aluth Malkaduwawa","450","100.00"
"Colombo","Kurunegala","Gepallawa","450","100.00"
"Colombo","Kurunegala","PIDURUWELLA","450","100.00"
"Colombo","Kurunegala","Uhumeeya","450","100.00"
"Colombo","Kurunegala","Kottagas handiya","450","100.00"
"Colombo","Kurunegala","Bulupitiya","450","100.00"
"Colombo","Kurunegala","Heraliyawala","450","100.00"
"Colombo","Kurunegala","Wewagedara","450","100.00"
"Colombo","Kurunegala","Bamunugedara","450","100.00"
"Colombo","Kurunegala","Saragama","450","100.00"
"Colombo","Kurunegala","Pellandeniya","450","100.00"
"Colombo","Kurunegala","Hanhamunawa","450","100.00"
"Colombo","Kurunegala","Mirihampitiya","450","100.00"
"Colombo","Kurunegala","Demataluwa","450","100.00"
"Colombo","Kurunegala","Theliyagonna","450","100.00"
"Colombo","Kurunegala","Idulgoda kanda","450","100.00"
"Colombo","Kurunegala","Barandana Road","450","100.00"
"Colombo","Kurunegala","Inguruwatta","450","100.00"
"Colombo","Kurunegala","Dambokka","450","100.00"
"Colombo","Kurunegala","Bulugolla","450","100.00"
"Colombo","Kurunegala","Wehera","450","100.00"
"Colombo","Kurunegala","Vilbawa","450","100.00"
"Colombo","Kurunegala","Ambakote","450","100.00"
"Colombo","Kurunegala","Anhandiya","450","100.00"
"Colombo","Kurunegala","Aragoda","450","100.00"
"Colombo","Kurunegala","Boyagane","450","100.00"
"Colombo","Kurunegala","Delwite","450","100.00"
"Colombo","Kurunegala","Doratiyawa","450","100.00"
"Colombo","Kurunegala","Gokaralla","450","100.00"
"Colombo","Kurunegala","Hindagolla","450","100.00"
"Colombo","Kurunegala","Hiriyala Lenawa","450","100.00"
"Colombo","Kurunegala","Hunupola","450","100.00"
"Colombo","Kurunegala","Indulgodakanda","450","100.00"
"Colombo","Kurunegala","Ithanawatta","450","100.00"
"Colombo","Kurunegala","Kanadeniyawala","450","100.00"
"Colombo","Kurunegala","Kimbulwanaoya","450","100.00"
"Colombo","Kurunegala","Kohilagedara","450","100.00"
"Colombo","Kurunegala","Kosgolla","450","100.00"
"Colombo","Kurunegala","Kudagalgamuwa","450","100.00"
"Colombo","Kurunegala","Kumbukgeta","450","100.00"
"Colombo","Kurunegala","lbbagamuwa","450","100.00"
"Colombo","Kurunegala","Maduragoda","450","100.00"
"Colombo","Kurunegala","Mahamukalanyaya","450","100.00"
"Colombo","Kurunegala","Makulpotha","450","100.00"
"Colombo","Kurunegala","Makulwewa","450","100.00"
"Colombo","Kurunegala","Medivawa","450","100.00"
"Colombo","Kurunegala","Minhettiya","450","100.00"
"Colombo","Kurunegala","Morathiha","450","100.00"
"Colombo","Kurunegala","Nelliya","450","100.00"
"Colombo","Kurunegala","Nikadalupotha","450","100.00"
"Colombo","Kurunegala","Panaliya","450","100.00"
"Colombo","Kurunegala","Periyakadneluwa","450","100.00"
"Colombo","Kurunegala","Pothuhera","450","100.00"
"Colombo","Kurunegala","Puswelitenna","450","100.00"
"Colombo","Kurunegala","Ridigama","450","100.00"
"Colombo","Kurunegala","Siyambalangamuwa","450","100.00"
"Colombo","Kurunegala","Talawattegedara","450","100.00"
"Colombo","Kurunegala","Thalwita","450","100.00"
"Colombo","Kurunegala","Torayaya","450","100.00"
"Colombo","Kurunegala","Uhumiya","450","100.00"
"Colombo","Kurunegala","Wadakada","450","100.00"
"Colombo","Kurunegala","Wannigama","450","100.00"
"Colombo","Kurunegala","Wellagala","450","100.00"
"Colombo","Kurunegala","Ganewatta","450","100.00"
"Colombo","Kurunegala","Kurunegala","450","100.00"
"Colombo","Kurunegala","Mallawapitiya","450","100.00"
"Colombo","Kurunegala","Maspotha","450","100.00"
"Colombo","Kurunegala","kurunagala","450","100.00"
"Colombo","Kurunegala","Demathaluwa","450","100.00"
"Colombo","Kurunegala","Ganewaththa","450","100.00"
"Colombo","Kurunegala","Inguruwaththa","450","100.00"
"Colombo","Kurunegala","Ithanawaththa","450","100.00"
"Colombo","Kurunegala","Meethanwala","450","100.00"
"Colombo","Kurunegala","Galkanda","450","100.00"
"Colombo","Kurunegala","Karadagolla","450","100.00"
"Colombo","Kurunegala","Amunugama","450","100.00"
"Colombo","Kurunegala","Humbuluwa","450","100.00"
"Colombo","Kurunegala","Wehera West","450","100.00"
"Colombo","Kurunegala","Wilgoda","450","100.00"
"Colombo","Kurunegala","Pothubowa","450","100.00"
"Colombo","Kurunegala","Gonna","450","100.00"
"Colombo","Kurunegala","Katupitiya","450","100.00"
"Colombo","Kurunegala","Bewilgamuwa","450","100.00"
"Colombo","Kurunegala","Badagamuwa","450","100.00"
"Colombo","Kurunegala","Rathgalla","450","100.00"
"Colombo","Kurunegala","Mawaththa","450","100.00"
"Colombo","Kurunegala","Jayakaduwa","450","100.00"
"Colombo","Kurunegala","Kadawara","450","100.00"
"Colombo","Kurunegala","Thoranegedara","450","100.00"
"Colombo","Kurunegala","Bandawa","450","100.00"
"Colombo","Kurunegala","Pallandeniya","450","100.00"
"Colombo","Kurunegala","Udamulla","450","100.00"
"Colombo","Kurunegala","Handapanwala","450","100.00"
"Colombo","Kurunegala","Thiththawella","450","100.00"
"Colombo","Kurunegala","Hiripitiya","450","100.00"
"Colombo","Kurunegala","Aswedduma","450","100.00"
"Colombo","Kurunegala","Kadawala","450","100.00"
"Colombo","Kurunegala","malkaduwawa","450","100.00"
"Colombo","Kurunegala","wauda","450","100.00"
"Colombo","Kurunegala","panduwasnuwara","450","100.00"
"Colombo","Kurunegala","Pilassa","450","100.00"
"Colombo","Kurunegala","GONAGAMA","450","100.00"
"Colombo","Kurunegala","THORAYAYA","450","100.00"
"Colombo","Kurunegala","KIRALABOKKA","450","100.00"
"Colombo","Kurunegala","Siyambalagamuwa","450","100.00"
"Colombo","Kurunegala","Kurunegala town","450","100.00"
"Colombo","Kurunegala","kudagalagamuwa","450","100.00"
"Colombo","Kurunegala","Malpitiya","450","100.00"
"Colombo","Kurunegala","Heraliyawela","450","100.00"
"Colombo","Kurunegala","Meepitiya","450","100.00"
"Colombo","Kurunegala","Alakoladeniya","450","100.00"
"Colombo","Kurunegala","ranjanagama","450","100.00"
"Colombo","Kurunegala","bamunuwala","450","100.00"
"Colombo","Kurunegala","yanthampalawa","450","100.00"
"Colombo","Kurunegala","Henemulla","450","100.00"
"Colombo","Kurunegala","Henamulla","450","100.00"
"Colombo","Kurunegala","Kiriwaula","450","100.00"
"Colombo","Kurunegala","millawa","450","100.00"
"Colombo","Kurunegala","Yaggapitiya","450","100.00"
"Colombo","Kurunegala","Kurunegala Town kurunegala","450","100.00"
"Colombo","Kurunegala","Puttalama Road kurunegala","450","100.00"
"Colombo","Kurunegala","Negombo Road kurunegala","450","100.00"
"Colombo","Kurunegala","Colombo Road kurunegala","450","100.00"
"Colombo","Kurunegala","Dambulla Road kurunegala","450","100.00"
"Colombo","Kurunegala","Kandy Road kurunegala","450","100.00"
"Colombo","Kurunegala","Wilgoda Road kurunegala","450","100.00"
"Colombo","Kurunegala","Udawalpola","450","100.00"
"Colombo","Kurunegala","Iluppugedara","450","100.00"
"Colombo","Kurunegala","Angangala","450","100.00"
"Colombo","Kurunegala","Pollaththapitiya","450","100.00"
"Colombo","Kurunegala","Welagedara","450","100.00"
"Colombo","Kurunegala","Welagedara","450","100.00"
"Colombo","Kurunegala","Ranavirugama","450","100.00"
"Colombo","Kurunegala","Kirindigalla","450","100.00"
"Colombo","Kurunegala","Kumbukgete","450","100.00"
"Colombo","Kurunegala","Nelawa","450","100.00"
"Colombo","Kurunegala","Doraweruwa","450","100.00"
"Colombo","Kurunegala","Dagama","450","100.00"
"Colombo","Kurunegala","Ponnilama","450","100.00"
"Colombo","Kurunegala","Kattamberiya","450","100.00"
"Colombo","Kurunegala","Walagambapura","450","100.00"
"Colombo","Kurunegala","Mehiella","450","100.00"
"Colombo","Kurunegala","Uyandana","450","100.00"
"Colombo","Kurunegala","Barandana","450","100.00"
"Colombo","Kurunegala","Kavisigamuwa","450","100.00"
"Colombo","Kurunegala","Lihiniwehera","450","100.00"
"Colombo","Kurunegala","Lihiniwehera","450","100.00"
"Colombo","Kurunegala","Delvita","450","100.00"
"Colombo","Kurunegala","Diddeniya","450","100.00"
"Colombo","Kurunegala","Muththettugala","450","100.00"
"Colombo","Kurunegala","Kadirawalana","450","100.00"
"Colombo","Kurunegala","Waraddana","450","100.00"
"Colombo","Kurunegala","Hiriyala","450","100.00"
"Colombo","Kurunegala","Piyungalla","450","100.00"
"Colombo","Kurunegala","Thambagalla","450","100.00"
"Colombo","Kurunegala","Bamunawala","450","100.00"
"Colombo","Kurunegala","Aluth Malkaduwawa","450","100.00"
"Colombo","Kurunegala","Gepallawa","450","100.00"
"Colombo","Kurunegala","PIDURUWELLA","450","100.00"
"Colombo","Kurunegala","Uhumeeya","450","100.00"
"Colombo","Kurunegala","Kottagas handiya","450","100.00"
"Colombo","Kurunegala","Bulupitiya","450","100.00"
"Colombo","Kurunegala","Heraliyawala","450","100.00"
"Colombo","Kurunegala","Wewagedara","450","100.00"
"Colombo","Kurunegala","Bamunugedara","450","100.00"
"Colombo","Kurunegala","Saragama","450","100.00"
"Colombo","Kurunegala","Pellandeniya","450","100.00"
"Colombo","Kurunegala","Hanhamunawa","450","100.00"
"Colombo","Kurunegala","Mirihampitiya","450","100.00"
"Colombo","Kurunegala","Demataluwa","450","100.00"
"Colombo","Kurunegala","Idulgoda kanda","450","100.00"
"Colombo","Kurunegala","Barandana Road","450","100.00"
"Colombo","Kurunegala","Inguruwatta","450","100.00"
"Colombo","Kurunegala","Dambokka","450","100.00"
"Colombo","Kurunegala","Bulugolla","450","100.00"
"Colombo","Kurunegala","Wehera","450","100.00"
"Colombo","Kurunegala","Vilbawa","450","100.00"
"Colombo","Kurunegala","Vilbawa","450","100.00"
"Colombo","Kurunegala","Wilgoda","450","100.00"
"Colombo","Kurunegala","Wilgoda Road","450","100.00"
"Colombo","Kurunegala","Kiridigalla","450","100.00"
"Colombo","Kurunegala","Balagolla","450","100.00"
"Colombo","Kurunegala","Millawana","450","100.00"
"Colombo","Kurunegala","Ambagaswewa","450","100.00"
"Colombo","Kurunegala","Hanhamuna","450","100.00"
"Colombo","Kurunegala","Demataluwa","450","100.00"
"Colombo","Kurunegala","Rambukkana Road kurunegala","450","100.00"
"Colombo","Kurunegala","Iguruwaththa","450","100.00"
"Colombo","Kurunegala","Mathawa","450","100.00"
"Colombo","Kurunegala","Wilbawa","450","100.00"
"Colombo","Kurunegala","Theliyagonna","450","100.00"
"Colombo","Gampaha","Karagahinna","450","100.00"
"Colombo","Kurunegala","Bujjomuwa","450","100.00"
"Colombo","Kurunegala","Keppitiwalana","450","100.00"
"Colombo","Kurunegala","Maharachchimulla","450","100.00"
"Colombo","Kurunegala","Meetanwala","450","100.00"
"Colombo","Kurunegala","Metikumbura","450","100.00"
"Colombo","Kurunegala","Nawatalwatta","450","100.00"
"Colombo","Kurunegala","Yatigaloluwa","450","100.00"
"Colombo","Kegalle","Alawatura","450","100.00"
"Colombo","Kegalle","Ampagala","450","100.00"
"Colombo","Kegalle","Aruggammana","450","100.00"
"Colombo","Kegalle","Atale","450","100.00"
"Colombo","Kegalle","Beligala","450","100.00"
"Colombo","Kegalle","Bossella","450","100.00"
"Colombo","Kegalle","Dedugala","450","100.00"
"Colombo","Kegalle","Deewala Pallegama","450","100.00"
"Colombo","Kegalle","Dewalegama","450","100.00"
"Colombo","Kegalle","Dorawaka","450","100.00"
"Colombo","Kegalle","Dunumala","450","100.00"
"Colombo","Kegalle","Galapitamada","450","100.00"
"Colombo","Kegalle","Galigamuwa Town","450","100.00"
"Colombo","Kegalle","Gantuna","450","100.00"
"Colombo","Kegalle","Hakahinna","450","100.00"
"Colombo","Kegalle","Helamada","450","100.00"
"Colombo","Kegalle","Hettimulla","450","100.00"
"Colombo","Kegalle","Imbulana","450","100.00"
"Colombo","Kegalle","Imbulgasdeniya","450","100.00"
"Colombo","Kegalle","Kabagamuwa","450","100.00"
"Colombo","Kegalle","Kannattota","450","100.00"
"Colombo","Kegalle","Kotiyakumbura","450","100.00"
"Colombo","Kegalle","Mahapallegama","450","100.00"
"Colombo","Kegalle","Maharangalla","450","100.00"
"Colombo","Kegalle","Malmaduwa","450","100.00"
"Colombo","Kegalle","Morontota","450","100.00"
"Colombo","Kegalle","Niyadurupola","450","100.00"
"Colombo","Kegalle","Pitagaldeniya","450","100.00"
"Colombo","Kegalle","Pothukoladeniya","450","100.00"
"Colombo","Kegalle","Tholangamuwa","450","100.00"
"Colombo","Kegalle","Tulhiriya","450","100.00"
"Colombo","Kegalle","Tuntota","450","100.00"
"Colombo","Kegalle","Udapotha","450","100.00"
"Colombo","Kegalle","Undugoda","450","100.00"
"Colombo","Kegalle","Watura","450","100.00"
"Colombo","Kegalle","Wegalla","450","100.00"
"Colombo","Kegalle","Weragala","450","100.00"
"Colombo","Kegalle","Yatapana","450","100.00"
"Colombo","Kegalle","Yattogoda","450","100.00"
"Colombo","Kurunegala","Alawwa","450","100.00"
"Colombo","Kegalle","Bulathkohupitiya","450","100.00"
"Colombo","Kegalle","Galigamuwa","450","100.00"
"Colombo","Kegalle","Warakapola","450","100.00"
"Colombo","Kegalle","kegalla","450","100.00"
"Colombo","Kurunegala","Nawathalwaththa","450","100.00"
"Colombo","Kurunegala","Polgahawela","450","100.00"
"Colombo","Kurunegala","Godawela","450","100.00"
"Colombo","Kurunegala","kohilapitiya","450","100.00"
"Colombo","Kurunegala","Hathalispahuwa","450","100.00"
"Colombo","Kurunegala","udapola","450","100.00"
"Colombo","Kurunegala","Weeragala","450","100.00"
"Colombo","Kurunegala","kudumulla","450","100.00"
"Colombo","Kegalle","Atugoda","450","100.00"
"Colombo","Kurunegala","Paspolakanda","450","100.00"
"Colombo","Kegalle","Ambepussa","450","100.00"
"Colombo","Kegalle","Alawathura","450","100.00"
"Colombo","Kegalle","Ganthuna","450","100.00"
"Colombo","Kegalle","Maha pallegama","450","100.00"
"Colombo","Kegalle","Moronthota","450","100.00"
"Colombo","Kegalle","Thulhiriya","450","100.00"
"Colombo","Kegalle","Thunthota","450","100.00"
"Colombo","Kegalle","Wathura","450","100.00"
"Colombo","Kegalle","Yaththogoda","450","100.00"
"Colombo","Kegalle","Dedigama","450","100.00"
"Colombo","Kegalle","Meedeniya","450","100.00"
"Colombo","Kegalle","Evungalle","450","100.00"
"Colombo","Kegalle","Arandara","450","100.00"
"Colombo","Kegalle","Kinivita","450","100.00"
"Colombo","Kegalle","Kithalangamuwa","450","100.00"
"Colombo","Kegalle","paragamana","450","100.00"
"Colombo","Kegalle","kegalle","450","100.00"
"Colombo","Kegalle","KADIGAMUWA","450","100.00"
"Colombo","Kegalle","DUMMALADENIYA","450","100.00"
"Colombo","Kegalle","MENERIPITIYA","450","100.00"
"Colombo","Kegalle","ATHNAWALA","450","100.00"
"Colombo","Kegalle","NIWATUWA","450","100.00"
"Colombo","Kegalle","PANDENIYA","450","100.00"
"Colombo","Kegalle","BOPITIYA WARAKAPOLA","450","100.00"
"Colombo","Kegalle","BATUWANA","450","100.00"
"Colombo","Kegalle","KINALANGAMUWA","450","100.00"
"Colombo","Kegalle","NARANGASTHANNA","450","100.00"
"Colombo","Kegalle","KIULDENIYA","450","100.00"
"Colombo","Kegalle","TALLIYADDA","450","100.00"
"Colombo","Kegalle","KOONGODA","450","100.00"
"Colombo","Kegalle","PALAMURU","450","100.00"
"Colombo","Kegalle","HALLAWA","450","100.00"
"Colombo","Kegalle","MOYINOLUWA","450","100.00"
"Colombo","Kegalle","IHALA WELLA","450","100.00"
"Colombo","Kegalle","HALIYAGODA","450","100.00"
"Colombo","Kegalle","HATH NAGODA","450","100.00"
"Colombo","Kegalle","KUDUMEERIYA","450","100.00"
"Colombo","Kegalle","GASNAWA","450","100.00"
"Colombo","Kegalle","ASIDENIYA","450","100.00"
"Colombo","Kegalle","PALLOVITA","450","100.00"
"Colombo","Kegalle","BALLAPANA","450","100.00"
"Colombo","Kegalle","KOBBAWELA","450","100.00"
"Colombo","Kegalle","DAMWALA","450","100.00"
"Colombo","Kegalle","PATHA BAGE","450","100.00"
"Colombo","Kegalle","UDA BAGE","450","100.00"
"Colombo","Kegalle","OTHNA PITIYA","450","100.00"
"Colombo","Kegalle","BURUNNAWA","450","100.00"
"Colombo","Kegalle","SIYAMBALAPITIYA","450","100.00"
"Colombo","Kegalle","MAHENA","450","100.00"
"Colombo","Kegalle","ELIPANGAMUWA","450","100.00"
"Colombo","Kegalle","NAWATHAL WATTHA","450","100.00"
"Colombo","Kegalle","MALLAHAWA","450","100.00"
"Colombo","Kegalle","BOOYAWALANA","450","100.00"
"Colombo","Kegalle","KAPPETIWALANA","450","100.00"
"Colombo","Kegalle","AKBOWA","450","100.00"
"Colombo","Kegalle","GOROKGASDENIYA","450","100.00"
"Colombo","Kurunegala","wawala","450","100.00"
"Colombo","Kegalle","ALAWWATTHA","450","100.00"
"Colombo","Kegalle","MAPITIYA","450","100.00"
"Colombo","Kegalle","URULAMULLA","450","100.00"
"Colombo","Kegalle","BOOWALA","450","100.00"
"Colombo","Kegalle","Nelundeniya","450","100.00"
"Colombo","Kegalle","Kegalle town","450","100.00"
"Colombo","Kegalle","walakubura","450","100.00"
"Colombo","Kegalle","Karapane","450","100.00"
"Colombo","Kegalle","Kalalpitiya","450","100.00"
"Colombo","Kegalle","Kandahena","450","100.00"
"Colombo","Kegalle","Mirigama Road","450","100.00"
"Colombo","Kegalle","Alawwa","450","100.00"
"Colombo","Kegalle","Alawwa","450","100.00"
"Colombo","Kegalle","Alawwa","450","100.00"
"Colombo","Kegalle","Maharachchimulla","450","100.00"
"Colombo","Kegalle","Kongashandiya","450","100.00"
"Colombo","Kegalle","Polgahawela city","450","100.00"
"Colombo","Kegalle","Bandawa","450","100.00"
"Colombo","Kegalle","Aragoda","450","100.00"
"Colombo","Kegalle","Thalawaththegedara","450","100.00"
"Colombo","Kegalle","Wadakada","450","100.00"
"Colombo","Kegalle","Yatigaloluwa","450","100.00"
"Colombo","Kegalle","yangalmodara","450","100.00"
"Colombo","Kegalle","Ranwala","450","100.00"
"Colombo","Kegalle","Nelundeniya","450","100.00"
"Colombo","Kegalle","Thulhiriya","450","100.00"
"Colombo","Kegalle","Deldeniya","450","100.00"
"Colombo","Kegalle","Siyambalapitiya","450","100.00"
"Colombo","Kegalle","Meepitiya","450","100.00"
"Colombo","Kegalle","Karadupana","450","100.00"
"Colombo","Kegalle","Paragammana","450","100.00"
"Colombo","Kegalle","Deldeniya","450","100.00"
"Colombo","Kegalle","Ranwala","450","100.00"
"Colombo","Kegalle","Ambepussa","450","100.00"
"Colombo","Kegalle","Warakapola","450","100.00"
"Colombo","Kegalle","Dummaladeniya","450","100.00"
"Colombo","Kegalle","Pandeniya","450","100.00"
"Colombo","Kegalle","Madeniya","450","100.00"
"Colombo","Kegalle","Kongoda","450","100.00"
"Colombo","Kegalle","Palamure","450","100.00"
"Colombo","Kegalle","Dunumala","450","100.00"
"Colombo","Kegalle","Thambadiya","450","100.00"
"Colombo","Kegalle","Deewala","450","100.00"
"Colombo","Kegalle","Hapuwita","450","100.00"
"Colombo","Kegalle","Moranthota","450","100.00"
"Colombo","Kegalle","LAHUPATHA","450","100.00"
"Colombo","Kegalle","Debathgama","450","100.00"
"Colombo","Kegalle","Dampelgoda","450","100.00"
"Colombo","Kegalle","Elagalla","450","100.00"
"Colombo","Kegalle","Alawathura","450","100.00"
"Colombo","Kegalle","Kotiyakubura","450","100.00"
"Colombo","Kegalle","Warawala","450","100.00"
"Colombo","Kegalle","Thuntota","450","100.00"
"Colombo","Kandy","Alawatugoda","450","100.00"
"Colombo","Kandy","Ambatenna","450","100.00"
"Colombo","Kandy","Ampitiya","450","100.00"
"Colombo","Kandy","Aniwatta","450","100.00"
"Colombo","Kandy","Batagolladeniya","450","100.00"
"Colombo","Kandy","Batugoda","450","100.00"
"Colombo","Kandy","Bawlana","450","100.00"
"Colombo","Kandy","Dolapihilla","450","100.00"
"Colombo","Kandy","Doragamuwa","450","100.00"
"Colombo","Kandy","Dunuwila","450","100.00"
"Colombo","Kandy","Etulgama","450","100.00"
"Colombo","Kandy","Galagedara","450","100.00"
"Colombo","Kandy","Gunnepana","450","100.00"
"Colombo","Kandy","Gurudeniya","450","100.00"
"Colombo","Kandy","Hantane","450","100.00"
"Colombo","Kandy","Haragama","450","100.00"
"Colombo","Kandy","Harankahawa","450","100.00"
"Colombo","Kandy","Kahataliyadda","450","100.00"
"Colombo","Kandy","Kandy","450","100.00"
"Colombo","Kandy","Kapuliyadde","450","100.00"
"Colombo","Kandy","Katugastota","450","100.00"
"Colombo","Kandy","Kobonila","450","100.00"
"Colombo","Kandy","Kulugammana","450","100.00"
"Colombo","Kandy","Lewella","450","100.00"
"Colombo","Kandy","lllagolla","450","100.00"
"Colombo","Kandy","Madawala Bazaar","450","100.00"
"Colombo","Kandy","Madulkele","450","100.00"
"Colombo","Kandy","Mahadoraliyadda","450","100.00"
"Colombo","Kandy","Mahamedagama","450","100.00"
"Colombo","Kandy","Makkanigama","450","100.00"
"Colombo","Kandy","Marymount Colony","450","100.00"
"Colombo","Kandy","Mawatura","450","100.00"
"Colombo","Kandy","Mawilmada","450","100.00"
"Colombo","Kandy","Medawala Harispattuwa","450","100.00"
"Colombo","Kandy","Menikdiwela","450","100.00"
"Colombo","Kandy","Minigamuwa","450","100.00"
"Colombo","Kandy","Nugawela","450","100.00"
"Colombo","Kandy","Pallekotuwa","450","100.00"
"Colombo","Kandy","Pattiya Watta","450","100.00"
"Colombo","Kandy","Poholiyadda","450","100.00"
"Colombo","Kandy","Polgolla","450","100.00"
"Colombo","Kandy","Rathukohodigala","450","100.00"
"Colombo","Kandy","Tawalantenna","450","100.00"
"Colombo","Kandy","Tennekumbura","450","100.00"
"Colombo","Kandy","Udahingulwala","450","100.00"
"Colombo","Kandy","Udatalawinna","450","100.00"
"Colombo","Kandy","Uduwahinna","450","100.00"
"Colombo","Kandy","Watagoda Harispattuwa","450","100.00"
"Colombo","Kandy","Watapuluwa","450","100.00"
"Colombo","Kandy","Wattegama","450","100.00"
"Colombo","Kandy","Wettawa","450","100.00"
"Colombo","Kandy","Wilanagama","450","100.00"
"Colombo","Kandy","Yahalatenna","450","100.00"
"Colombo","Kegalle","Deldeniya","450","100.00"
"Colombo","Kandy","Arupppola","450","100.00"
"Colombo","Kandy","Harispattuwa","450","100.00"
"Colombo","Kandy","Kandy Four Gravets & Gangawata Korale","450","100.00"
"Colombo","Kandy","Medadumbara","450","100.00"
"Colombo","Kandy","Panvila","450","100.00"
"Colombo","Kandy","Pathadumbara","450","100.00"
"Colombo","Kandy","Pathahewaheta","450","100.00"
"Colombo","Kandy","Pujapitiya","450","100.00"
"Colombo","Kandy","Thumpane","450","100.00"
"Colombo","Kandy","Yatinuwara","450","100.00"
"Colombo","Kandy","Alawathugoda","450","100.00"
"Colombo","Kandy","Amabathenna","450","100.00"
"Colombo","Kandy","Aniwaththa","450","100.00"
"Colombo","Kandy","Delthota","450","100.00"
"Colombo","Kandy","Hanthane","450","100.00"
"Colombo","Kandy","Harispaththuwa","450","100.00"
"Colombo","Kandy","Katugasthota","450","100.00"
"Colombo","Kandy","Medawala Harispaththuwa","450","100.00"
"Colombo","Kandy","Pattiyawaththa","450","100.00"
"Colombo","Kandy","Udathalawinna","450","100.00"
"Colombo","Kandy","Udawaththa","450","100.00"
"Colombo","Kandy","Watagoda Harispaththuwa","450","100.00"
"Colombo","Kandy","Yahalathenna","450","100.00"
"Colombo","Kandy","Wehigala","450","100.00"
"Colombo","Kandy","Udathenna","450","100.00"
"Colombo","Matale","Karagahainna","450","100.00"
"Colombo","Kandy","Barigama","450","100.00"
"Colombo","Kandy","Ambathenna","450","100.00"
"Colombo","Kandy","Kurundeniya","450","100.00"
"Colombo","Kandy","Hedeniya","450","100.00"
"Colombo","Kandy","Nawayalathenna","450","100.00"
"Colombo","Kandy","Deegahawathura","450","100.00"
"Colombo","Kandy","BUWELIKADA","450","100.00"
"Colombo","Kandy","Kandy town","450","100.00"
"Colombo","Kandy","Aladeniya","450","100.00"
"Colombo","Kandy","Gohagoda","450","100.00"
"Colombo","Kandy","Mahaiyawa","450","100.00"
"Colombo","Kandy","Alawatta","450","100.00"
"Colombo","Kandy","Idamegama","450","100.00"
"Colombo","Kandy","Guhagoda","450","100.00"
"Colombo","Kandy","Thennekumbura","450","100.00"
"Colombo","Kandy","Ankumbura","450","100.00"
"Colombo","Kandy","KONDADENIYA","450","100.00"
"Colombo","Kandy","WARALLAGAMA","450","100.00"
"Colombo","Kandy","WERALLAGAMA","450","100.00"
"Colombo","Kandy","Asgiriya kandy","450","100.00"
"Colombo","Kandy","Kandy City","450","100.00"
"Colombo","Kandy","Kandy Hospital","450","100.00"
"Colombo","Kandy","Uduwela","450","100.00"
"Colombo","Kandy","Aruppola","450","100.00"
"Colombo","Kandy","Lewalle","450","100.00"
"Colombo","Kandy","Thannekumbura","450","100.00"
"Colombo","Kandy","Matale Road kandy","450","100.00"
"Colombo","Kandy","Ambathanne","450","100.00"
"Colombo","Kandy","Akurana","450","100.00"
"Colombo","Kandy","Akurana town","450","100.00"
"Colombo","Kandy","Akurana 7mile post","450","100.00"
"Colombo","Kandy","Bahirawakanda","450","100.00"
"Colombo","Kandy","Aniwatte","450","100.00"
"Colombo","Kandy","Kudarathwatta","450","100.00"
"Colombo","Kandy","poornawatte road","450","100.00"
"Colombo","Kandy","Hanthana","450","100.00"
"Colombo","Kandy","Sangaraja Mawatha kandy","450","100.00"
"Colombo","Kandy","Ketawala","450","100.00"
"Colombo","Kandy","Lewla","450","100.00"
"Colombo","Kandy","Ratemulla","450","100.00"
"Colombo","Kandy","Kandy Police Station","450","100.00"
"Colombo","Kandy","Peradeniya rd kandy","450","100.00"
"Colombo","Kandy","Ranawana","450","100.00"
"Colombo","Kandy","Rajapihilla","450","100.00"
"Colombo","Kandy","Pattiyawatta","450","100.00"
"Colombo","Kandy","Medawala","450","100.00"
"Colombo","Kandy","Weligalla","450","100.00"
"Colombo","Kandy","Bokkawala","450","100.00"
"Colombo","Kandy","Morankanda","450","100.00"
"Colombo","Kandy","Kumburegama","450","100.00"
"Colombo","Kandy","Meegammanawatte","450","100.00"
"Colombo","Kandy","Polgollawatta","450","100.00"
"Colombo","Kandy","Udugunnapana","450","100.00"
"Colombo","Kandy","Pallegunnapana","450","100.00"
"Colombo","Kandy","Thunkandura","450","100.00"
"Colombo","Kandy","Udurawana","450","100.00"
"Colombo","Kandy","Jambugahapitiya","450","100.00"
"Colombo","Kandy","Kahalla","450","100.00"
"Colombo","Kandy","ambatanna","450","100.00"
"Colombo","Kandy","Mullegama","450","100.00"
"Colombo","Kandy","kaluwana","450","100.00"
"Colombo","Kandy","Diwanawatta","450","100.00"
"Colombo","Kandy","Bamunupola","450","100.00"
"Colombo","Kandy","Batagalla","450","100.00"
"Colombo","Kandy","Poojapitiya","450","100.00"
"Colombo","Kandy","Owissa","450","100.00"
"Colombo","Kandy","Galhinna","450","100.00"
"Colombo","Kandy","Katugasthota rd kandy","450","100.00"
"Colombo","Kandy","Sirimalwatta","450","100.00"
"Colombo","Kandy","Yakgahapitiya","450","100.00"
"Colombo","Kandy","Amunugama","450","100.00"
"Colombo","Kandy","Gunnapana","450","100.00"
"Colombo","Kandy","Bogaskumbura","450","100.00"
"Colombo","Kandy","Napana","450","100.00"
"Colombo","Kandy","Pilawala","450","100.00"
"Colombo","Kandy","Wawinna","450","100.00"
"Colombo","Kandy","Hathale","450","100.00"
"Colombo","Kandy","Madulkelle","450","100.00"
"Colombo","Kandy","Mahapathana","450","100.00"
"Colombo","Kandy","Kallebokka","450","100.00"
"Colombo","Kandy","GALAHIRIYA","450","100.00"
"Colombo","Kandy","Kuluganga","450","100.00"
"Colombo","Kandy","Aludeniya","450","100.00"
"Colombo","Kandy","Muruddeniya","450","100.00"
"Colombo","Kandy","Madawala","450","100.00"
"Colombo","Kandy","Yatirawana","450","100.00"
"Colombo","Kandy","Meegammana","450","100.00"
"Colombo","Kandy","Kudugala","450","100.00"
"Colombo","Kandy","Pinnalanda","450","100.00"
"Colombo","Kandy","Atalahagoda","450","100.00"
"Colombo","Kandy","Yatawara","450","100.00"
"Colombo","Kandy","Pahala Yatawara","450","100.00"
"Colombo","Kandy","Elkaduwa","450","100.00"
"Colombo","Kandy","Ambatanne","450","100.00"
"Colombo","Kandy","Dikpitiya","450","100.00"
"Colombo","Kandy","Balakaduwa","450","100.00"
"Colombo","Kandy","Bowalawatta","450","100.00"
"Colombo","Kandy","Inigala","450","100.00"
"Colombo","Kandy","Halloluwa","450","100.00"
"Colombo","Kandy","Warathanne","450","100.00"
"Colombo","Kandy","Yatihalagala","450","100.00"
"Colombo","Kandy","yahalathanne","450","100.00"
"Colombo","Kandy","Werellagama","450","100.00"
"Colombo","Kandy","Yatiwawala","450","100.00"
"Colombo","Kandy","Thalwatta","450","100.00"
"Colombo","Kandy","Thalwaththa","450","100.00"
"Colombo","Kandy","Marathugoda","450","100.00"
"Colombo","Kandy","Balana","450","100.00"
"Colombo","Kandy","Dangolla","450","100.00"
"Colombo","Kandy","Danture","450","100.00"
"Colombo","Kandy","Deltota","450","100.00"
"Colombo","Kandy","Galaha","450","100.00"
"Colombo","Kandy","Gallellagama","450","100.00"
"Colombo","Kandy","Halloluwa","450","100.00"
"Colombo","Kandy","Handessa","450","100.00"
"Colombo","Kandy","Heerassagala","450","100.00"
"Colombo","Kandy","Kadugannawa","450","100.00"
"Colombo","Kandy","Kiribathkumbura","450","100.00"
"Colombo","Kandy","Kumburegama","450","100.00"
"Colombo","Kandy","lhala Kobbekaduwa","450","100.00"
"Colombo","Kandy","Murutalawa","450","100.00"
"Colombo","Kandy","Peradeniya","450","100.00"
"Colombo","Kandy","Pilimatalawa","450","100.00"
"Colombo","Kandy","Uda Peradeniya","450","100.00"
"Colombo","Kandy","Wattappola","450","100.00"
"Colombo","Kandy","Yatihalagala","450","100.00"
"Colombo","Kandy","Danthure","450","100.00"
"Colombo","Kandy","Muruthalawa","450","100.00"
"Colombo","Kandy","Weththawa","450","100.00"
"Colombo","Kandy","Daulagala","450","100.00"
"Colombo","Kandy","Poththapitiya","450","100.00"
"Colombo","Kandy","Manikdiwela","450","100.00"
"Colombo","Kandy","pilimathalawa","450","100.00"
"Colombo","Kandy","GANNORUWA","450","100.00"
"Colombo","Kandy","IHALAKOBBEKADUWA","450","100.00"
"Colombo","Kandy","MENIKDIWALA","450","100.00"
"Colombo","Kandy","ERIYAGAMA","450","100.00"
"Colombo","Kandy","POLGAHAMULA","450","100.00"
"Colombo","Kandy","MEEWATHURA","450","100.00"
"Colombo","Kandy","LOOLKANDURA","450","100.00"
"Colombo","Kandy","KUIUGAMMANA","450","100.00"
"Colombo","Kandy","MAHAMULGAMA","450","100.00"
"Colombo","Kandy","Suduhumpola","450","100.00"
"Colombo","Kandy","Gatambe","450","100.00"
"Colombo","Kandy","Wathurakumbura","450","100.00"
"Colombo","Kandy","Edaduwawa","450","100.00"
"Colombo","Kandy","Ihala Kobbekaduwa","450","100.00"
"Colombo","Kandy","Colombo Road Peradeniya","450","100.00"
"Colombo","Kandy","Kenhinda","450","100.00"
"Colombo","Kandy","Sri Subodharama Mawatha","450","100.00"
"Colombo","Kandy","Iriyagama","450","100.00"
"Colombo","Kandy","Uda Eriyagama","450","100.00"
"Colombo","Kandy","Puwakgahakumbura","450","100.00"
"Colombo","Kandy","Dehideniya","450","100.00"
"Colombo","Kandy","Godagandeniya","450","100.00"
"Colombo","Kandy","Embilmeegama","450","100.00"
"Colombo","Kandy","Henawala","450","100.00"
"Colombo","Kandy","Ilukwatta","450","100.00"
"Colombo","Kandy","Arambegama","450","100.00"
"Colombo","Kandy","Giragama","450","100.00"
"Colombo","Kandy","Ketapitiya","450","100.00"
"Colombo","Kandy","Mudaliwathha","450","100.00"
"Colombo","Kandy","Kurukuththala","450","100.00"
"Colombo","Kandy","Gatabe","450","100.00"
"Colombo","Kandy","University of Peradeniya","450","100.00"
"Colombo","Kandy","Hindagala","450","100.00"
"Colombo","Kandy","Megoda Kalugamuwa","450","100.00"
"Colombo","Kandy","Loolkadura","450","100.00"
"Colombo","Kandy","Bellwood","450","100.00"
"Colombo","Kandy","Rajawaththa","450","100.00"
"Colombo","Kandy","Heeloya","450","100.00"
"Colombo","Kandy","Nillambe","450","100.00"
"Colombo","Kandy","HALWATHTHA","450","100.00"
"Colombo","Kandy","Angunawala","450","100.00"
"Colombo","Kandy","Panideniya","450","100.00"
"Colombo","Kandy","Kahambe","450","100.00"
"Colombo","Kandy","Gadaladenyia","450","100.00"
"Colombo","Kandy","Paranapattiya","450","100.00"
"Colombo","Kandy","Pallemulla","450","100.00"
"Colombo","Kandy","Gohagoda road","450","100.00"
"Colombo","Kandy","Warathanna","450","100.00"
"Colombo","Kandy","Old gampola road","450","100.00"
"Colombo","Kandy","New gampola road","450","100.00"
"Colombo","Kandy","Peradeniya Town","450","100.00"
"Colombo","Kandy","Delthota","450","100.00"
"Colombo","Kandy","Alawathugoda","450","100.00"
"Colombo","Kandy","Pujapitiya","450","100.00"
"Colombo","Kandy","Mahakanda","450","100.00"
"Colombo","Kandy","Bowala","450","100.00"
"Colombo","Kandy","Uda bowala","450","100.00"
"Colombo","Kandy","Deiyannewela","450","100.00"
"Colombo","Kandy","Kandy road peradeniya","450","100.00"
"Colombo","Kandy","Mulgampola","450","100.00"
"Colombo","Kandy","Mada Bowala","450","100.00"
"Colombo","Kandy","William Gopallawa Mawatha","450","100.00"
"Colombo","Kandy","Suduhumpala","450","100.00"
"Colombo","Kalutara","Alutgama","450","100.00"
"Colombo","Kalutara","Bolossagama","450","100.00"
"Colombo","Kalutara","Bombuwala","450","100.00"
"Colombo","Kalutara","Dharga Town","450","100.00"
"Colombo","Kalutara","Gamagoda","450","100.00"
"Colombo","Kalutara","Halkandawila","450","100.00"
"Colombo","Kalutara","Kalawila Kiranthidiya","450","100.00"
"Colombo","Kalutara","Koholana","450","100.00"
"Colombo","Kalutara","Maggona","450","100.00"
"Colombo","Kalutara","Meegama","450","100.00"
"Colombo","Kalutara","Neboda","450","100.00"
"Colombo","Kalutara","Paiyagala","450","100.00"
"Colombo","Kalutara","Pannila","450","100.00"
"Colombo","Kalutara","Remunagoda","450","100.00"
"Colombo","Kalutara","Tebuwana","450","100.00"
"Colombo","Kalutara","Uthumgama","450","100.00"
"Colombo","Kalutara","Walagedara","450","100.00"
"Colombo","Kalutara","Waskaduwa","450","100.00"
"Colombo","Kalutara","Yatawara Junction","450","100.00"
"Colombo","Kalutara","Beruwala","450","100.00"
"Colombo","Kalutara","Gan-Ima","450","100.00"
"Colombo","Kalutara","Aluthgama","450","100.00"
"Colombo","Kalutara","Galpatha","450","100.00"
"Colombo","Kalutara","Galassa","450","100.00"
"Colombo","Kalutara","Kiranthidiya","450","100.00"
"Colombo","Kalutara","Thebuwana","450","100.00"
"Colombo","Kalutara","Thudugala","450","100.00"
"Colombo","Kalutara","Kaluthara","450","100.00"
"Colombo","Kalutara","darga town","450","100.00"
"Colombo","Kalutara","Payagala","450","100.00"
"Colombo","Kalutara","Panapitiya","450","100.00"
"Colombo","Kalutara","Kithulawa","450","100.00"
"Colombo","Kalutara","katukurunda","450","100.00"
"Colombo","Kalutara","Batagoda","450","100.00"
"Colombo","Kalutara","galapatha","450","100.00"
"Colombo","Kalutara","kalutara","450","100.00"
"Colombo","Kalutara","Dediyawala","450","100.00"
"Colombo","Kalutara","China Fort","450","100.00"
"Colombo","Kalutara","Wettumakade","450","100.00"
"Colombo","Kalutara","Walathara","450","100.00"
"Colombo","Kalutara","Serupita","450","100.00"
"Colombo","Kalutara","Narthupana","450","100.00"
"Colombo","Kalutara","Munhena","450","100.00"
"Colombo","Kalutara","Moragalla","450","100.00"
"Colombo","Kalutara","Malegoda","450","100.00"
"Colombo","Kalutara","Kaluwamodara","450","100.00"
"Colombo","Kalutara","Kalutara Town","450","100.00"
"Colombo","Kalutara","Kalamulla","450","100.00"
"Colombo","Kalutara","Diyalagoda","450","100.00"
"Colombo","Kalutara","Daluwatta","450","100.00"
"Colombo","Kalutara","Daluwaththa","450","100.00"
"Colombo","Kalutara","Daluwatte","450","100.00"
"Colombo","Kalutara","Pothuwila","450","100.00"
"Colombo","Kalutara","Nagas Handiya","450","100.00"
"Colombo","Kalutara","Mun Hena","450","100.00"
"Colombo","Kalutara","Kethhena","450","100.00"
"Colombo","Kalutara","Dodangoda","450","100.00"
"Colombo","Kalutara","pelanda","450","100.00"
"Colombo","Kalutara","Mullapitiya","450","100.00"
"Colombo","Kalutara","kaluthara north","450","100.00"
"Colombo","Kalutara","Maha Waskaduwa","450","100.00"
"Colombo","Kalutara","Kuda Waskaduwa","450","100.00"
"Colombo","Kalutara","Wadiyamankada","450","100.00"
"Colombo","Kalutara","Uggalbada","450","100.00"
"Colombo","Kalutara","Bondupitiya","450","100.00"
"Colombo","Kalutara","Migama","450","100.00"
"Colombo","Kalutara","Walipitiya","450","100.00"
"Colombo","Kalutara","kaluthara south","450","100.00"
"Colombo","Kalutara","Wettumakada","450","100.00"
"Colombo","Kalutara","Hiinatiyangala","450","100.00"
"Colombo","Kalutara","Palathota","450","100.00"
"Colombo","Kalutara","Naboda","450","100.00"
"Colombo","Kalutara","Wellatha","450","100.00"
"Colombo","Kalutara","Gallassena","450","100.00"
"Colombo","Kalutara","Rendapala","450","100.00"
"Colombo","Kalutara","Herman Watta","450","100.00"
"Colombo","Kalutara","gallanamulla","450","100.00"
"Colombo","Kalutara","Malabada","450","100.00"
"Colombo","Kalutara","Sapugahawaththa","450","100.00"
"Colombo","Galle","Ahangama","450","100.00"
"Colombo","Galle","Anangoda","450","100.00"
"Colombo","Galle","Angulugaha","450","100.00"
"Colombo","Galle","Ankokkawala","450","100.00"
"Colombo","Galle","Dikkumbura","450","100.00"
"Colombo","Galle","Ginimellagaha","450","100.00"
"Colombo","Galle","Gintota","450","100.00"
"Colombo","Galle","Gonamulla Junction","450","100.00"
"Colombo","Galle","Gonapinuwala","450","100.00"
"Colombo","Galle","Hapugala","450","100.00"
"Colombo","Galle","Hawpe","450","100.00"
"Colombo","Galle","Hinatigala","450","100.00"
"Colombo","Galle","Hiyare","450","100.00"
"Colombo","Galle","Ihala Walpola","450","100.00"
"Colombo","Galle","Kananke Bazaar","450","100.00"
"Colombo","Galle","Karagoda","450","100.00"
"Colombo","Galle","Karapitiya","450","100.00"
"Colombo","Galle","Koggala","450","100.00"
"Colombo","Galle","Kottawagama","450","100.00"
"Colombo","Galle","lmaduwa","450","100.00"
"Colombo","Galle","Magedara","450","100.00"
"Colombo","Galle","Meda-Keembiya","450","100.00"
"Colombo","Galle","Parana ThanaYamgoda","450","100.00"
"Colombo","Galle","Ratgama","450","100.00"
"Colombo","Galle","Talpe","450","100.00"
"Colombo","Galle","Tiranagama","450","100.00"
"Colombo","Galle","Udalamatta","450","100.00"
"Colombo","Galle","Uluvitike","450","100.00"
"Colombo","Galle","Unawatuna","450","100.00"
"Colombo","Galle","Unanwitiya","450","100.00"
"Colombo","Galle","Wakwella","450","100.00"
"Colombo","Galle","Walahanduwa","450","100.00"
"Colombo","Galle","Wanchawela","450","100.00"
"Colombo","Galle","Wanduramba","450","100.00"
"Colombo","Galle","Yatalamatta","450","100.00"
"Colombo","Matara","Deegala Lenama","450","100.00"
"Colombo","Galle","Heenatigala","450","100.00"
"Colombo","Galle","Bope-Poddala","450","100.00"
"Colombo","Galle","Gonapeenuwala","450","100.00"
"Colombo","Galle","Habaraduwa","450","100.00"
"Colombo","Galle","Hikkaduwa","450","100.00"
"Colombo","Galle","Imaduwa","450","100.00"
"Colombo","Galle","Yakkalamulla","450","100.00"
"Colombo","Galle","Wanchawala","450","100.00"
"Colombo","Galle","Akmeemana","450","100.00"
"Colombo","Galle","Ginthota","450","100.00"
"Colombo","Galle","Nakiyadeniya","450","100.00"
"Colombo","Galle","Rathgama","450","100.00"
"Colombo","Galle","Thalpe","450","100.00"
"Colombo","Galle","Thiranagama","450","100.00"
"Colombo","Galle","Keembiya","450","100.00"
"Colombo","Galle","Dadella","450","100.00"
"Colombo","Galle","Mahamodara","450","100.00"
"Colombo","Galle","Yaddehimulla","450","100.00"
"Colombo","Matara","Midigama","450","100.00"
"Colombo","Galle","Thiththagalla","450","100.00"
"Colombo","Galle","Batuwanhena","450","100.00"
"Colombo","Galle","Pinnaduwa","450","100.00"
"Colombo","Galle","Udamaththa","450","100.00"
"Colombo","Galle","Yatalamaththa","450","100.00"
"Colombo","Galle","Athumale","450","100.00"
"Colombo","Galle","Katugoda","450","100.00"
"Colombo","Galle","kaluwella","450","100.00"
"Colombo","Galle","kadurugashena","450","100.00"
"Colombo","Galle","Mampitiya","450","100.00"
"Colombo","Matara","Kananke","450","100.00"
"Colombo","Galle","bataduwa","450","100.00"
"Colombo","Galle","Galle","450","100.00"
"Colombo","Galle","Malamura","450","100.00"
"Colombo","Galle","Galle town","450","100.00"
"Colombo","Galle","Ketandola","450","100.00"
"Colombo","Galle","Madakumburamulla","450","100.00"
"Colombo","Galle","Wackwella","450","100.00"
"Colombo","Galle","Talagampola","450","100.00"
"Colombo","Galle","Thalagampola","450","100.00"
"Colombo","Galle","Magalla","450","100.00"
"Colombo","Galle","Waulagala","450","100.00"
"Colombo","Galle","Dadalla","450","100.00"
"Colombo","Galle","Boossa","450","100.00"
"Colombo","Galle","Katudampe","450","100.00"
"Colombo","Galle","Ranapanadeniya","450","100.00"
"Colombo","Galle","Rejjipura","450","100.00"
"Colombo","Galle","Rathna Udagama","450","100.00"
"Colombo","Galle","Maha Hapugala","450","100.00"
"Colombo","Galle","Yakgaha","450","100.00"
"Colombo","Galle","Southern Court","450","100.00"
"Colombo","Galle","Manavila","450","100.00"
"Colombo","Galle","Udugama Road","450","100.00"
"Colombo","Galle","Haliwala","450","100.00"
"Colombo","Galle","Jambuketiya","450","100.00"
"Colombo","Galle","Mapalagama Road","450","100.00"
"Colombo","Galle","Talgasyaya","450","100.00"
"Colombo","Galle","Keebiya","450","100.00"
"Colombo","Galle","Meda Keembiya","450","100.00"
"Colombo","Galle","Bovitiyamulla","450","100.00"
"Colombo","Galle","Udalamaththa","450","100.00"
"Colombo","Galle","Gammeddegoda","450","100.00"
"Colombo","Galle","Aluth Ihala","450","100.00"
"Colombo","Galle","Aluth Pahala","450","100.00"
"Colombo","Galle","Urala","450","100.00"
"Colombo","Galle","Gonamulla","450","100.00"
"Colombo","Galle","Ihala Keembiya","450","100.00"
"Colombo","Galle","Thalgampola","450","100.00"
"Colombo","Galle","Thellambura","450","100.00"
"Colombo","Galle","Magedra","450","100.00"
"Colombo","Galle","mapalagama","450","100.00"
"Colombo","Galle","Hikkaduwa Town","450","100.00"
"Colombo","Galle","Kirihandigoda","450","100.00"
"Colombo","Galle","Nalagasdeniya","450","100.00"
"Colombo","Galle","Halpathota","450","100.00"
"Colombo","Galle","SARANA JUNCTION","450","100.00"
"Colombo","Galle","MAJUWANA","450","100.00"
"Colombo","Galle","Keradewala","450","100.00"
"Colombo","Galle","KALUWAGAHA JANAPADAYA","450","100.00"
"Colombo","Galle","Nayapamula","450","100.00"
"Colombo","Galle","Narigama","450","100.00"
"Colombo","Galle","Wewala","450","100.00"
"Colombo","Galle","Iriyagaha","450","100.00"
"Colombo","Galle","Poddala","450","100.00"
"Colombo","Galle","Balagoda","450","100.00"
"Colombo","Galle","Holuwagoda","450","100.00"
"Colombo","Galle","Ganegama","450","100.00"
"Colombo","Galle","Yahaladuwa","450","100.00"
"Colombo","Galle","Pilagoda","450","100.00"
"Colombo","Galle","Sandarawala","450","100.00"
"Colombo","Galle","Indigasketiya","450","100.00"
"Colombo","Galle","Baddegama","450","100.00"
"Colombo","Galle","Imaduwa Interchange","450","100.00"
"Colombo","Galle","Kaduruduwa","450","100.00"
"Colombo","Galle","Pilana","450","100.00"
"Colombo","Galle","Deegoda","450","100.00"
"Colombo","Galle","Attaragoda","450","100.00"
"Colombo","Galle","Ginigala","450","100.00"
"Colombo","Galle","Bogahagoda","450","100.00"
"Colombo","Galle","Hennatota","450","100.00"
"Colombo","Galle","Kumarakanda","450","100.00"
"Colombo","Galle","China-Sri Lanka Friendship Village","450","100.00"
"Colombo","Galle","Hikkaduwa East","450","100.00"
"Colombo","Galle","Berathuduwa","450","100.00"
"Colombo","Galle","Pinkanda","450","100.00"
"Colombo","Galle","Dodanduwa","450","100.00"
"Colombo","Galle","Megalle","450","100.00"
"Colombo","Galle","Makuluwa","450","100.00"
"Colombo","Galle","Galle Fort","450","100.00"
"Colombo","Galle","Thanipolgaha","450","100.00"
"Colombo","Galle","Dangedara","450","100.00"
"Colombo","Galle","Olcott Mawatha galle","450","100.00"
"Colombo","Galle","Pettigalawatta","450","100.00"
"Colombo","Galle","Wekunagoda","450","100.00"
"Colombo","Galle","Richmond Hill","450","100.00"
"Colombo","Galle","Richmond Hill Residencies","450","100.00"
"Colombo","Galle","Heenpendala","450","100.00"
"Colombo","Galle","Bope Cross Rd","450","100.00"
"Colombo","Galle","Wakwella Road","450","100.00"
"Colombo","Galle","Elliot Road Galle","450","100.00"
"Colombo","Galle","Hirimbura","450","100.00"
"Colombo","Galle","Labuduwa","450","100.00"
"Colombo","Galle","Thalagaha","450","100.00"
"Colombo","Galle","Milidduwa","450","100.00"
"Colombo","Galle","Morris Rd Galle","450","100.00"
"Colombo","Galle","Dakshinapaya","450","100.00"
"Colombo","Galle","Dewata","450","100.00"
"Colombo","Galle","Mihiripenna","450","100.00"
"Colombo","Galle","Harumalgoda","450","100.00"
"Colombo","Galle","Metaramba","450","100.00"
"Colombo","Galle","Nugaduwa","450","100.00"
"Colombo","Galle","Pitiduwa","450","100.00"
"Colombo","Galle","DALAWELLA","450","100.00"
"Colombo","Galle","Kathaluwa","450","100.00"
"Colombo","Galle","Goviyapana","450","100.00"
"Colombo","Galle","Atanikitha","450","100.00"
"Colombo","Galle","Kalegana","450","100.00"
"Colombo","Galle","Julgaha","450","100.00"
"Colombo","Galle","Thelikada","450","100.00"
"Colombo","Galle","Horagampita","450","100.00"
"Colombo","Galle","Kithulampitiya","450","100.00"
"Colombo","Galle","Batuwanthudawa","450","100.00"
"Colombo","Galle","Hapugala","450","100.00"
"Colombo","Galle","Bataganvila","450","100.00"
"Colombo","Galle","Mampitiya","450","100.00"
"Colombo","Galle","Kahaduwawaththa","450","100.00"
"Colombo","Galle","Eththiligoda","450","100.00"
"Colombo","Colombo","Batawala","425","100.00"
"Colombo","Colombo","Bope","425","100.00"
"Colombo","Colombo","Hanwella","425","100.00"
"Colombo","Colombo","Hewainna","425","100.00"
"Colombo","Colombo","Horagala","425","100.00"
"Colombo","Colombo","Kahawala","425","100.00"
"Colombo","Colombo","Kaluaggala","425","100.00"
"Colombo","Colombo","Kosgama","425","100.00"
"Colombo","Colombo","Meegoda","425","100.00"
"Colombo","Colombo","Meepe","425","100.00"
"Colombo","Colombo","Tummodara","425","100.00"
"Colombo","Colombo","Waga","425","100.00"
"Colombo","Gampaha","Tittapattara","425","100.00"
"Colombo","Kalutara","Diwalakada","425","100.00"
"Colombo","Kalutara","Halwatura","425","100.00"
"Colombo","Kalutara","lngiriya","425","100.00"
"Colombo","Ratnapura","Minipura Dumbara","425","100.00"
"Colombo","Colombo","Padukka","425","100.00"
"Colombo","Colombo","Seethawaka","425","100.00"
"Colombo","Colombo","Thummodara","425","100.00"
"Colombo","Gampaha","Thiththapaththara","425","100.00"
"Colombo","Kalutara","Halwathura","425","100.00"
"Colombo","Colombo","Watareka","425","100.00"
"Colombo","Colombo","Arukwaththa south","425","100.00"
"Colombo","Kalutara","Nachchimale","425","100.00"
"Colombo","Colombo","Jalthara","425","100.00"
"Colombo","Colombo","Artigala","425","100.00"
"Colombo","Colombo","Artigala west","425","100.00"
"Colombo","Colombo","Mabula","425","100.00"
"Colombo","Colombo","Miriswaththa","425","100.00"
"Colombo","Colombo","Lenagala","425","100.00"
"Colombo","Colombo","Kurugala","425","100.00"
"Colombo","Colombo","Uggalla","425","100.00"
"Colombo","Colombo","Waga East","425","100.00"
"Colombo","Colombo","Waga South","425","100.00"
"Colombo","Colombo","Waga West","425","100.00"
"Colombo","Colombo","Suduwella","425","100.00"
"Colombo","Colombo","Kadugoda","425","100.00"
"Colombo","Colombo","Malagala","425","100.00"
"Colombo","Gampaha","Seethawakapura","425","100.00"
"Colombo","Colombo","Embulgama","425","100.00"
"Colombo","Colombo","Ovitigama","425","100.00"
"Colombo","Colombo","Weralupitiya","425","100.00"
"Colombo","Colombo","Weragolla","425","100.00"
"Colombo","Colombo","Welikanna","425","100.00"
"Colombo","Colombo","Welipillewa","425","100.00"
"Colombo","Colombo","Diddeniya","425","100.00"
"Colombo","Colombo","Thunnana","425","100.00"
"Colombo","Colombo","Handapangoda","425","100.00"
"Colombo","Colombo","hingurala","425","100.00"
"Colombo","Kalutara","ingiriya","425","100.00"
"Colombo","Gampaha","Giridara","425","100.00"
"Colombo","Kalutara","Batugampola","425","100.00"
"Colombo","Colombo","BERUKETIYA","425","100.00"
"Colombo","Colombo","Miwanapalana","425","100.00"
"Colombo","Gampaha","SAMANABEDDA","425","100.00"
"Colombo","Colombo","LINEA AQUA","425","100.00"
"Colombo","Colombo","Samanabedda","425","100.00"
"Colombo","Colombo","Salawa","425","100.00"
"Colombo","Colombo","Ihala Kosgama","425","100.00"
"Colombo","Colombo","Kahahena","425","100.00"
"Colombo","Colombo","Arukwatta","425","100.00"
"Colombo","Colombo","Weragola","425","100.00"
"Colombo","Colombo","Menerigama","425","100.00"
"Colombo","Colombo","Pahala Bope","425","100.00"
"Colombo","Colombo","Udagama","425","100.00"
"Colombo","Colombo","Raigam Watta","425","100.00"
"Colombo","Colombo","Maha Ingiriya","425","100.00"
"Colombo","Colombo","ingiriya","425","100.00"
"Colombo","Colombo","Bodinagala","425","100.00"
"Colombo","Colombo","Halwathura","425","100.00"
"Colombo","Colombo","Nambapana","425","100.00"
"Colombo","Colombo","Naduhena","425","100.00"
"Colombo","Colombo","Godagama","425","100.00"
"Colombo","Colombo","Udumulla","425","100.00"
"Colombo","Colombo","Kotigamgoda","425","100.00"
"Colombo","Colombo","Wataraka","425","100.00"
"Colombo","Kalutara","Bentara","450","100.00"
"Colombo","Kalutara","Hedigalla Colony","450","100.00"
"Colombo","Galle","Agaliya","450","100.00"
"Colombo","Galle","Ahungalla","450","100.00"
"Colombo","Galle","Aluthwala","450","100.00"
"Colombo","Galle","Ampegama","450","100.00"
"Colombo","Galle","Amugoda","450","100.00"
"Colombo","Galle","Bentota","450","100.00"
"Colombo","Galle","Ella Tanabaddegama","450","100.00"
"Colombo","Galle","Ethkandura","450","100.00"
"Colombo","Galle","Ganegoda","450","100.00"
"Colombo","Galle","Godahena","450","100.00"
"Colombo","Galle","Gonagalapura","450","100.00"
"Colombo","Galle","Haburugala","450","100.00"
"Colombo","Galle","Induruwa","450","100.00"
"Colombo","Galle","Kahaduwa","450","100.00"
"Colombo","Galle","Kahawa","450","100.00"
"Colombo","Galle","Kosgoda","450","100.00"
"Colombo","Galle","Kuleegoda","450","100.00"
"Colombo","Galle","lhalahewessa","450","100.00"
"Colombo","Galle","lnduruwa","450","100.00"
"Colombo","Galle","Mapalagama","450","100.00"
"Colombo","Galle","Mapalagama Central","450","100.00"
"Colombo","Galle","Mattaka","450","100.00"
"Colombo","Galle","Meetiyagoda","450","100.00"
"Colombo","Galle","Nawadagala","450","100.00"
"Colombo","Galle","Nindana","450","100.00"
"Colombo","Galle","Pitigala","450","100.00"
"Colombo","Galle","Porawagama","450","100.00"
"Colombo","Galle","Rantotuwila","450","100.00"
"Colombo","Galle","Talgaspe","450","100.00"
"Colombo","Galle","Talgaswela","450","100.00"
"Colombo","Galle","Uragaha","450","100.00"
"Colombo","Galle","Uragasmanhandiya","450","100.00"
"Colombo","Galle","Watugedara","450","100.00"
"Colombo","Galle","Weihena","450","100.00"
"Colombo","Galle","Batapola","450","100.00"
"Colombo","Galle","Ambalangoda","450","100.00"
"Colombo","Galle","Balapitiya","450","100.00"
"Colombo","Kalutara","Benthota","450","100.00"
"Colombo","Galle","Elpitiya","450","100.00"
"Colombo","Galle","Welivitiya-Divithura","450","100.00"
"Colombo","Galle","Karandeniya","450","100.00"
"Colombo","Galle","Maththaka","450","100.00"
"Colombo","Galle","Ranthotuwila","450","100.00"
"Colombo","Galle","Thalgaspe","450","100.00"
"Colombo","Galle","Thalgaswela","450","100.00"
"Colombo","Galle","Wathugedara","450","100.00"
"Colombo","Galle","Addarawaththa","450","100.00"
"Colombo","Galle","Randombe Thalgasgoda","450","100.00"
"Colombo","Galle","Galagoda","450","100.00"
"Colombo","Galle","Andadola","450","100.00"
"Colombo","Galle","Seenigoda","450","100.00"
"Colombo","Galle","Kurundugahahethakma","450","100.00"
"Colombo","Galle","Yakkatuwa","450","100.00"
"Colombo","Galle","Ketapala","450","100.00"
"Colombo","Galle","Boraluhena","450","100.00"
"Colombo","Galle","Omanththa","450","100.00"
"Colombo","Galle","Thunduwa","450","100.00"
"Colombo","Galle","Wathurawila","450","100.00"
"Colombo","Galle","Thelwaththa","450","100.00"
"Colombo","Galle","Warellana","450","100.00"
"Colombo","Galle","Poddiwala","450","100.00"
"Colombo","Galle","Kiripedda","450","100.00"
"Colombo","Galle","Kekiriya","450","100.00"
"Colombo","Galle","Madakumbura","450","100.00"
"Colombo","Galle","Hipankanda","450","100.00"
"Colombo","Galle","Ella Thanabaddegama","450","100.00"
"Colombo","Galle","Weniyarawela","450","100.00"
"Colombo","Galle","Seenigama","450","100.00"
"Colombo","Galle","Peraliya","450","100.00"
"Colombo","Galle","Niyagama","450","100.00"
"Colombo","Galle","AWITTAWA","450","100.00"
"Colombo","Galle","thalgaswala","450","100.00"
"Colombo","Galle","Magala South","450","100.00"
"Colombo","Galle","Magala North","450","100.00"
"Colombo","Galle","Gonagala Pura","450","100.00"
"Colombo","Galle","Atakohota","450","100.00"
"Colombo","Galle","Pitigala - North","450","100.00"
"Colombo","Kalutara","Ihala hewessa","450","100.00"
"Colombo","Kalutara","Ihalahewessa","450","100.00"
"Colombo","Galle","Gonagalpura","450","100.00"
"Colombo","Galle","Avittawa","450","100.00"
"Colombo","Galle","Aviththawa","450","100.00"
"Colombo","Galle","Rantotuvila","450","100.00"
"Colombo","Galle","Ranthotuvila","450","100.00"
"Colombo","Galle","Dorala","450","100.00"
"Colombo","Galle","Ethkadura","450","100.00"
"Colombo","Galle","Unanvitiya","450","100.00"
"Colombo","Galle","Divithura","450","100.00"
"Colombo","Galle","MEEMEDUMA","450","100.00"
"Colombo","Galle","Dope","450","100.00"
"Colombo","Galle","Bentota","450","100.00"
"Colombo","Galle","Kuligoda","450","100.00"
"Colombo","Galle","Mahaedanda","450","100.00"
"Colombo","Galle","Thanipolgaha","450","100.00"
"Colombo","Galle","Thilakapura","450","100.00"
"Colombo","Galle","Keraminiya","450","100.00"
"Colombo","Galle","Patabedimulla","450","100.00"
"Colombo","Galle","Kandegoda","450","100.00"
"Colombo","Galle","Pathegama","450","100.00"
"Colombo","Galle","Karuwalabedda","450","100.00"
"Colombo","Galle","Kiralagahawela","450","100.00"
"Colombo","Galle","Malawenna","450","100.00"
"Colombo","Galle","Kalupe","450","100.00"
"Colombo","Galle","Berathuduwa","450","100.00"
"Colombo","Galle","Saranahandiya","450","100.00"
"Colombo","Galle","FEDRUWATHTHA","450","100.00"
"Colombo","Galle","Galahenkanda","450","100.00"
"Colombo","Galle","Gurusinhagoda","450","100.00"
"Colombo","Galle","Maddevila","450","100.00"
"Colombo","Galle","Mabingoda","450","100.00"
"Colombo","Galle","Yatagala","450","100.00"
"Colombo","Galle","Maha Uragaha","450","100.00"
"Colombo","Galle","BATUKANATHTHA","450","100.00"
"Colombo","Galle","KORAKEENA","450","100.00"
"Colombo","Galle","Kurundugaha","450","100.00"
"Colombo","Galle","Pituwala","450","100.00"
"Colombo","Galle","Omaththa","450","100.00"
"Colombo","Galle","Ihala Hewessa","450","100.00"
"Colombo","Galle","Naranovita","450","100.00"
"Colombo","Galle","Akurala","450","100.00"
"Colombo","Galle","Dangahavila","450","100.00"
"Colombo","Galle","Kurundugaha Hethekma","450","100.00"
"Colombo","Puttalam","Adippala","450","100.00"
"Colombo","Puttalam","Ambakandawila","450","100.00"
"Colombo","Puttalam","Andigama","450","100.00"
"Colombo","Puttalam","Angunawila","450","100.00"
"Colombo","Puttalam","Bangadeniya","450","100.00"
"Colombo","Puttalam","Ilippadeniya","450","100.00"
"Colombo","Puttalam","Kakkapalliya","450","100.00"
"Colombo","Puttalam","Karawitagara","450","100.00"
"Colombo","Puttalam","Kumarakattuwa","450","100.00"
"Colombo","Puttalam","Mugunuwatawana","450","100.00"
"Colombo","Puttalam","Nalladarankattuwa","450","100.00"
"Colombo","Puttalam","Panirendawa","450","100.00"
"Colombo","Puttalam","Rajakadaluwa","450","100.00"
"Colombo","Puttalam","Serukele","450","100.00"
"Colombo","Puttalam","Toduwawa","450","100.00"
"Colombo","Puttalam","Udappuwa","450","100.00"
"Colombo","Puttalam","Wilpotha","450","100.00"
"Colombo","Puttalam","Arachchikattuwa","450","100.00"
"Colombo","Puttalam","Mahawewa","450","100.00"
"Colombo","Puttalam","Pallama","450","100.00"
"Colombo","Puttalam","Baththuluoya","450","100.00"
"Colombo","Puttalam","Wijeyakatupotha","450","100.00"
"Colombo","Puttalam","Kusala","450","100.00"
"Colombo","Puttalam","Iranawila","450","100.00"
"Colombo","Puttalam","Adigama","450","100.00"
"Colombo","Puttalam","thambagalla","450","100.00"
"Colombo","Puttalam","paththukkulama","450","100.00"
"Colombo","Puttalam","ambakadawila","450","100.00"
"Colombo","Puttalam","thoduwawa","450","100.00"
"Colombo","Puttalam","madampe","450","100.00"
"Colombo","Puttalam","Udappu","450","100.00"
"Colombo","Puttalam","Halawatha","450","100.00"
"Colombo","Puttalam","Kudawewa","450","100.00"
"Colombo","Puttalam","Kanjukkuliya","450","100.00"
"Colombo","Puttalam","chilaw","450","100.00"
"Colombo","Puttalam","Lunu Oya","450","100.00"
"Colombo","Puttalam","Madawakkulama","450","100.00"
"Colombo","Puttalam","chilaw town","450","100.00"
"Colombo","Puttalam","merawala","450","100.00"
"Colombo","Puttalam","Galkuliya","450","100.00"
"Colombo","Puttalam","kurunegala road chilaw","450","100.00"
"Colombo","Puttalam","Wilaththawa","450","100.00"
"Colombo","Puttalam","Kiriyankalli","450","100.00"
"Colombo","Puttalam","Wijayakatupotha","450","100.00"
"Colombo","Puttalam","Battuluoya","450","100.00"
"Colombo","Puttalam","UDAKALA GAMMANAYA","450","100.00"
"Colombo","Puttalam","UDAKALA GAMMANAYA","450","100.00"
"Colombo","Puttalam","ANGADENIYA","450","100.00"
"Colombo","Puttalam","KUMARAKATTUWA","450","100.00"
"Colombo","Puttalam","DEMATAPITIYA","450","100.00"
"Colombo","Puttalam","PALLAMA","450","100.00"
"Colombo","Puttalam","WATHUPOLA","450","100.00"
"Colombo","Puttalam","KOLAELIYA","450","100.00"
"Colombo","Puttalam","WENDAKADUWA","450","100.00"
"Colombo","Puttalam","KAMMANDALUWA","450","100.00"
"Colombo","Puttalam","GALKULAMA","450","100.00"
"Colombo","Puttalam","PERIYAMADUWA","450","100.00"
"Colombo","Puttalam","ADIGAMA","450","100.00"
"Colombo","Puttalam","MUDALAKKULIYA","450","100.00"
"Colombo","Puttalam","MADAWAKKULAMA","450","100.00"
"Colombo","Puttalam","GALKULIYA","450","100.00"
"Colombo","Puttalam","WELLA","450","100.00"
"Colombo","Puttalam","KOLANIYA WELLA","450","100.00"
"Colombo","Puttalam","WATTAKKALLIYA","450","100.00"
"Colombo","Puttalam","KORAYAMAWATHA","450","100.00"
"Colombo","Puttalam","MEDAPADUWA WELLA","450","100.00"
"Colombo","Puttalam","RIDIWELLA","450","100.00"
"Colombo","Puttalam","SAWARANA","450","100.00"
"Colombo","Puttalam","MAIIKKULAMA","450","100.00"
"Colombo","Puttalam","SEDA UYANA","450","100.00"
"Colombo","Puttalam","INIGODAWELA","450","100.00"
"Colombo","Puttalam","PAMBALA","450","100.00"
"Colombo","Puttalam","IRATTAKULAMA","450","100.00"
"Colombo","Puttalam","TANIWELLAGAMA","450","100.00"
"Colombo","Puttalam","MUGUNUWATAWANA","450","100.00"
"Colombo","Puttalam","POTHUWILA","450","100.00"
"Colombo","Puttalam","KARUKKUWATAWANA","450","100.00"
"Colombo","Puttalam","ERUNWILA","450","100.00"
"Colombo","Puttalam","KARUKKUWA","450","100.00"
"Colombo","Puttalam","HARINDRAGAMA","450","100.00"
"Colombo","Puttalam","WALAHENA","450","100.00"
"Colombo","Puttalam","SEMUKATTIYA","450","100.00"
"Colombo","Puttalam","PANIRENDAWA","450","100.00"
"Colombo","Puttalam","TABAGALLA","450","100.00"
"Colombo","Puttalam","MUNNESHWARAMA","450","100.00"
"Colombo","Puttalam","THISOGAMA","450","100.00"
"Colombo","Puttalam","ILIPPADENIYA","450","100.00"
"Colombo","Puttalam","KARAWITAGARAYA","450","100.00"
"Colombo","Puttalam","MUGUNUWATAWANA","450","100.00"
"Colombo","Puttalam","KOKKAWILA","450","100.00"
"Colombo","Puttalam","VILATHTHAWA","450","100.00"
"Colombo","Puttalam","KEBELLEWALA","450","100.00"
"Colombo","Puttalam","ATHUWANA","450","100.00"
"Colombo","Puttalam","PULIYANKADAWARA","450","100.00"
"Colombo","Puttalam","PRBEPITIYA","450","100.00"
"Colombo","Puttalam","SIPPIKALANA","450","100.00"
"Colombo","Puttalam","MANUWANGAMA","450","100.00"
"Colombo","Puttalam","WATAWANA","450","100.00"
"Colombo","Puttalam","MUDALIYAWELA","450","100.00"
"Colombo","Puttalam","JAYABIMA","450","100.00"
"Colombo","Puttalam","ARACHCHIKATTUWA","450","100.00"
"Colombo","Puttalam","WILPOTHA","450","100.00"
"Colombo","Puttalam","AGUNAWILA","450","100.00"
"Colombo","Puttalam","MUNDALAMA","450","100.00"
"Colombo","Puttalam","WIJAYAKATUPOTHA","450","100.00"
"Colombo","Puttalam","KOTTAPITIYA","450","100.00"
"Colombo","Puttalam","PANKULAWA","450","100.00"
"Colombo","Puttalam","KIRIYANKALLIYA","450","100.00"
"Colombo","Puttalam","NALLADARANKATTUWA","450","100.00"
"Colombo","Puttalam","KARUKUPANE","450","100.00"
"Colombo","Puttalam","ADIPPALA","450","100.00"
"Colombo","Puttalam","HELABAWATAWANA","450","100.00"
"Colombo","Puttalam","ANAWILUNDAWA","450","100.00"
"Colombo","Puttalam","BURUTHAKALE","450","100.00"
"Colombo","Puttalam","KOTTAPITIYA","450","100.00"
"Colombo","Gampaha","Akaragama","450","100.00"
"Colombo","Gampaha","Demanhandiya","450","100.00"
"Colombo","Gampaha","Kadirana","450","100.00"
"Colombo","Gampaha","Katunayake Air Force Camp","450","100.00"
"Colombo","Gampaha","Katunayake","450","100.00"
"Colombo","Gampaha","Katuwellegama","450","100.00"
"Colombo","Gampaha","Kimbulapitiya","450","100.00"
"Colombo","Gampaha","Raddolugama","450","100.00"
"Colombo","Gampaha","Seeduwa","450","100.00"
"Colombo","Gampaha","Talahena","450","100.00"
"Colombo","Gampaha","Thimbirigaskatuwa","450","100.00"
"Colombo","Gampaha","Katana","450","100.00"
"Colombo","Gampaha","Katunayaka","450","100.00"
"Colombo","Gampaha","negambo","450","100.00"
"Colombo","Puttalam","Kochchikade","450","100.00"
"Colombo","Gampaha","Mookalangamuwa","450","100.00"
"Colombo","Gampaha","Phase 2","450","100.00"
"Colombo","Gampaha","Aramba","450","100.00"
"Colombo","Gampaha","kuswala","450","100.00"
"Colombo","Gampaha","Mahunupitiya","450","100.00"
"Colombo","Gampaha","Katiyala","450","100.00"
"Colombo","Gampaha","Dalupotha","450","100.00"
"Colombo","Gampaha","Sellakanda","450","100.00"
"Colombo","Gampaha","Wellaweediya","450","100.00"
"Colombo","Gampaha","Ambalammulla","450","100.00"
"Colombo","Gampaha","Duwana","450","100.00"
"Colombo","Gampaha","Thalahena","450","100.00"
"Colombo","Gampaha","kovinna","450","100.00"
"Colombo","Gampaha","kurana","450","100.00"
"Colombo","Gampaha","Raddoluwa","450","100.00"
"Colombo","Gampaha","Liyanagemulla","450","100.00"
"Colombo","Gampaha","amandoluwa","450","100.00"
"Colombo","Gampaha","Averiyawatte","450","100.00"
"Colombo","Gampaha","Awariwaththa","450","100.00"
"Colombo","Gampaha","Adiambalama","450","100.00"
"Colombo","Gampaha","andiambalama","450","100.00"
"Colombo","Gampaha","pallansena","450","100.00"
"Colombo","Gampaha","Daluwakotuwa","450","100.00"
"Colombo","Gampaha","negombo","450","100.00"
"Colombo","Gampaha","Negombo town","450","100.00"
"Colombo","Gampaha","sea side negombo","450","100.00"
"Colombo","Gampaha","Katuwapitiya","450","100.00"
"Colombo","Gampaha","Negombo","450","100.00"
"Colombo","Gampaha","Negombo main road","450","100.00"
"Colombo","Gampaha","Thimbirigaskatuwa","450","100.00"
"Colombo","Gampaha","Awariwaththa","450","100.00"
"Colombo","Gampaha","Bolawalana","450","100.00"
"Colombo","Gampaha","Akkara Panaha negombo","450","100.00"
"Colombo","Gampaha","Dambaduraya","450","100.00"
"Colombo","Gampaha","Thaladuwa","450","100.00"
"Colombo","Gampaha","Pitipana negombo","450","100.00"
"Colombo","Gampaha","Periyamulla","450","100.00"
"Colombo","Gampaha","Bolagala","450","100.00"
"Colombo","Gampaha","Dalupatha","450","100.00"
"Colombo","Gampaha","Kochchikade negombo","450","100.00"
"Colombo","Gampaha","Madampalla","450","100.00"
"Colombo","Gampaha","Palangathure","450","100.00"
"Colombo","Gampaha","Akaragama","450","100.00"
"Colombo","Gampaha","Demanhandiya","450","100.00"
"Colombo","Gampaha","Kadirana","450","100.00"
"Colombo","Gampaha","Katunayake Air Force Camp","450","100.00"
"Colombo","Gampaha","Katunayake","450","100.00"
"Colombo","Gampaha","Kimbulapitiya","450","100.00"
"Colombo","Gampaha","Raddolugama","450","100.00"
"Colombo","Gampaha","Seeduwa","450","100.00"
"Colombo","Gampaha","Talahena","450","100.00"
"Colombo","Gampaha","Thimbirigaskatuwa","450","100.00"
"Colombo","Gampaha","Katana","450","100.00"
"Colombo","Gampaha","Katunayaka","450","100.00"
"Colombo","Gampaha","negambo","450","100.00"
"Colombo","Gampaha","Mookalangamuwa","450","100.00"
"Colombo","Gampaha","Aramba","450","100.00"
"Colombo","Gampaha","kuswala","450","100.00"
"Colombo","Gampaha","Mahunupitiya","450","100.00"
"Colombo","Gampaha","Katiyala","450","100.00"
"Colombo","Gampaha","Dalupotha","450","100.00"
"Colombo","Gampaha","Sellakanda","450","100.00"
"Colombo","Gampaha","Wellaweediya","450","100.00"
"Colombo","Gampaha","Ambalammulla","450","100.00"
"Colombo","Gampaha","Duwana","450","100.00"
"Colombo","Gampaha","Thalahena","450","100.00"
"Colombo","Gampaha","kovinna","450","100.00"
"Colombo","Gampaha","kurana","450","100.00"
"Colombo","Gampaha","Ambalammulla","450","100.00"
"Colombo","Gampaha","Duwana","450","100.00"
"Colombo","Gampaha","Thalahena","450","100.00"
"Colombo","Gampaha","kovinna","450","100.00"
"Colombo","Gampaha","kurana","450","100.00"
"Colombo","Gampaha","Raddoluwa","450","100.00"
"Colombo","Gampaha","Liyanagemulla","450","100.00"
"Colombo","Gampaha","amandoluwa","450","100.00"
"Colombo","Gampaha","Averiyawatte","450","100.00"
"Colombo","Gampaha","Awariwaththa","450","100.00"
"Colombo","Gampaha","Adiambalama","450","100.00"
"Colombo","Gampaha","andiambalama","450","100.00"
"Colombo","Gampaha","pallansena","450","100.00"
"Colombo","Gampaha","Daluwakotuwa","450","100.00"
"Colombo","Gampaha","negombo","450","100.00"
"Colombo","Gampaha","Negombo town","450","100.00"
"Colombo","Gampaha","sea side negombo","450","100.00"
"Colombo","Gampaha","Katuwapitiya","450","100.00"
"Colombo","Gampaha","Negombo","450","100.00"
"Colombo","Gampaha","Negombo main road","450","100.00"
"Colombo","Gampaha","Thimbirigaskatuwa","450","100.00"
"Colombo","Gampaha","Awariwaththa","450","100.00"
"Colombo","Gampaha","Bolawalana","450","100.00"
"Colombo","Gampaha","Akkara Panaha negombo","450","100.00"
"Colombo","Gampaha","Dambaduraya","450","100.00"
"Colombo","Gampaha","Thaladuwa","450","100.00"
"Colombo","Gampaha","Pitipana negombo","450","100.00"
"Colombo","Gampaha","Periyamulla","450","100.00"
"Colombo","Gampaha","Bolagala","450","100.00"
"Colombo","Gampaha","Dalupatha","450","100.00"
"Colombo","Gampaha","Kochchikade negombo","450","100.00"
"Colombo","Gampaha","Kochchikade negombo","450","100.00"
"Colombo","Gampaha","Madampalla","450","100.00"
"Colombo","Gampaha","Palangathure","450","100.00"
"Colombo","Gampaha","dunugalpitiya","450","100.00"
"Colombo","Gampaha","Munnakkaraya","450","100.00"
"Colombo","Gampaha","Kongadamulla","450","100.00"
"Colombo","Gampaha","Thelwatta junction","450","100.00"
"Colombo","Gampaha","Ekala","450","100.00"
"Colombo","Gampaha","Makewita","450","100.00"
"Colombo","Gampaha","Niwandama","450","100.00"
"Colombo","Gampaha","Pamunugama","450","100.00"
"Colombo","Gampaha","Polpithimukulana","450","100.00"
"Colombo","Gampaha","Uswetakeiyawa","450","100.00"
"Colombo","Gampaha","Batagama","450","100.00"
"Colombo","Gampaha","Yakkaduwa","450","100.00"
"Colombo","Gampaha","Kudahakapola","450","100.00"
"Colombo","Gampaha","Dandugama","450","100.00"
"Colombo","Gampaha","Kanuwana","450","100.00"
"Colombo","Gampaha","Weligampitiya","450","100.00"
"Colombo","Gampaha","Niwasipura","450","100.00"
"Colombo","Gampaha","Bandigoda","450","100.00"
"Colombo","Gampaha","Delathura","450","100.00"
"Colombo","Gampaha","Pubudugama","450","100.00"
"Colombo","Gampaha","Rilaulla","450","100.00"
"Colombo","Gampaha","Hapugoda","450","100.00"
"Colombo","Gampaha","Nedagamuwa","450","100.00"
"Colombo","Gampaha","Je-Ela","450","100.00"
"Colombo","Gampaha","Ma Eliya","450","100.00"
"Colombo","Kalutara","Kadana","450","100.00"
"Colombo","Gampaha","NAGODA","450","100.00"
"Colombo","Gampaha","Bopitiya","450","100.00"
"Colombo","Gampaha","Ja- ela","450","100.00"
"Colombo","Gampaha","Kapuwatta","450","100.00"
"Colombo","Gampaha","Kanawana","450","100.00"
"Colombo","Gampaha","Kalaeliya","450","100.00"
"Colombo","Gampaha","Dalathura","450","100.00"
"Colombo","Gampaha","udammita","450","100.00"
"Colombo","Gampaha","Jaela","450","100.00"
"Colombo","Gampaha","Ja-ela","450","100.00"
"Colombo","Gampaha","Kandana","450","100.00"
"Colombo","Gampaha","Kotugoda","450","100.00"
"Colombo","Kalutara","Weligampitiya","450","100.00"
"Colombo","Gampaha","Croos Watta","450","100.00"
"Colombo","Gampaha","Lahuwala","450","100.00"
"Colombo","Gampaha","Lanciyawadiya","450","100.00"
"Colombo","Gampaha","ganepola","450","100.00"
"Colombo","Gampaha","Lokilangamuwa","450","100.00"
"Colombo","Gampaha","Bolanda","450","100.00"
"Colombo","Gampaha","Batapotha","450","100.00"
"Colombo","Gampaha","Kanuwana","450","100.00"
"Colombo","Gampaha","Jositawatta","450","100.00"
"Colombo","Gampaha","Kohumola Junction","450","100.00"
"Colombo","Gampaha","namalgolla","450","100.00"
"Colombo","Gampaha","Kawdangaha Junction","450","100.00"
"Colombo","Gampaha","Thammita","450","100.00"
"Colombo","Gampaha","Thudella","450","100.00"
"Colombo","Gampaha","Ja-Ela","450","100.00"
"Colombo","Gampaha","Ja Ela","450","100.00"
"Colombo","Gampaha","dehiyagatha","450","100.00"
"Colombo","Gampaha","Alawathupitiya","450","100.00"
"Colombo","Gampaha","Delatura","450","100.00"
"Colombo","Gampaha","Pulluhena","450","100.00"
"Colombo","Gampaha","Nugape","450","100.00"
"Colombo","Gampaha","Elenegoda","450","100.00"
"Colombo","Gampaha","Kapungoda","450","100.00"
"Colombo","Gampaha","Settappaduwa","450","100.00"
"Colombo","Gampaha","Settappaduwa","450","100.00"
"Colombo","Gampaha","Indiminna","450","100.00"
"Colombo","Gampaha","Kapuwagara","450","100.00"
"Colombo","Gampaha","Polpithimukalana","450","100.00"
"Colombo","Gampaha","Rilaulla Junction","450","100.00"
"Colombo","Gampaha","taniyawatta","450","100.00"
"Colombo","Gampaha","Molawatta","450","100.00"
"Colombo","Gampaha","Kandana Junction","450","100.00"
"Colombo","Gampaha","Polgahahena","450","100.00"
"Colombo","Gampaha","Jayasirigama","450","100.00"
"Colombo","Gampaha","Aniyakanda","450","100.00"
"Colombo","Gampaha","Jayasamarugama","450","100.00"
"Colombo","Gampaha","Nagoda Junction","450","100.00"
"Colombo","Gampaha","Nedurupitiya","450","100.00"
"Colombo","Colombo","Napawela","450","100.00"
"Colombo","Ratnapura","Dumbara Manana","450","100.00"
"Colombo","Ratnapura","Ellagawa","450","100.00"
"Colombo","Ratnapura","Ellawala","450","100.00"
"Colombo","Ratnapura","Getahetta","450","100.00"
"Colombo","Ratnapura","Karandana","450","100.00"
"Colombo","Ratnapura","Matuwagalagama","450","100.00"
"Colombo","Ratnapura","Mitipola","450","100.00"
"Colombo","Ratnapura","Panawala","450","100.00"
"Colombo","Ratnapura","Parakaduwa","450","100.00"
"Colombo","Kegalle","Hinguralakanda","450","100.00"
"Colombo","Ratnapura","Kiriella","450","100.00"
"Colombo","Ratnapura","Erepola","450","100.00"
"Colombo","Ratnapura","Getaheththa","450","100.00"
"Colombo","Ratnapura","Godagampola","450","100.00"
"Colombo","Ratnapura","Idangoda","450","100.00"
"Colombo","Ratnapura","Mudunkotuwa West","450","100.00"
"Colombo","Ratnapura","Kalatuwana","450","100.00"
"Colombo","Ratnapura","Kalatuwawa","450","100.00"
"Colombo","Ratnapura","eheliyagoda","450","100.00"
"Colombo","Ratnapura","ehaliyagoda","450","100.00"
"Colombo","Ratnapura","RANGEGAMA","450","100.00"
"Colombo","Ratnapura","HINGURALA KANDA","450","100.00"
"Colombo","Ratnapura","YOGAMA","450","100.00"
"Colombo","Ratnapura","MURUTTHETTHUWA","450","100.00"
"Colombo","Ratnapura","WELANGALLA","450","100.00"
"Colombo","Ratnapura","MANIYANGAMA","450","100.00"
"Colombo","Ratnapura","MADOLA","450","100.00"
"Colombo","Ratnapura","DIWRUMPITIYA","450","100.00"
"Colombo","Ratnapura","GETAHETTHA","450","100.00"
"Colombo","Ratnapura","MARABE","450","100.00"
"Colombo","Ratnapura","KEENAGAHAWELA","450","100.00"
"Colombo","Ratnapura","IDDHAMALGODA","450","100.00"
"Colombo","Ratnapura","BELEKKADE","450","100.00"
"Colombo","Ratnapura","UTHURU KARADANA","450","100.00"
"Colombo","Ratnapura","POLWATTHA KADE","450","100.00"
"Colombo","Ratnapura","MEENNANA","450","100.00"
"Colombo","Ratnapura","BOPETTHA","450","100.00"
"Colombo","Ratnapura","VILEGODA","450","100.00"
"Colombo","Ratnapura","THORANAGODA","450","100.00"
"Colombo","Ratnapura","UDUMATTHA","450","100.00"
"Colombo","Ratnapura","MORAGALA","450","100.00"
"Colombo","Ratnapura","ASGAGULA","450","100.00"
"Colombo","Ratnapura","DANDENIYA","450","100.00"
"Colombo","Ratnapura","THLAGAHA HANDIYA","450","100.00"
"Colombo","Ratnapura","MAHINGODA","450","100.00"
"Colombo","Ratnapura","VIYALAGODA","450","100.00"
"Colombo","Ratnapura","SAMANPEDESA","450","100.00"
"Colombo","Ratnapura","BULUGAHAPITIYA","450","100.00"
"Colombo","Ratnapura","PALEEGALA","450","100.00"
"Colombo","Ratnapura","HINDURANGALA","450","100.00"
"Colombo","Ratnapura","KETEPHOLA","450","100.00"
"Colombo","Ratnapura","GALATHURA","450","100.00"
"Colombo","Ratnapura","EPITAWELA","450","100.00"
"Colombo","Ratnapura","DAMMULLA","450","100.00"
"Colombo","Ratnapura","AMUHENKANDA","450","100.00"
"Colombo","Ratnapura","NAMALDENIYA","450","100.00"
"Colombo","Ratnapura","POHORABAWA","450","100.00"
"Colombo","Ratnapura","BENDALUWA","450","100.00"
"Colombo","Ratnapura","PUSSELLA","450","100.00"
"Colombo","Ratnapura","AMMBALANPITIYA","450","100.00"
"Colombo","Ratnapura","GODAGAMPALA","450","100.00"
"Colombo","Ratnapura","PAMBEGAMA","450","100.00"
"Colombo","Ratnapura","IMBULPITIYA","450","100.00"
"Colombo","Ratnapura","DIKDENIYA","450","100.00"
"Colombo","Ratnapura","Karadana","450","100.00"
"Colombo","Ratnapura","gatahatta","450","100.00"
"Colombo","Ratnapura","Pussalla","450","100.00"
"Colombo","Ratnapura","Eheliyagoda","450","100.00"
"Colombo","Ratnapura","Minnana","450","100.00"
"Colombo","Ratnapura","Iddamalgoda","450","100.00"
"Colombo","Ratnapura","Bopetta","450","100.00"
"Colombo","Ratnapura","Divurumpitiya","450","100.00"
"Colombo","Ratnapura","Napawala","450","100.00"
"Colombo","Ratnapura","Baduwatta","450","100.00"
"Colombo","Ratnapura","Matuwagala","450","100.00"
"Colombo","Ratnapura","Batangala","450","100.00"
"Colombo","Ratnapura","Muruththettuwa","450","100.00"
"Colombo","Ratnapura","Hinguralakanda","450","100.00"
"Colombo","Ratnapura","Kurugammodara","450","100.00"
"Colombo","Ratnapura","Heraniyawaka","450","100.00"
"Colombo","Ratnapura","Udapasgama","450","100.00"
"Colombo","Ratnapura","Galatura","450","100.00"
"Colombo","Ratnapura","Ketepola","450","100.00"
"Colombo","Ratnapura","Dumbara","450","100.00"
"Colombo","Ratnapura","Madala","450","100.00"
"Colombo","Ratnapura","Epitawala","450","100.00"
"Colombo","Ratnapura","Thalavitiya","450","100.00"
"Colombo","Ratnapura","Meneripitiya","450","100.00"
"Colombo","Ratnapura","Pannila","450","100.00"
"Colombo","Ratnapura","Koshena","450","100.00"
"Colombo","Ratnapura","Karandana North","450","100.00"
"Colombo","Ratnapura","Kalatuwawa","450","100.00"
"Colombo","Ratnapura","Keenagahawila","450","100.00"
"Colombo","Ratnapura","Wewila","450","100.00"
"Colombo","Ratnapura","Karandana South","450","100.00"
"Colombo","Gampaha","Kattuwa","450","100.00"
"Colombo","Kurunegala","Daraluwa","450","100.00"
"Colombo","Kurunegala","Gonawila","450","100.00"
"Colombo","Kurunegala","Sandalankawa","450","100.00"
"Colombo","Kurunegala","Walakumburumulla","450","100.00"
"Colombo","Kurunegala","Welipennagahamulla","450","100.00"
"Colombo","Puttalam","Dunkannawa","450","100.00"
"Colombo","Puttalam","Ihala Kottaramulla","450","100.00"
"Colombo","Puttalam","Katuneriya","450","100.00"
"Colombo","Puttalam","Lihiriyagama","450","100.00"
"Colombo","Puttalam","Lunuwila","450","100.00"
"Colombo","Puttalam","Muttibendiwila","450","100.00"
"Colombo","Puttalam","Nainamadama","450","100.00"
"Colombo","Puttalam","Pothuwatawana","450","100.00"
"Colombo","Puttalam","Waikkal","450","100.00"
"Colombo","Puttalam","Watugahamulla","450","100.00"
"Colombo","Puttalam","Yogiyana","450","100.00"
"Colombo","Puttalam","Wennappuwa","450","100.00"
"Colombo","Puttalam","Nattandiya","450","100.00"
"Colombo","Kurunegala","pannala","450","100.00"
"Colombo","Kurunegala","Waguruwela","450","100.00"
"Colombo","Puttalam","Bolawaththa","450","100.00"
"Colombo","Puttalam","Kirimetiyana","450","100.00"
"Colombo","Puttalam","Kottaramulla","450","100.00"
"Colombo","Puttalam","Mudukatuwa","450","100.00"
"Colombo","Puttalam","Marawila","450","100.00"
"Colombo","Puttalam","Naththandiya","450","100.00"
"Colombo","Puttalam","Waikkala","450","100.00"
"Colombo","Puttalam","Welpalla","450","100.00"
"Colombo","Gampaha","Gonavila","450","100.00"
"Colombo","Puttalam","Kahatawila","450","100.00"
"Colombo","Puttalam","Haldaduwana","450","100.00"
"Colombo","Puttalam","ilippugamuwa","450","100.00"
"Colombo","Puttalam","THULAWALA KOSWATTA","450","100.00"
"Colombo","Puttalam","dankotuwa","450","100.00"
"Colombo","Kurunegala","Wellpalla","450","100.00"
"Colombo","Kurunegala","Dampadiya","450","100.00"
"Colombo","Puttalam","bujjampola","450","100.00"
"Colombo","Puttalam","muttibadiwila","450","100.00"
"Colombo","Puttalam","wathugahamulla","450","100.00"
"Colombo","Puttalam","Muttibendivila","450","100.00"
"Colombo","Puttalam","narawila koswatta","450","100.00"
"Colombo","Kurunegala","elabadagama","450","100.00"
"Colombo","Puttalam","Nattandiya town","450","100.00"
"Colombo","Puttalam","Nattandiya","450","100.00"
"Colombo","Puttalam","Panangoda","450","100.00"
"Colombo","Puttalam","Welipannagahamulla","450","100.00"
"Colombo","Puttalam","Thabbowa","450","100.00"
"Colombo","Puttalam","Sagaragama","450","100.00"
"Colombo","Puttalam","Lansigama","450","100.00"
"Colombo","Puttalam","Mawila","450","100.00"
"Colombo","Puttalam","Pichchawala","450","100.00"
"Colombo","Puttalam","Thalwila","450","100.00"
"Colombo","Puttalam","Marandawella","450","100.00"
"Colombo","Puttalam","Modarawella","450","100.00"
"Colombo","Puttalam","Marawila town","450","100.00"
"Colombo","Puttalam","Kirimatiyana","450","100.00"
"Colombo","Puttalam","Sirigampala","450","100.00"
"Colombo","Puttalam","Kachchirawa","450","100.00"
"Colombo","Puttalam","Dematapitiya","450","100.00"
"Colombo","Puttalam","Kolinjadiya","450","100.00"
"Colombo","Puttalam","Randiyagama","450","100.00"
"Colombo","Puttalam","Ulhitiyawa","450","100.00"
"Colombo","Puttalam","Dummaladeniya","450","100.00"
"Colombo","Puttalam","Wennappuwa town","450","100.00"
"Colombo","Puttalam","Wennappuwa town","450","100.00"
"Colombo","Puttalam","Wennappuwa","450","100.00"
"Colombo","Puttalam","Hundirapola","450","100.00"
"Colombo","Puttalam","Ginigalpola","450","100.00"
"Colombo","Puttalam","Haldanduwana","450","100.00"
"Colombo","Puttalam","Boralessa","450","100.00"
"Colombo","Puttalam","Bandirippuwa","450","100.00"
"Colombo","Puttalam","Matikotuwa","450","100.00"
"Colombo","Puttalam","Godella","450","100.00"
"Colombo","Puttalam","Dankotuwa town","450","100.00"
"Colombo","Puttalam","Dankotuwa","450","100.00"
"Colombo","Puttalam","pannala town","450","100.00"
"Colombo","Puttalam","pannala","450","100.00"
"Colombo","Puttalam","Sandalankawa","450","100.00"
"Colombo","Puttalam","Gonawila  Makandura","450","100.00"
"Colombo","Puttalam","Kotuwella","450","100.00"
"Colombo","Puttalam","Pallama","450","100.00"
"Colombo","Puttalam","Gonulla","450","100.00"
"Colombo","Puttalam","Kekillapitiya","450","100.00"
"Colombo","Puttalam","Thalammahara","450","100.00"
"Colombo","Puttalam","Elabadagama","450","100.00"
"Colombo","Puttalam","Kandanegedara","450","100.00"
"Colombo","Puttalam","Wadumunnegedara","450","100.00"
"Colombo","Puttalam","Yakwila","450","100.00"
"Colombo","Puttalam","Hiyawala","450","100.00"
"Colombo","Puttalam","benawaththa","450","100.00"
"Colombo","Puttalam","Waikkal","450","100.00"
"Colombo","Puttalam","Thopputhota","450","100.00"
"Colombo","Puttalam","Kammala South","450","100.00"
"Colombo","Puttalam","Bothalegama","450","100.00"
"Colombo","Gampaha","Batuwatta","450","100.00"
"Colombo","Gampaha","Dalugama","450","100.00"
"Colombo","Gampaha","GonawalaWP","450","100.00"
"Colombo","Gampaha","Hendala","450","100.00"
"Colombo","Gampaha","Kiribathgoda","450","100.00"
"Colombo","Gampaha","Peliyagoda","450","100.00"
"Colombo","Gampaha","Ragama","450","100.00"
"Colombo","Gampaha","Welisara","450","100.00"
"Colombo","Gampaha","Kelaniya","450","100.00"
"Colombo","Gampaha","Wattala","450","100.00"
"Colombo","Gampaha","Batuwaththa","450","100.00"
"Colombo","Gampaha","Kerawalapitiya","450","100.00"
"Colombo","Gampaha","Matagoda","450","100.00"
"Colombo","Gampaha","Parana Ambalama","450","100.00"
"Colombo","Gampaha","Preethipura","450","100.00"
"Colombo","Gampaha","Hekitta","450","100.00"
"Colombo","Gampaha","Aniyakanda","450","100.00"
"Colombo","Gampaha","Podiweekumbura","450","100.00"
"Colombo","Gampaha","Kurukulawa","450","100.00"
"Colombo","Gampaha","Nathuduwa","450","100.00"
"Colombo","Gampaha","Galborella","450","100.00"
"Colombo","Gampaha","Rampitiya","450","100.00"
"Colombo","Gampaha","Hekiththa","450","100.00"
"Colombo","Gampaha","hunupitiya","450","100.00"
"Colombo","Gampaha","wanawasala","450","100.00"
"Colombo","Gampaha","pethiyagoda","450","100.00"
"Colombo","Gampaha","gonawala","450","100.00"
"Colombo","Gampaha","walisara","450","100.00"
"Colombo","Gampaha","Mahabage","450","100.00"
"Colombo","Gampaha","Peralanda","450","100.00"
"Colombo","Gampaha","paliyagoda","450","100.00"
"Colombo","Gampaha","Mabole","450","100.00"
"Colombo","Gampaha","Enderamulla","450","100.00"
"Colombo","Gampaha","Eriyawetiya","450","100.00"
"Colombo","Gampaha","Pattivila","450","100.00"
"Colombo","Gampaha","Bollegala","450","100.00"
"Colombo","Gampaha","Thalwatta","450","100.00"
"Colombo","Gampaha","Pamunuwila","450","100.00"
"Colombo","Gampaha","Kohalwila","450","100.00"
"Colombo","Gampaha","Maguruwila","450","100.00"
"Colombo","Gampaha","Thorana Junction","450","100.00"
"Colombo","Gampaha","Bulugaha Junction","450","100.00"
"Colombo","Gampaha","Himbutuwelgoda","450","100.00"
"Colombo","Gampaha","Nungamugoda","450","100.00"
"Colombo","Gampaha","Sinharamulla","450","100.00"
"Colombo","Gampaha","Pilapitiya","450","100.00"
"Colombo","Gampaha","Pattiya Junction","450","100.00"
"Colombo","Gampaha","Weliamuna Road","450","100.00"
"Colombo","Gampaha","Elakanda","450","100.00"
"Colombo","Gampaha","Dikovita","450","100.00"
"Colombo","Gampaha","Oliyamulla","450","100.00"
"Colombo","Gampaha","Thelangapatha","450","100.00"
"Colombo","Gampaha","Wewelduwa","450","100.00"
"Colombo","Gampaha","Akbar Town","450","100.00"
"Colombo","Gampaha","Gongithota","450","100.00"
"Colombo","Gampaha","Welikadamulla Road","450","100.00"
"Colombo","Gampaha","Nawaloka Junction","450","100.00"
"Colombo","Gampaha","Magulpokuna","450","100.00"
"Colombo","Gampaha","Ragama Junction","450","100.00"
"Colombo","Gampaha","Ragama","450","100.00"
"Colombo","Gampaha","Siriwardahana Road ragama","450","100.00"
"Colombo","Gampaha","Thalagolla","450","100.00"
"Colombo","Gampaha","dambuwa","450","100.00"
"Colombo","Gampaha","lanka matha road ragama","450","100.00"
"Colombo","Gampaha","Kadawatha road ragama","450","100.00"
"Colombo","Gampaha","Delpe junction","450","100.00"
"Colombo","Gampaha","Naligama junction","450","100.00"
"Colombo","Gampaha","Prison road ragama","450","100.00"
"Colombo","Gampaha","Galwala junction","450","100.00"
"Colombo","Gampaha","Welipillewa","450","100.00"
"Colombo","Gampaha","Thuduwegedara","450","100.00"
"Colombo","Gampaha","nagoda kandana","450","100.00"
"Colombo","Gampaha","Linton Ground","450","100.00"
"Colombo","Gampaha","Thewatta","450","100.00"
"Colombo","Gampaha","vihara mawatha Thewatta","450","100.00"
"Colombo","Gampaha","Narangoda Paluwa","450","100.00"
"Colombo","Gampaha","Batuwatta","450","100.00"
"Colombo","Gampaha","Walpola","450","100.00"
"Colombo","Gampaha","Jayasrigama","450","100.00"
"Colombo","Gampaha","Boystown ragama","450","100.00"
"Colombo","Gampaha","Podiveekumbura","450","100.00"
"Colombo","Gampaha","Banduragoda","450","100.00"
"Colombo","Gampaha","Bokalagama","450","100.00"
"Colombo","Gampaha","Danowita","450","100.00"
"Colombo","Gampaha","Debahera","450","100.00"
"Colombo","Gampaha","Delwagura","450","100.00"
"Colombo","Gampaha","Divuldeniya","450","100.00"
"Colombo","Gampaha","Ellakkala","450","100.00"
"Colombo","Gampaha","Ihala Madampella","450","100.00"
"Colombo","Gampaha","Kaleliya","450","100.00"
"Colombo","Gampaha","Kitalawalana","450","100.00"
"Colombo","Gampaha","Kitulwala","450","100.00"
"Colombo","Gampaha","Kotadeniyawa","450","100.00"
"Colombo","Gampaha","Kumbaloluwa","450","100.00"
"Colombo","Gampaha","Loluwagoda","450","100.00"
"Colombo","Gampaha","Mabodale","450","100.00"
"Colombo","Gampaha","Mellawagedara","450","100.00"
"Colombo","Gampaha","Muddaragama","450","100.00"
"Colombo","Gampaha","Nawana","450","100.00"
"Colombo","Gampaha","Pallewela","450","100.00"
"Colombo","Gampaha","Pamunuwatta","450","100.00"
"Colombo","Gampaha","Pasyala","450","100.00"
"Colombo","Gampaha","Radawadunna","450","100.00"
"Colombo","Gampaha","Weweldeniya","450","100.00"
"Colombo","Gampaha","Ataragallewa","450","100.00"
"Colombo","Gampaha","Welangahawatte","450","100.00"
"Colombo","Kurunegala","Elibichchiya","450","100.00"
"Colombo","Kurunegala","Giriulla","450","100.00"
"Colombo","Kurunegala","Labbala","450","100.00"
"Colombo","Kegalle","Algama","450","100.00"
"Colombo","Gampaha","Pamunuwaththa","450","100.00"
"Colombo","Kegalle","keenadeniya","450","100.00"
"Colombo","Kegalle","Narangoda","450","100.00"
"Colombo","Puttalam","Badalgama","450","100.00"
"Colombo","Kegalle","Paranathala","450","100.00"
"Colombo","Gampaha","Heeralugedara","450","100.00"
"Colombo","Gampaha","Mallawagedara","450","100.00"
"Colombo","Gampaha","Nalapaha","450","100.00"
"Colombo","Kurunegala","Galdeniya","450","100.00"
"Colombo","Gampaha","Waradala","450","100.00"
"Colombo","Gampaha","Kalumada","450","100.00"
"Colombo","Gampaha","Kehelella","450","100.00"
"Colombo","Gampaha","Henpitagedara","450","100.00"
"Colombo","Gampaha","Balagalla","450","100.00"
"Colombo","Gampaha","Divlapitiya","450","100.00"
"Colombo","Gampaha","Thammita","450","100.00"
"Colombo","Gampaha","Welangahawaththa","450","100.00"
"Colombo","Gampaha","Kithalawalana","450","100.00"
"Colombo","Gampaha","Welihinda","450","100.00"
"Colombo","Gampaha","Diuldeniya","450","100.00"
"Colombo","Kurunegala","Bammanna","450","100.00"
"Colombo","Gampaha","Barawawila","450","100.00"
"Colombo","Gampaha","Palliyapitiya","450","100.00"
"Colombo","Gampaha","maholawa","450","100.00"
"Colombo","Gampaha","mirigama","450","100.00"
"Colombo","Kegalle","mirimaga","450","100.00"
"Colombo","Gampaha","Mabodala","450","100.00"
"Colombo","Gampaha","Wewaldeniya","450","100.00"
"Colombo","Kurunegala","ku/Bopitiya","450","100.00"
"Colombo","Kurunegala","ku bopitiya","450","100.00"
"Colombo","Gampaha","algama","450","100.00"
"Colombo","Gampaha","Badalgama","450","100.00"
"Colombo","Gampaha","Nalla","450","100.00"
"Colombo","Gampaha","KAHANDAWA","450","100.00"
"Colombo","Gampaha","Hakurukumbura","450","100.00"
"Colombo","Gampaha","Gurullagama","450","100.00"
"Colombo","Gampaha","Ambepussa","450","100.00"
"Colombo","Gampaha","Botale","450","100.00"
"Colombo","Gampaha","Mirigama city","450","100.00"
"Colombo","Gampaha","Wilwaththa","450","100.00"
"Colombo","Gampaha","Thawalampitiya","450","100.00"
"Colombo","Gampaha","THALAKOLAYAYA","450","100.00"
"Colombo","Gampaha","Kadangamuwa","450","100.00"
"Colombo","Gampaha","Purana Mirigama","450","100.00"
"Colombo","Gampaha","Giriulla","450","100.00"
"Colombo","Gampaha","Ku / Bopitiya","450","100.00"
"Colombo","Gampaha","Dambadeniya","450","100.00"
"Colombo","Gampaha","Siyambalawalana","450","100.00"
"Colombo","Gampaha","Narangoda","450","100.00"
"Colombo","Gampaha","Maaharagama","450","100.00"
"Colombo","Gampaha","Meddepola","450","100.00"
"Colombo","Gampaha","Marandagolla","450","100.00"
"Colombo","Gampaha","Mummana","450","100.00"
"Colombo","Gampaha","Labbala","450","100.00"
"Colombo","Gampaha","Kudagammana","450","100.00"
"Colombo","Gampaha","Elibichchiya","450","100.00"
"Colombo","Gampaha","Katukenda","450","100.00"
"Colombo","Gampaha","Ambagahahena","450","100.00"
"Colombo","Gampaha","Balawala","450","100.00"
"Colombo","Gampaha","Akaragama","450","100.00"
"Colombo","Gampaha","Tammita","450","100.00"
"Colombo","Gampaha","Kelepitimulla","450","100.00"
"Colombo","Gampaha","Welagana","450","100.00"
"Colombo","Gampaha","Kudagammana","450","100.00"
"Colombo","Gampaha","Walpita","450","100.00"
"Colombo","Gampaha","Danovita","450","100.00"
"Colombo","Gampaha","Danowita","450","100.00"
"Colombo","Gampaha","Weerasooriyakanda","450","100.00"
"Colombo","Gampaha","Debahera","450","100.00"
"Colombo","Gampaha","Haggalla","450","100.00"
"Colombo","Gampaha","Lindara","450","100.00"
"Colombo","Gampaha","Ellalamulla","450","100.00"
"Colombo","Gampaha","Neligama","450","100.00"
"Colombo","Gampaha","Meevitiya","450","100.00"
"Colombo","Gampaha","Makkanigoda","450","100.00"
"Colombo","Gampaha","Kalalpitiya","450","100.00"
"Colombo","Gampaha","Uduwaka","450","100.00"
"Colombo","Gampaha","Medagampitiya","450","100.00"
"Colombo","Gampaha","Vitanamulla","450","100.00"
"Colombo","Gampaha","Wewagedara","450","100.00"
"Colombo","Gampaha","Hapugahagedara","450","100.00"
"Colombo","Gampaha","pinnakele","450","100.00"
"Colombo","Gampaha","Bomugammana","450","100.00"
"Colombo","Gampaha","Aluthepola","450","100.00"
"Colombo","Gampaha","Assennawatta","450","100.00"
"Colombo","Gampaha","Horagasmulla","450","100.00"
"Colombo","Gampaha","Ullalapola","450","100.00"
"Colombo","Gampaha","Handurumulla","450","100.00"
"Colombo","Gampaha","Hinamulla","450","100.00"
"Colombo","Gampaha","Hiriwala","450","100.00"
"Colombo","Gampaha","Hapitigama","450","100.00"
"Colombo","Gampaha","GANEGODA","450","100.00"
"Colombo","Gampaha","Wijayarajadahana","450","100.00"
"Colombo","Gampaha","Raddalgoda","450","100.00"
"Colombo","Gampaha","Gaspe","450","100.00"
"Colombo","Gampaha","Gaspe","450","100.00"
"Colombo","Kalutara","Anguruwatota","450","100.00"
"Colombo","Kalutara","Boralugoda","450","100.00"
"Colombo","Kalutara","Dombagoda","450","100.00"
"Colombo","Kalutara","Gonapola Junction","450","100.00"
"Colombo","Kalutara","Haltota","450","100.00"
"Colombo","Kalutara","Kananwila","450","100.00"
"Colombo","Kalutara","Kandanagama","450","100.00"
"Colombo","Kalutara","Kuda Uduwa","450","100.00"
"Colombo","Kalutara","Paragastota","450","100.00"
"Colombo","Kalutara","Poruwedanda","450","100.00"
"Colombo","Kalutara","Welmilla Junction","450","100.00"
"Colombo","Kalutara","Madurawala","450","100.00"
"Colombo","Kalutara","Manana","450","100.00"
"Colombo","Kalutara","Batuwita","450","100.00"
"Colombo","Kalutara","Hengoda","450","100.00"
"Colombo","Kalutara","Ballapitiya","450","100.00"
"Colombo","Kalutara","Walpita","450","100.00"
"Colombo","Kalutara","Opalla","450","100.00"
"Colombo","Kalutara","Yala","450","100.00"
"Colombo","Kalutara","Ihala Naragala","450","100.00"
"Colombo","Kalutara","Atalugama","450","100.00"
"Colombo","Kalutara","Kidelpitiya","450","100.00"
"Colombo","Kalutara","Bandaragama","450","100.00"
"Colombo","Kalutara","Ramukkana","450","100.00"
"Colombo","Kalutara","Raigama","450","100.00"
"Colombo","Kalutara","gonapola","450","100.00"
"Colombo","Kalutara","gonapala","450","100.00"
"Colombo","Kalutara","Atulugama","450","100.00"
"Colombo","Kalutara","Bamunugama","450","100.00"
"Colombo","Kalutara","Kolamediriya","450","100.00"
"Colombo","Kalutara","Kolamadiriya","450","100.00"
"Colombo","Kalutara","Kumbuka","450","100.00"
"Colombo","Kalutara","Pokunuwita","450","100.00"
"Colombo","Kalutara","Moragahahena","450","100.00"
"Colombo","Kalutara","Millewa","450","100.00"
"Colombo","Kalutara","Horana","450","100.00"
"Colombo","Kalutara","Poruwadanda","450","100.00"
"Colombo","Kalutara","Govinna","450","100.00"
"Colombo","Kalutara","Bellapitiya","450","100.00"
"Colombo","Kalutara","Wewala","450","100.00"
"Colombo","Kalutara","Remuna","450","100.00"
"Colombo","Kalutara","Werawaththa","450","100.00"
"Colombo","Kalutara","Prabuddagama","450","100.00"
"Colombo","Kalutara","Anguruwathota","450","100.00"
"Colombo","Kalutara","Aguruwathota","450","100.00"
"Colombo","Kalutara","Uduwara","450","100.00"
"Colombo","Kalutara","Keselhenawa","450","100.00"
"Colombo","Kalutara","Wenivelpitiya","450","100.00"
"Colombo","Kalutara","Weniwalpitiya","450","100.00"
"Colombo","Kalutara","Halthota","450","100.00"
"Colombo","Kalutara","Millaniya","450","100.00"
"Colombo","Kalutara","Paragasthota","450","100.00"
"Colombo","Kalutara","welmilla","450","100.00"
"Colombo","Kalutara","walmilla","450","100.00"
"Colombo","Kalutara","Kananvila","450","100.00"
"Colombo","Kalutara","Thalagala","450","100.00"
"Colombo","Kalutara","Uduwa","450","100.00"
"Colombo","Kalutara","Koralaima","450","100.00"
"Colombo","Kalutara","Kaballagoda","450","100.00"
"Colombo","Kalutara","Perangiyawala","450","100.00"
"Colombo","Kalutara","Horagas Handiya","450","100.00"
"Colombo","Kalutara","Moragahahena","450","100.00"
"Colombo","Kalutara","BERAKATIYA","450","100.00"
"Colombo","Kalutara","BERAKATIYA","450","100.00"
"Colombo","Kalutara","BERAKATIYA","450","100.00"
"Colombo","Kalutara","BERAKATIYA","450","100.00"
"Colombo","Kalutara","Millawa","450","100.00"
"Colombo","Kalutara","Raigama","450","100.00"
"Colombo","Kalutara","Raigama North","450","100.00"
"Colombo","Kalutara","Moonagama","450","100.00"
"Colombo","Kalutara","Kirigalahena","450","100.00"
"Colombo","Kalutara","Pahala Naragala","450","100.00"
"Colombo","Kalutara","Gowinna","450","100.00"
"Colombo","Kalutara","Ratiyala","450","100.00"
"Colombo","Kalutara","Kobawaka","450","100.00"
"Colombo","Kalutara","Kirimatiwalakada","450","100.00"
"Colombo","Kalutara","Ihala Opalla","450","100.00"
"Colombo","Kalutara","Gurugoda","450","100.00"
"Colombo","Kalutara","Maputugala","450","100.00"
"Colombo","Kalutara","Halbarawa","450","100.00"
"Colombo","Kalutara","Saugas Handiya","450","100.00"
"Colombo","Kalutara","Saugas Handiya","450","100.00"
"Colombo","Kalutara","Dikhenapura","450","100.00"
"Colombo","Kalutara","Horana Town","450","100.00"
"Colombo","Kalutara","Galedandugoda","450","100.00"
"Colombo","Kalutara","Ballanthudawa","450","100.00"
"Colombo","Kalutara","Gelanigama","450","100.00"
"Colombo","Kalutara","Weedagama","450","100.00"
"Colombo","Kalutara","Baddegoda","450","100.00"
"Colombo","Kalutara","Wewita","450","100.00"
"Colombo","Kalutara","Galthude","450","100.00"
"Colombo","Kalutara","Halapitiya","450","100.00"
"Colombo","Kalutara","Kanattagoda","450","100.00"
"Colombo","Kalutara","Werawatta","450","100.00"
"Colombo","Kalutara","Batagoda","450","100.00"
"Colombo","Kalutara","Lenawara","450","100.00"
"Colombo","Kalutara","Olaboduwa","450","100.00"
"Colombo","Kalutara","munagama","450","100.00"
"Colombo","Kalutara","Baduraliya","450","100.00"
"Colombo","Kalutara","Bellana","450","100.00"
"Colombo","Kalutara","Delmella","450","100.00"
"Colombo","Kalutara","Gurulubadda","450","100.00"
"Colombo","Kalutara","Halwala","450","100.00"
"Colombo","Kalutara","Ittapana","450","100.00"
"Colombo","Kalutara","Kelinkanda","450","100.00"
"Colombo","Kalutara","Kitulgoda","450","100.00"
"Colombo","Kalutara","Mahagama","450","100.00"
"Colombo","Kalutara","Mahakalupahana","450","100.00"
"Colombo","Kalutara","Matugama","450","100.00"
"Colombo","Kalutara","Meegahatenna","450","100.00"
"Colombo","Kalutara","Molkawa","450","100.00"
"Colombo","Kalutara","Morapitiya","450","100.00"
"Colombo","Kalutara","Nawaththuduwa","450","100.00"
"Colombo","Kalutara","Pahalahewessa","450","100.00"
"Colombo","Kalutara","Paragoda","450","100.00"
"Colombo","Kalutara","Paraigama","450","100.00"
"Colombo","Kalutara","Palanda","450","100.00"
"Colombo","Kalutara","Polgampola","450","100.00"
"Colombo","Kalutara","Veyangalla","450","100.00"
"Colombo","Kalutara","Walallawita","450","100.00"
"Colombo","Kalutara","Welipenna","450","100.00"
"Colombo","Kalutara","Yagirala","450","100.00"
"Colombo","Kalutara","Yatadolawatta","450","100.00"
"Colombo","Kalutara","Agalawatta","450","100.00"
"Colombo","Kalutara","Mathugama","450","100.00"
"Colombo","Kalutara","Palindanuwara","450","100.00"
"Colombo","Kalutara","Walallavita","450","100.00"
"Colombo","Kalutara","Diyakaduwa","450","100.00"
"Colombo","Kalutara","Agalawaththa","450","100.00"
"Colombo","Kalutara","Horawala","450","100.00"
"Colombo","Kalutara","Udowita","450","100.00"
"Colombo","Kalutara","Pelawaththa","450","100.00"
"Colombo","Kalutara","Meegahathenna","450","100.00"
"Colombo","Kalutara","Yatadolawaththa","450","100.00"
"Colombo","Kalutara","Udugalkanda","450","100.00"
"Colombo","Kalutara","Pimbura","450","100.00"
"Colombo","Kalutara","Dapiligoda","450","100.00"
"Colombo","Kalutara","Thotapatha","450","100.00"
"Colombo","Kalutara","Athwelthota","450","100.00"
"Colombo","Kalutara","Malabada","450","100.00"
"Colombo","Kalutara","Panthiya","450","100.00"
"Colombo","Kalutara","Lathpandura","450","100.00"
"Colombo","Kalutara","Kithulgoda","450","100.00"
"Colombo","Kalutara","Gurulubedda","450","100.00"
"Colombo","Kalutara","Makalandawa","450","100.00"
"Colombo","Kalutara","Welmeegoda","450","100.00"
"Colombo","Kalutara","Horakandamulla","450","100.00"
"Colombo","Kalutara","nawththuduwa","450","100.00"
"Colombo","Kalutara","Aluthgamgoda","450","100.00"
"Colombo","Kalutara","Welkandala","450","100.00"
"Colombo","Kalutara","Badugama","450","100.00"
"Colombo","Kalutara","Ovitigala","450","100.00"
"Colombo","Kalutara","Polegoda","450","100.00"
"Colombo","Kalutara","Iddegoda","450","100.00"
"Colombo","Kalutara","Pahiyangala","450","100.00"
"Colombo","Kalutara","Bothalegama","450","100.00"
"Colombo","Kalutara","Hedigalla","450","100.00"
"Colombo","Kalutara","Magura","450","100.00"
"Colombo","Kalutara","Kalugala","450","100.00"
"Colombo","Kalutara","Garden Field","450","100.00"
"Colombo","Kalutara","Kovilagoda","450","100.00"
"Colombo","Kalutara","Dhiyapaththugama","450","100.00"
"Colombo","Kalutara","Kewitiyagala","450","100.00"
"Colombo","Kalutara","Bodiyakanda","450","100.00"
"Colombo","Kalutara","Ihala Neboda","450","100.00"
"Colombo","Kalutara","Niggaha","450","100.00"
"Colombo","Kalutara","Polgahakanda","450","100.00"
"Colombo","Kalutara","Bulathsinhala","450","100.00"
"Colombo","Kalutara","Bulatsinhala","450","100.00"
"Colombo","Kalutara","Iththepana","450","100.00"
"Colombo","Kalutara","pareigama","450","100.00"
"Colombo","Kalutara","Meegahathanna","450","100.00"
"Colombo","Kalutara","Awiththawa","450","100.00"
"Colombo","Kalutara","Waththawa","450","100.00"
"Colombo","Kalutara","Pibura","450","100.00"
"Colombo","Kalutara","Omaththa","450","100.00"
"Colombo","Kalutara","Egaloya","450","100.00"
"Colombo","Kalutara","Ittapana","450","100.00"
"Colombo","Kalutara","Weththewa","450","100.00"
"Colombo","Kalutara","wettewa","450","100.00"
"Colombo","Kalutara","Owitigala","450","100.00"
"Colombo","Kalutara","Egal Oya","450","100.00"
"Colombo","Kalutara","Pelenda","450","100.00"
"Colombo","Kalutara","Nauththuduwa","450","100.00"
"Colombo","Kalutara","Yatadola","450","100.00"
"Colombo","Kalutara","Keeranthidiya","450","100.00"
"Colombo","Kalutara","Eladuwa","450","100.00"
"Colombo","Kalutara","Rannagala","450","100.00"
"Colombo","Kalutara","Walipenna","450","100.00"
"Colombo","Kalutara","iththapana","450","100.00"
"Colombo","Kalutara","Uthumgama","450","100.00"
"Colombo","Kalutara","Walallawita","450","100.00"
"Colombo","Kalutara","Yagirala","450","100.00"
"Colombo","Kalutara","Galatara","450","100.00"
"Colombo","Kalutara","Walagedara","450","100.00"
"Colombo","Kalutara","Bulathsinhala","450","100.00"
"Colombo","Kalutara","Delmella","450","100.00"
"Colombo","Kalutara","Egaloya","450","100.00"
"Colombo","Kalutara","Udugalakanda","450","100.00"
"Colombo","Kalutara","Thibbottawa","450","100.00"
"Colombo","Kalutara","Athwalthota","450","100.00"
"Colombo","Kalutara","Dikhena","450","100.00"
"Colombo","Kalutara","Agalawatta","450","100.00"
"Colombo","Kalutara","Maragahadeniya","450","100.00"
"Colombo","Kalutara","Ihala Welgama","450","100.00"
"Colombo","Kalutara","Ihala Kudaligama","450","100.00"
"Colombo","Kalutara","Pahala Hewessa","450","100.00"
"Colombo","Colombo","Avissawella","450","100.00"
"Colombo","Colombo","Puwakpitiya","450","100.00"
"Colombo","Kegalle","Amitirigala","450","100.00"
"Colombo","Kegalle","Berannawa","450","100.00"
"Colombo","Kegalle","Kitulgala","450","100.00"
"Colombo","Kegalle","Malalpola","450","100.00"
"Colombo","Kegalle","Migastenna Sabara","450","100.00"
"Colombo","Kegalle","Noori","450","100.00"
"Colombo","Kegalle","Teligama","450","100.00"
"Colombo","Kegalle","Weeoya","450","100.00"
"Colombo","Kegalle","Welihelatenna","450","100.00"
"Colombo","Kegalle","Yatiyantota","450","100.00"
"Colombo","Colombo","Awissawella","450","100.00"
"Colombo","Kegalle","Migasthenna Sabara","450","100.00"
"Colombo","Kegalle","Wee oya","450","100.00"
"Colombo","Kegalle","Welihelathenna","450","100.00"
"Colombo","Kegalle","Thunkinda","450","100.00"
"Colombo","Colombo","Ukwaththa","450","100.00"
"Colombo","Kegalle","Gurugalla","450","100.00"
"Colombo","Ratnapura","AVISSAWELLA TOWN","450","100.00"
"Colombo","Kegalle","LEWANGAMA","450","100.00"
"Colombo","Kegalle","SIYABALAWALA","450","100.00"
"Colombo","Kegalle","THALAWATHTHA","450","100.00"
"Colombo","Kegalle","IBULANA","450","100.00"
"Colombo","Kegalle","GALAMUNA","450","100.00"
"Colombo","Kegalle","NIUNHELLA","450","100.00"
"Colombo","Kegalle","KOTULUGODA KANDA","450","100.00"
"Colombo","Kegalle","RATHTHAGALA","450","100.00"
"Colombo","Kegalle","KADADARA","450","100.00"
"Colombo","Kegalle","ARAPALAMULLA","450","100.00"
"Colombo","Kegalle","BOPETHTHA","450","100.00"
"Colombo","Kegalle","AGURUWELLA","450","100.00"
"Colombo","Kegalle","RUWANWELLA","450","100.00"
"Colombo","Kegalle","WARAWALA","450","100.00"
"Colombo","Kegalle","KANNATHTHOTA","450","100.00"
"Colombo","Kegalle","PARADENIYA","450","100.00"
"Colombo","Kegalle","MATHTHAMAGODA","450","100.00"
"Colombo","Kegalle","DORANUWA","450","100.00"
"Colombo","Kegalle","GAIPATHA","450","100.00"
"Colombo","Kegalle","YATANWALA","450","100.00"
"Colombo","Kegalle","MORAWATHTHA","450","100.00"
"Colombo","Kegalle","KITHULGALA","450","100.00"
"Colombo","Kegalle","THUNHIDA","450","100.00"
"Colombo","Kegalle","ENGIRIYAWATHTHA","450","100.00"
"Colombo","Kegalle","THELIGAMA","450","100.00"
"Colombo","Kegalle","GANEPALLA","450","100.00"
"Colombo","Kegalle","GONAGAMUWA","450","100.00"
"Colombo","Kegalle","MALWATHTHA","450","100.00"
"Colombo","Kegalle","KALUKOHUTHENNA","450","100.00"
"Colombo","Kegalle","YATIYANTHOTA","450","100.00"
"Colombo","Kegalle","KABULUMULLA","450","100.00"
"Colombo","Kegalle","GOMADUWA","450","100.00"
"Colombo","Kegalle","GARAGODA","450","100.00"
"Colombo","Kegalle","MEEGASTHENNA","450","100.00"
"Colombo","Kegalle","PELAMPITIYA","450","100.00"
"Colombo","Kegalle","WELIHELA THENNA","450","100.00"
"Colombo","Kegalle","HAKBELLAWAKA","450","100.00"
"Colombo","Kegalle","DEHIOVITA","450","100.00"
"Colombo","Kegalle","Dehiowita","450","100.00"
"Colombo","Kegalle","DIGALA","450","100.00"
"Colombo","Kegalle","DELOLUWA","450","100.00"
"Colombo","Kegalle","SAPUMALKANDA","450","100.00"
"Colombo","Kegalle","UDABAGE","450","100.00"
"Colombo","Kegalle","BORALANKADA","450","100.00"
"Colombo","Kegalle","WARAKATHENNA","450","100.00"
"Colombo","Kegalle","DAIGALA","450","100.00"
"Colombo","Kegalle","ELUKTHENNA","450","100.00"
"Colombo","Kegalle","DERANIYAGALA","450","100.00"
"Colombo","Kegalle","SAMANPURAGAMA","450","100.00"
"Colombo","Kegalle","NOORIYA","450","100.00"
"Colombo","Kegalle","MIYANAWITA","450","100.00"
"Colombo","Kegalle","ANHETTIGAMA","450","100.00"
"Colombo","Kegalle","KOSGAHA KANDA","450","100.00"
"Colombo","Kegalle","YATIWALA","450","100.00"
"Colombo","Kegalle","MALIBODA","450","100.00"
"Colombo","Kegalle","WELIBODA","450","100.00"
"Colombo","Kegalle","MALANDENIYA","450","100.00"
"Colombo","Kegalle","NAKKAWITA","450","100.00"
"Colombo","Kegalle","NILWALA","450","100.00"
"Colombo","Kegalle","GONAGALA","450","100.00"
"Colombo","Kegalle","WAHARAKA","450","100.00"
"Colombo","Kegalle","GONAGALDENIYA","450","100.00"
"Colombo","Kegalle","WAHAKULA","450","100.00"
"Colombo","Kegalle","AMITHIRIGALA","450","100.00"
"Colombo","Kegalle","THALDUWA","450","100.00"
"Colombo","Kegalle","IDURANA","450","100.00"
"Colombo","Kegalle","MAPITIGAMA","450","100.00"
"Colombo","Kegalle","MAHALLA","450","100.00"
"Colombo","Kegalle","migasthenna","450","100.00"
"Colombo","Kegalle","Hakabellawaka","450","100.00"
"Colombo","Kegalle","Karawanella","450","100.00"
"Colombo","Kegalle","Ihala thalduwa","450","100.00"
"Colombo","Kegalle","Karawanella","450","100.00"
"Colombo","Kegalle","Ruwanwella","450","100.00"
"Colombo","Kegalle","Kotalugodakanda","450","100.00"
"Colombo","Kegalle","Atulugama","450","100.00"
"Colombo","Kegalle","Debegama","450","100.00"
"Colombo","Kegalle","Kanangama","450","100.00"
"Colombo","Kegalle","Maniyangama","450","100.00"
"Colombo","Kegalle","Udakanugala","450","100.00"
"Colombo","Kegalle","Pallekanugala","450","100.00"
"Colombo","Kegalle","Napawala","450","100.00"
"Colombo","Kegalle","Nawata","450","100.00"
"Colombo","Kegalle","Walihelathanna","450","100.00"
"Colombo","Kegalle","Teligama","450","100.00"
"Colombo","Kegalle","Kalugohuthenna","450","100.00"
"Colombo","Kegalle","Kahanawita","450","100.00"
"Colombo","Kegalle","Uda Maliboda","450","100.00"
"Colombo","Kegalle","Rasnakkanda","450","100.00"
"Colombo","Kegalle","Wilagama","450","100.00"
"Colombo","Kegalle","Pallebage","450","100.00"
"Colombo","Kegalle","Avissawella","450","100.00"
"Colombo","Kegalle","Puwakpitiya","450","100.00"
"Colombo","Kegalle","KALUADURA","450","100.00"
"Colombo","Gampaha","Dekatana","450","100.00"
"Colombo","Gampaha","Delgoda","450","100.00"
"Colombo","Gampaha","Demalagama","450","100.00"
"Colombo","Gampaha","Kapugoda","450","100.00"
"Colombo","Gampaha","Lunugama","450","100.00"
"Colombo","Gampaha","Naranwala","450","100.00"
"Colombo","Gampaha","Siyambalape","450","100.00"
"Colombo","Gampaha","Wanaluwewa","450","100.00"
"Colombo","Gampaha","Weliveriya","450","100.00"
"Colombo","Gampaha","Mawaramandiya","450","100.00"
"Colombo","Gampaha","Udupila","450","100.00"
"Colombo","Gampaha","Meegahawaththa","450","100.00"
"Colombo","Gampaha","Akaravita","450","100.00"
"Colombo","Gampaha","Werahera","450","100.00"
"Colombo","Gampaha","Anuragoda","450","100.00"
"Colombo","Colombo","wanaluwawa","450","100.00"
"Colombo","Gampaha","Dompe","450","100.00"
"Colombo","Gampaha","Parangoda","450","100.00"
"Colombo","Gampaha","Mookalana","450","100.00"
"Colombo","Gampaha","Na gas handiya","450","100.00"
"Colombo","Gampaha","Putupagala","450","100.00"
"Colombo","Gampaha","Katulanda","450","100.00"
"Colombo","Gampaha","yatowita","450","100.00"
"Colombo","Gampaha","malinda","450","100.00"
"Colombo","Gampaha","welgama","450","100.00"
"Colombo","Gampaha","Alubovila","450","100.00"
"Colombo","Gampaha","Akurumulla","450","100.00"
"Colombo","Gampaha","ALUBOWILA","450","100.00"
"Colombo","Gampaha","Naranwala","450","100.00"
"Colombo","Gampaha","Wanaluwawa","450","100.00"
"Colombo","Gampaha","Tharala","450","100.00"
"Colombo","Gampaha","Eksathgama","450","100.00"
"Colombo","Gampaha","Malida","450","100.00"
"Colombo","Gampaha","Giridara","450","100.00"
"Colombo","Gampaha","Thiththapaththara","450","100.00"
"Colombo","Gampaha","Samanabedda","450","100.00"
"Colombo","Gampaha","Udamapitigama","450","100.00"
"Colombo","Gampaha","Kimbulwilawatta","450","100.00"
"Colombo","Gampaha","Galpothugoda","450","100.00"
"Colombo","Gampaha","Gampalagedara","450","100.00"
"Colombo","Gampaha","Kanduboda","450","100.00"
"Colombo","Gampaha","Ahugammana","450","100.00"
"Colombo","Gampaha","Palahala","450","100.00"
"Colombo","Gampaha","Indolamulla","450","100.00"
"Colombo","Gampaha","Galwalagoda","450","100.00"
"Colombo","Gampaha","Siyambalape Watta","450","100.00"
"Colombo","Gampaha","Daranagama","450","100.00"
"Colombo","Gampaha","Kammalawatta","450","100.00"
"Colombo","Colombo","Siyambalape North","450","100.00"
"Colombo","Colombo","Siyambalape","450","100.00"
"Colombo","Colombo","Siyambalape south","450","100.00"
"Colombo","Gampaha","Imbulgoda","450","100.00"
"Colombo","Gampaha","Kadawatha","450","100.00"
"Colombo","Gampaha","Kirillawala","450","100.00"
"Colombo","Gampaha","Mahara","450","100.00"
"Colombo","Gampaha","Kendaliyaddapaluwa","450","100.00"
"Colombo","Gampaha","Mahara Nugegoda","450","100.00"
"Colombo","Gampaha","Parakandeniya","450","100.00"
"Colombo","Gampaha","Amunugoda","450","100.00"
"Colombo","Gampaha","weaboda","450","100.00"
"Colombo","Gampaha","Gonahena","450","100.00"
"Colombo","Gampaha","Weboda","450","100.00"
"Colombo","Gampaha","Suriyapaluwa","450","100.00"
"Colombo","Gampaha","Mahara kadawatha","450","100.00"
"Colombo","Gampaha","Ihala karagahamuna","450","100.00"
"Colombo","Gampaha","Nawaya kanuwa","450","100.00"
"Colombo","Gampaha","Pahala karagahamuna","450","100.00"
"Colombo","Gampaha","Ihala biyanwila","450","100.00"
"Colombo","Gampaha","Pahala biyanwila","450","100.00"
"Colombo","Gampaha","Pahala ibulgoda","450","100.00"
"Colombo","Gampaha","Ranmuthugala","450","100.00"
"Colombo","Gampaha","Obawaththa","450","100.00"
"Colombo","Gampaha","2kanuwa","450","100.00"
"Colombo","Gampaha","kandaliyaddapaluwa","450","100.00"
"Colombo","Gampaha","Indigahamula","450","100.00"
"Colombo","Gampaha","Indigahamula","450","100.00"
"Colombo","Gampaha","Indigahamula","450","100.00"
"Colombo","Gampaha","Parakandeniya","450","100.00"
"Colombo","Gampaha","Ragama rd kadawatha","450","100.00"
"Colombo","Gampaha","Ragama road kadawatha","450","100.00"
"Colombo","Gampaha","Ganemulla road kadawatha","450","100.00"
"Colombo","Gampaha","Eldeniya","450","100.00"
"Colombo","Gampaha","Dalupitiya","450","100.00"
"Colombo","Kegalle","Alutnuwara","450","100.00"
"Colombo","Kegalle","Debathgama","450","100.00"
"Colombo","Kegalle","Dewanagala","450","100.00"
"Colombo","Kegalle","Galatara","450","100.00"
"Colombo","Kegalle","Hemmatagama","450","100.00"
"Colombo","Kegalle","Pattampitiya","450","100.00"
"Colombo","Kegalle","Talgaspitiya","450","100.00"
"Colombo","Kegalle","Thotawella","450","100.00"
"Colombo","Kegalle","Devanagala","450","100.00"
"Colombo","Kegalle","Galathara","450","100.00"
"Colombo","Kegalle","Udapamunuwa","450","100.00"
"Colombo","Kegalle","Dumbuluwewa","450","100.00"
"Colombo","Kegalle","Karandupana","450","100.00"
"Colombo","Kegalle","Heramitipana","450","100.00"
"Colombo","Kegalle","Nankurugama","450","100.00"
"Colombo","Kegalle","GANETHANA","450","100.00"
"Colombo","Kegalle","PAHALA KADUGANAWA","450","100.00"
"Colombo","Kegalle","KAHAWANDALA","450","100.00"
"Colombo","Kegalle","ALUTHNUWARA","450","100.00"
"Colombo","Kegalle","MOLLIGODA","450","100.00"
"Colombo","Kegalle","UDAMAKAWALA","450","100.00"
"Colombo","Kegalle","ILUKGODA","450","100.00"
"Colombo","Kegalle","WAGANTHALE","450","100.00"
"Colombo","Kegalle","HINDENIYA","450","100.00"
"Colombo","Kegalle","KONDENIYA","450","100.00"
"Colombo","Kegalle","RAMBUKKANA","450","100.00"
"Colombo","Kegalle","MAWANALLA","450","100.00"
"Colombo","Kegalle","KOTAWALLA","450","100.00"
"Colombo","Kegalle","RANDIWELA","450","100.00"
"Colombo","Kegalle","BADDEWELA","450","100.00"
"Colombo","Kegalle","PATHTHAMPITIYA","450","100.00"
"Colombo","Kegalle","KIRIWANDENIYA","450","100.00"
"Colombo","Kegalle","KESELAGAMUWA","450","100.00"
"Colombo","Kegalle","WALALGODA","450","100.00"
"Colombo","Kegalle","PARAPE","450","100.00"
"Colombo","Kegalle","KIRIWALPITIYA","450","100.00"
"Colombo","Kegalle","DALUGGALA","450","100.00"
"Colombo","Kegalle","WAHAWA","450","100.00"
"Colombo","Kegalle","YATAGAMA","450","100.00"
"Colombo","Kegalle","THISMALPOLA","450","100.00"
"Colombo","Kegalle","WALGAMA","450","100.00"
"Colombo","Kegalle","DALIWALA","450","100.00"
"Colombo","Kegalle","UDAGALDENIYA","450","100.00"
"Colombo","Kegalle","KUDAGAMA","450","100.00"
"Colombo","Kegalle","DOBEEMADA","450","100.00"
"Colombo","Kegalle","UDAMVITA","450","100.00"
"Colombo","Kegalle","SIYAMALGAMUWA","450","100.00"
"Colombo","Kegalle","PITAWELA","450","100.00"
"Colombo","Kegalle","PALUWATHTHA","450","100.00"
"Colombo","Kegalle","WALIGAMUWA","450","100.00"
"Colombo","Kegalle","GABBALA","450","100.00"
"Colombo","Kegalle","MAKEHALWALA","450","100.00"
"Colombo","Kegalle","MOLAGODA","450","100.00"
"Colombo","Kegalle","KARADUPATHA","450","100.00"
"Colombo","Kegalle","UTHUWANKANDA","450","100.00"
"Colombo","Kegalle","DIYAGAMA","450","100.00"
"Colombo","Kegalle","RANDENIYA","450","100.00"
"Colombo","Kegalle","PUWAKDENIYA","450","100.00"
"Colombo","Kegalle","ANDIRIMADA","450","100.00"
"Colombo","Kegalle","NARAN BADDA","450","100.00"
"Colombo","Kegalle","DUNUKEWALA","450","100.00"
"Colombo","Kegalle","PINNAWALA","450","100.00"
"Colombo","Kegalle","KIOTAGAMA","450","100.00"
"Colombo","Kegalle","PITAWALA","450","100.00"
"Colombo","Kegalle","HIRIWADUNNA","450","100.00"
"Colombo","Kegalle","HULANKAPOLLA","450","100.00"
"Colombo","Kegalle","HOREWELA","450","100.00"
"Colombo","Kegalle","SAWALA","450","100.00"
"Colombo","Kegalle","DIPPITIYA","450","100.00"
"Colombo","Kegalle","GAVILIPITIYA","450","100.00"
"Colombo","Kegalle","AMBALAKANDA","450","100.00"
"Colombo","Kegalle","AMBULUGALA","450","100.00"
"Colombo","Kegalle","HEMMAWATHAGAMA","450","100.00"
"Colombo","Kegalle","KEHELPANNALA","450","100.00"
"Colombo","Kegalle","MURUTHUWELA","450","100.00"
"Colombo","Kegalle","BAMINIWATHTHA","450","100.00"
"Colombo","Kegalle","BALAWATHGAMA","450","100.00"
"Colombo","Kegalle","ALUDENIYA","450","100.00"
"Colombo","Kegalle","THALGASPITIYA","450","100.00"
"Colombo","Kegalle","RUWANDENIYA","450","100.00"
"Colombo","Kegalle","THALGAMUWA","450","100.00"
"Colombo","Kegalle","MADILIYA","450","100.00"
"Colombo","Kegalle","MADOLBOWA","450","100.00"
"Colombo","Kegalle","DIKPITIYA","450","100.00"
"Colombo","Kegalle","KEHELAMWALA","450","100.00"
"Colombo","Kegalle","thatawella","450","100.00"
"Colombo","Kegalle","Hawadiwela","450","100.00"
"Colombo","Kegalle","Mawanella","450","100.00"
"Colombo","Kegalle","Anwarama","450","100.00"
"Colombo","Kegalle","Habbunkaduwa","450","100.00"
"Colombo","Kegalle","Nungamuwa","450","100.00"
"Colombo","Kegalle","Danagama","450","100.00"
"Colombo","Kegalle","Kiringadeniya","450","100.00"
"Colombo","Kegalle","Mawanella Town","450","100.00"
"Colombo","Kegalle","Mawana","450","100.00"
"Colombo","Kegalle","Beligammana","450","100.00"
"Colombo","Kegalle","Higula","450","100.00"
"Colombo","Kegalle","Hingula","450","100.00"
"Colombo","Kegalle","Ganethanna","450","100.00"
"Colombo","Kegalle","Mahanthegama","450","100.00"
"Colombo","Kegalle","Pahala Kadugannawa","450","100.00"
"Colombo","Kegalle","Koondeniya","450","100.00"
"Colombo","Kegalle","Dehimaduwa","450","100.00"
"Colombo","Kegalle","Weganthale","450","100.00"
"Colombo","Kegalle","Walakadayawa","450","100.00"
"Colombo","Kegalle","Mangalagama","450","100.00"
"Colombo","Kegalle","Annasigala","450","100.00"
"Colombo","Kegalle","Karadupana","450","100.00"
"Colombo","Kegalle","karadagasthanna","450","100.00"
"Colombo","Kegalle","Naranbadda","450","100.00"
"Colombo","Kegalle","Bootawa","450","100.00"
"Colombo","Kegalle","Udumahana","450","100.00"
"Colombo","Kegalle","Yatimahana","450","100.00"
"Colombo","Kegalle","Badulupitiya","450","100.00"
"Colombo","Kegalle","Maliyadda","450","100.00"
"Colombo","Kegalle","Makehelwala","450","100.00"
"Colombo","Kegalle","Kempetikanda","450","100.00"
"Colombo","Kegalle","Halagiriya","450","100.00"
"Colombo","Kegalle","Natiyapana","450","100.00"
"Colombo","Kegalle","Kansalagamuwa","450","100.00"
"Colombo","Kegalle","Kiriwallapitiya","450","100.00"
"Colombo","Kegalle","Rambukkana Town","450","100.00"
"Colombo","Kegalle","Weligamuwa","450","100.00"
"Colombo","Kegalle","Kadawattiya","450","100.00"
"Colombo","Kegalle","Hewadiwela","450","100.00"
"Colombo","Kegalle","Dombemada","450","100.00"
"Colombo","Kegalle","Deliwala","450","100.00"
"Colombo","Kegalle","Kotagama","450","100.00"
"Colombo","Kegalle","Aththanagoda","450","100.00"
"Colombo","Kegalle","Wakirigala","450","100.00"
"Colombo","Kegalle","Thuththiripitiya","450","100.00"
"Colombo","Kegalle","Asmadala","450","100.00"
"Colombo","Kegalle","Millangoda","450","100.00"
"Colombo","Kegalle","Daswaththa","450","100.00"
"Colombo","Kegalle","Kappagoda","450","100.00"
"Colombo","Kegalle","Lollegoda","450","100.00"
"Colombo","Kegalle","Ussapitiya","450","100.00"
"Colombo","Kegalle","Kalwana","450","100.00"
"Colombo","Kegalle","Gawilipitiya","450","100.00"
"Colombo","Kegalle","Narangammana","450","100.00"
"Colombo","Kegalle","Bulugammana","450","100.00"
"Colombo","Kegalle","Hathgampala","450","100.00"
"Colombo","Kegalle","Wilpola","450","100.00"
"Colombo","Kegalle","Duldeniya","450","100.00"
"Colombo","Kegalle","Keerapana","450","100.00"
"Colombo","Kegalle","Welimanna","450","100.00"
"Colombo","Kegalle","Uggoda","450","100.00"
"Colombo","Kegalle","Thelleka","450","100.00"
"Colombo","Kegalle","Aranayaka","450","100.00"
"Colombo","Kegalle","Dothaloya","450","100.00"
"Colombo","Kegalle","Ganthuna","450","100.00"
"Colombo","Kegalle","Podape","450","100.00"
"Colombo","Kegalle","Rahala","450","100.00"
"Colombo","Kegalle","Hakurugammana","450","100.00"
"Colombo","Kegalle","KERAMINIYA WATTA","450","100.00"
"Colombo","Kegalle","Rukulgama","450","100.00"
"Colombo","Kegalle","Abadeniya","450","100.00"
"Colombo","Kegalle","Eraminigammana","450","100.00"
"Colombo","Kegalle","Palliporuwa","450","100.00"
"Colombo","Kegalle","Ginihampitiya","450","100.00"
"Colombo","Kegalle","Pethigammana","450","100.00"
"Colombo","Kegalle","Hemmathagama","450","100.00"
"Colombo","Kegalle","Kotegoda","450","100.00"
"Colombo","Kegalle","Kalalpitiya","450","100.00"
"Colombo","Kegalle","Wadiyathanna","450","100.00"
"Colombo","Kegalle","Dumbuluwawa","450","100.00"
"Colombo","Kegalle","Randiligama","450","100.00"
"Colombo","Kegalle","Kadigamuwa","450","100.00"
"Colombo","Kegalle","Meeduma","450","100.00"
"Colombo","Kegalle","Dodanthale","450","100.00"
"Colombo","Kurunegala","Boraluwewa","450","100.00"
"Colombo","Kurunegala","Deegalla","450","100.00"
"Colombo","Kurunegala","Dummalasuriya","450","100.00"
"Colombo","Kurunegala","Etungahakotuwa","450","100.00"
"Colombo","Kurunegala","Girathalana","450","100.00"
"Colombo","Kurunegala","Halmillawewa","450","100.00"
"Colombo","Kurunegala","Hiruwalpola","450","100.00"
"Colombo","Kurunegala","Ihala Gomugomuwa","450","100.00"
"Colombo","Kurunegala","Kirindawa","450","100.00"
"Colombo","Kurunegala","Kuratihena","450","100.00"
"Colombo","Kurunegala","lhala Kadigamuwa","450","100.00"
"Colombo","Kurunegala","llukhena","450","100.00"
"Colombo","Kurunegala","Madakumburumulla","450","100.00"
"Colombo","Kurunegala","Magulagama","450","100.00"
"Colombo","Kurunegala","Mandapola","450","100.00"
"Colombo","Kurunegala","Nakkawatta","450","100.00"
"Colombo","Kurunegala","Padiwela","450","100.00"
"Colombo","Kurunegala","Pihimbiya Ratmale","450","100.00"
"Colombo","Kurunegala","Sunandapura","450","100.00"
"Colombo","Kurunegala","Thalahitimulla","450","100.00"
"Colombo","Kurunegala","Tharana Udawela","450","100.00"
"Colombo","Kurunegala","Tisogama","450","100.00"
"Colombo","Kurunegala","Wadumunnegedara","450","100.00"
"Colombo","Kurunegala","Watuwatta","450","100.00"
"Colombo","Kurunegala","Wellarawa","450","100.00"
"Colombo","Kurunegala","Wewagama","450","100.00"
"Colombo","Kurunegala","Yakwila","450","100.00"
"Colombo","Kurunegala","Bingiriya","450","100.00"
"Colombo","Kurunegala","Kuliyapitiya East","450","100.00"
"Colombo","Kurunegala","Kuliyapitiya West","450","100.00"
"Colombo","Kurunegala","Ethungahakotuwa","450","100.00"
"Colombo","Kurunegala","Nagollagoda","450","100.00"
"Colombo","Kurunegala","Yakarawaththa","450","100.00"
"Colombo","Kurunegala","Munamaldeniya","450","100.00"
"Colombo","Kurunegala","Dandagamuwa","450","100.00"
"Colombo","Kurunegala","Narangalla","450","100.00"
"Colombo","Kurunegala","bowaththa","450","100.00"
"Colombo","Kurunegala","Bogolla","450","100.00"
"Colombo","Kurunegala","Nakkawaththa","450","100.00"
"Colombo","Puttalam","Galmuruwa","450","100.00"
"Colombo","Kurunegala","Kithalawa","450","100.00"
"Colombo","Kurunegala","Ihala Elathalawa","450","100.00"
"Colombo","Kurunegala","unaliya","450","100.00"
"Colombo","Kurunegala","kiniyama","450","100.00"
"Colombo","Kurunegala","dummalasooriya","450","100.00"
"Colombo","Kurunegala","hettipola","450","100.00"
"Colombo","Kurunegala","Ilukhena","450","100.00"
"Colombo","Puttalam","weerakodiyana","450","100.00"
"Colombo","Puttalam","wirakodiyana","450","100.00"
"Colombo","Puttalam","Tharanaudawela","450","100.00"
"Colombo","Kurunegala","kuliyapitiya","450","100.00"
"Colombo","Kurunegala","anukkane","450","100.00"
"Colombo","Kurunegala","Weerapokuna","450","100.00"
"Colombo","Kurunegala","udubaddawa","450","100.00"
"Colombo","Kurunegala","Bihalpola","450","100.00"
"Colombo","Kurunegala","Galgammulla","450","100.00"
"Colombo","Kurunegala","weralugama","450","100.00"
"Colombo","Kurunegala","Yakvila","450","100.00"
"Colombo","Kurunegala","Nawasigahawatta","450","100.00"
"Colombo","Kurunegala","Kadanegedara","450","100.00"
"Colombo","Kurunegala","Horathapola","450","100.00"
"Colombo","Kurunegala","Kuliyapitiya Town","450","100.00"
"Colombo","Kurunegala","Kithalawa","450","100.00"
"Colombo","Kurunegala","Nakkawaththe","450","100.00"
"Colombo","Kurunegala","Meegahakotuwa","450","100.00"
"Colombo","Kurunegala","Madakumburumulla","450","100.00"
"Colombo","Kurunegala","Walakuburumulla","450","100.00"
"Colombo","Kurunegala","Weerambuwa","450","100.00"
"Colombo","Kurunegala","Ilukhena","450","100.00"
"Colombo","Kurunegala","Bowaththa","450","100.00"
"Colombo","Kurunegala","Panawewa","450","100.00"
"Colombo","Kurunegala","Thalgahapitiya","450","100.00"
"Colombo","Kurunegala","Wilaththawa","450","100.00"
"Colombo","Kurunegala","Thalgahapitiya","450","100.00"
"Colombo","Kurunegala","Thisogama","450","100.00"
"Colombo","Kurunegala","Galmuruwa","450","100.00"
"Colombo","Kurunegala","Weerakodiyana","450","100.00"
"Colombo","Kurunegala","Divurumpola","450","100.00"
"Colombo","Kurunegala","Delana","450","100.00"
"Colombo","Kurunegala","Gomugomuwa","450","100.00"
"Colombo","Kurunegala","Moonamaldeniya","450","100.00"
"Colombo","Kurunegala","Munamaldeniya","450","100.00"
"Colombo","Kurunegala","Madakuburumulla","450","100.00"
"Colombo","Kurunegala","Walakuburumulla","450","100.00"
"Colombo","Kurunegala","Weerambuwa","450","100.00"
"Colombo","Kurunegala","Ilukhena","450","100.00"
"Colombo","Kalutara","Keselwatta","450","100.00"
"Colombo","Kalutara","Morontuduwa","450","100.00"
"Colombo","Kalutara","Wadduwa","450","100.00"
"Colombo","Kalutara","Sarikkamulla","450","100.00"
"Colombo","Kalutara","Panadura","450","100.00"
"Colombo","Kalutara","Keselwaththa","450","100.00"
"Colombo","Kalutara","Galthude","450","100.00"
"Colombo","Kalutara","Thalpitiya North","450","100.00"
"Colombo","Kalutara","Thalpitiya South","450","100.00"
"Colombo","Kalutara","Galagama","450","100.00"
"Colombo","Kalutara","Moronthuduwa","450","100.00"
"Colombo","Kalutara","gorakana","450","100.00"
"Colombo","Kalutara","mahavila","450","100.00"
"Colombo","Kalutara","modarawila","450","100.00"
"Colombo","Kalutara","malamulla","450","100.00"
"Colombo","Kalutara","thanthirimulla","450","100.00"
"Colombo","Kalutara","bekkegama","450","100.00"
"Colombo","Kalutara","kuruppumulla","450","100.00"
"Colombo","Kalutara","horethuduwa","450","100.00"
"Colombo","Kalutara","paraththa","450","100.00"
"Colombo","Kalutara","ambalanduwa","450","100.00"
"Colombo","Kalutara","nalluruwa","450","100.00"
"Colombo","Kalutara","hirana","450","100.00"
"Colombo","Kalutara","walana","450","100.00"
"Colombo","Kalutara","pallimulla","450","100.00"
"Colombo","Kalutara","kaludewala","450","100.00"
"Colombo","Kalutara","wekada","450","100.00"
"Colombo","Kalutara","eluwila","450","100.00"
"Colombo","Kalutara","pinwala","450","100.00"
"Colombo","Kalutara","madupitiya","450","100.00"
"Colombo","Kalutara","newdawa","450","100.00"
"Colombo","Kalutara","mahabellana","450","100.00"
"Colombo","Kalutara","pinwatta","450","100.00"
"Colombo","Kalutara","weragama rd","450","100.00"
"Colombo","Kalutara","melegama south","450","100.00"
"Colombo","Kalutara","mawala","450","100.00"
"Colombo","Kalutara","kopiyawatta rd","450","100.00"
"Colombo","Kalutara","pothupitiya","450","100.00"
"Colombo","Kalutara","delduwa","450","100.00"
"Colombo","Kalutara","pohaddaramulla","450","100.00"
"Colombo","Kalutara","Thalpitiya","450","100.00"
"Colombo","Kalutara","Melegama","450","100.00"
"Colombo","Kalutara","Kiriberiya","450","100.00"
"Colombo","Kalutara","Gorakapola","450","100.00"
"Colombo","Kalutara","Diggala","450","100.00"
"Colombo","Kalutara","Dibbedda","450","100.00"
"Colombo","Kalutara","Arukgoda","450","100.00"
"Colombo","Kalutara","Wehada","450","100.00"
"Colombo","Kalutara","Kuruppu Mulla","450","100.00"
"Colombo","Kalutara","Kehelwatta","450","100.00"
"Colombo","Kalutara","Kehelwaththa","450","100.00"
"Colombo","Kalutara","Goraka Pola","450","100.00"
"Colombo","Kalutara","Alubomulla","450","100.00"
"Colombo","Kalutara","Thalpitiya","450","100.00"
"Colombo","Kalutara","Thalpitiya","450","100.00"
"Colombo","Kalutara","Pinwaththa","450","100.00"
"Colombo","Kalutara","Molligoda","450","100.00"
"Colombo","Kalutara","Pohaddaramulla","450","100.00"
"Colombo","Kalutara","Wadduwa Town","450","100.00"
"Colombo","Kalutara","Maha Wadduwa","450","100.00"
"Colombo","Kalutara","Waduramulla","450","100.00"
"Colombo","Kalutara","Uyankale","450","100.00"
"Colombo","Kalutara","Mahawila","450","100.00"
"Colombo","Kalutara","Kurusa Handiya","450","100.00"
"Colombo","Kalutara","Arukgoda","450","100.00"
"Colombo","Kalutara","Modaravila","450","100.00"
"Colombo","Kalutara","Dibbadda","450","100.00"
"Colombo","Kalutara","Panadura Town","450","100.00"
"Colombo","Gampaha","Pubbiliya","450","100.00"
"Colombo","Jaffna","Allaipiddi","500","100.00"
"Colombo","Jaffna","Allaveddi","500","100.00"
"Colombo","Jaffna","Alvai","500","100.00"
"Colombo","Jaffna","Anaicoddai","500","100.00"
"Colombo","Jaffna","Analaitivu","500","100.00"
"Colombo","Jaffna","Atchuveli","500","100.00"
"Colombo","Jaffna","Chankanai","500","100.00"
"Colombo","Jaffna","Chavakachcheri","500","100.00"
"Colombo","Jaffna","Chullipuram","500","100.00"
"Colombo","Jaffna","Chundikuli","500","100.00"
"Colombo","Jaffna","Chunnakam","500","100.00"
"Colombo","Jaffna","DelftWest","500","100.00"
"Colombo","Jaffna","Eluvaitivu","500","100.00"
"Colombo","Jaffna","Erlalai","500","100.00"
"Colombo","Jaffna","Kaitadi","500","100.00"
"Colombo","Jaffna","Kankesanthurai","500","100.00"
"Colombo","Jaffna","Karaveddi","500","100.00"
"Colombo","Jaffna","Kayts","500","100.00"
"Colombo","Jaffna","Kodikamam","500","100.00"
"Colombo","Jaffna","Kokuvil","500","100.00"
"Colombo","Jaffna","Kondavil","500","100.00"
"Colombo","Jaffna","Kopay","500","100.00"
"Colombo","Jaffna","Kudatanai","500","100.00"
"Colombo","Jaffna","llavalai","500","100.00"
"Colombo","Jaffna","Mallakam","500","100.00"
"Colombo","Jaffna","Manipay","500","100.00"
"Colombo","Jaffna","Mathagal","500","100.00"
"Colombo","Jaffna","Meesalai","500","100.00"
"Colombo","Jaffna","Mirusuvil","500","100.00"
"Colombo","Jaffna","Nagar Kovil","500","100.00"
"Colombo","Jaffna","Nainathivu","500","100.00"
"Colombo","Jaffna","Neervely","500","100.00"
"Colombo","Jaffna","Pandaterippu","500","100.00"
"Colombo","Jaffna","Point Pedro","500","100.00"
"Colombo","Jaffna","Pungudutivu","500","100.00"
"Colombo","Jaffna","Putur","500","100.00"
"Colombo","Jaffna","Sandilipay","500","100.00"
"Colombo","Jaffna","Sithankemy","500","100.00"
"Colombo","Jaffna","Tellippallai","500","100.00"
"Colombo","Jaffna","Thondamanaru","500","100.00"
"Colombo","Jaffna","Urumpirai","500","100.00"
"Colombo","Jaffna","Vaddukoddai","500","100.00"
"Colombo","Jaffna","Valvettithurai","500","100.00"
"Colombo","Jaffna","Vannarponnai","500","100.00"
"Colombo","Jaffna","Varany","500","100.00"
"Colombo","Jaffna","Vasavilan","500","100.00"
"Colombo","Jaffna","Velanai","500","100.00"
"Colombo","Vavuniya","Mulliyan","500","100.00"
"Colombo","Vavuniya","Purakari Nallur","500","100.00"
"Colombo","Jaffna","Delft","500","100.00"
"Colombo","Jaffna","Island North","500","100.00"
"Colombo","Jaffna","Island South","500","100.00"
"Colombo","Jaffna","Jaffna","500","100.00"
"Colombo","Jaffna","Karainagar","500","100.00"
"Colombo","Jaffna","Thenmarachchy","500","100.00"
"Colombo","Jaffna","Valikamam East","500","100.00"
"Colombo","Jaffna","Valikamam North","500","100.00"
"Colombo","Jaffna","Valikamam South","500","100.00"
"Colombo","Jaffna","Valikamam South -West","500","100.00"
"Colombo","Jaffna","Valikamam West","500","100.00"
"Colombo","Jaffna","Analaithivu","500","100.00"
"Colombo","Jaffna","Kaithadi","500","100.00"
"Colombo","Jaffna","Kudathanai","500","100.00"
"Colombo","Jaffna","Mandathivu","500","100.00"
"Colombo","Jaffna","Moolai","500","100.00"
"Colombo","Jaffna","Pannagam","500","100.00"
"Colombo","Jaffna","Pandatherippu","500","100.00"
"Colombo","Jaffna","Ponnalai","500","100.00"
"Colombo","Jaffna","Punguduthivu","500","100.00"
"Colombo","Jaffna","Siruppidy","500","100.00"
"Colombo","Jaffna","Thellippallai","500","100.00"
"Colombo","Jaffna","Vadamarachchy East","500","100.00"
"Colombo","Jaffna","Vadamarachchy North","500","100.00"
"Colombo","Jaffna","Vadamarachchy South-west","500","100.00"
"Colombo","Kilinochchi","Nallur","500","100.00"
"Colombo","Jaffna","Punkuduthivu","500","100.00"
"Colombo","Jaffna","Nelliady","500","100.00"
"Colombo","Jaffna","Eluthmadduval","500","100.00"
"Colombo","Jaffna","Inuvil","500","100.00"
"Colombo","Jaffna","Nunavil","500","100.00"
"Colombo","Jaffna","Colombuthurai","500","100.00"
"Colombo","Jaffna","Kuppilan","500","100.00"
"Colombo","Jaffna","Manalkadu","500","100.00"
"Colombo","Jaffna","Thunnalai","500","100.00"
"Colombo","Jaffna","Suruvil","500","100.00"
"Colombo","Jaffna","Saravanai","500","100.00"
"Colombo","Jaffna","Puliyankoodal","500","100.00"
"Colombo","Jaffna","Araly","500","100.00"
"Colombo","Jaffna","Vallipuram","500","100.00"
"Colombo","Jaffna","Ampan","500","100.00"
"Colombo","Jaffna","Palali","500","100.00"
"Colombo","Jaffna","Maviddapuram","500","100.00"
"Colombo","Jaffna","ACHCHELU","500","100.00"
"Colombo","Jaffna","Alaveddy","500","100.00"
"Colombo","Jaffna","ALAVI","500","100.00"
"Colombo","Jaffna","ANAIPANTHI","500","100.00"
"Colombo","Jaffna","Ariyalai","500","100.00"
"Colombo","Jaffna","CHULIPURAM","500","100.00"
"Colombo","Jaffna","COLUMBUTHURAI","500","100.00"
"Colombo","Jaffna","Commantharai","500","100.00"
"Colombo","Jaffna","DAMBAKOLAPATUNA","500","100.00"
"Colombo","Jaffna","DELFT ISLAND","500","100.00"
"Colombo","Jaffna","EARLALAI","500","100.00"
"Colombo","Jaffna","ELUDUMATTUWAN","500","100.00"
"Colombo","Jaffna","ELUVAITHIVU","500","100.00"
"Colombo","Jaffna","Guru Nagar","500","100.00"
"Colombo","Jaffna","ILAVALAI","500","100.00"
"Colombo","Jaffna","KADURUGODA","500","100.00"
"Colombo","Jaffna","Kaithady","500","100.00"
"Colombo","Jaffna","KALAIYADI","500","100.00"
"Colombo","Jaffna","KALAPOOMY","500","100.00"
"Colombo","Jaffna","KALVIYANKADU","500","100.00"
"Colombo","Jaffna","IDAIKKADU","500","100.00"
"Colombo","Jaffna","KANNAPUTTI","500","100.00"
"Colombo","Jaffna","KANNATHIDDY","500","100.00"
"Colombo","Jaffna","KANTHARMADAM","500","100.00"
"Colombo","Jaffna","KANTHIYOOR","500","100.00"
"Colombo","Jaffna","KARANAVAI","500","100.00"
"Colombo","Jaffna","KIRAI KULAM","500","100.00"
"Colombo","Jaffna","KOYILAKKANDI","500","100.00"
"Colombo","Jaffna","Punkudutivu","500","100.00"
"Colombo","Jaffna","KURICHCHIKADU","500","100.00"
"Colombo","Jaffna","KURIKADDUWAN","500","100.00"
"Colombo","Jaffna","Madduvil Nunavil","500","100.00"
"Colombo","Jaffna","Mandaitivu","500","100.00"
"Colombo","Jaffna","NADUTURITTI","500","100.00"
"Colombo","Jaffna","NAGADEEPAYA","500","100.00"
"Colombo","Jaffna","NAINATIVU","500","100.00"
"Colombo","Jaffna","NAVINDIL","500","100.00"
"Colombo","Jaffna","Neduntheevu","500","100.00"
"Colombo","Jaffna","PALAITIVU","500","100.00"
"Colombo","Jaffna","Pandatharippu","500","100.00"
"Colombo","Jaffna","PANIPPULAM","500","100.00"
"Colombo","Jaffna","PASSAIYOOR","500","100.00"
"Colombo","Jaffna","PILLAIYAR","500","100.00"
"Colombo","Jaffna","PIRAMPADY","500","100.00"
"Colombo","Jaffna","POLIKANDY","500","100.00"
"Colombo","Jaffna","Puloly North","500","100.00"
"Colombo","Jaffna","PUTTUR","500","100.00"
"Colombo","Jaffna","SINTHUPURAM","500","100.00"
"Colombo","Jaffna","TELLIPPALAI","500","100.00"
"Colombo","Jaffna","THAMANTHODDAM","500","100.00"
"Colombo","Jaffna","Thampasidy","500","100.00"
"Colombo","Jaffna","Thirunavaloor","500","100.00"
"Colombo","Jaffna","THONDAIMANARU","500","100.00"
"Colombo","Jaffna","UDUVIL","500","100.00"
"Colombo","Jaffna","Vandikudiyiruppu","500","100.00"
"Colombo","Jaffna","Vannarpannai","500","100.00"
"Colombo","Jaffna","Puloly","500","100.00"
"Colombo","Jaffna","Jaffna Town","500","100.00"
"Colombo","Jaffna","Vadamaradchy","500","100.00"
"Colombo","Jaffna","Aliyavalai","500","100.00"
"Colombo","Jaffna","NAVANTHURAI","500","100.00"
"Colombo","Jaffna","Kankesanthurai","500","100.00"
"Colombo","Jaffna","Thavady","500","100.00"
"Colombo","Jaffna","Kokkuvil","500","100.00"
"Colombo","Jaffna","Kondavil West","500","100.00"
"Colombo","Jaffna","kokkuvil","500","100.00"
"Colombo","Jaffna","Kokkuvil","500","100.00"
"Colombo","Jaffna","Maruthanarmadam","500","100.00"
"Colombo","Jaffna","Mallakam","500","100.00"
"Colombo","Jaffna","Keerimalai","500","100.00"
"Colombo","Jaffna","Palali","500","100.00"
"Colombo","Jaffna","palali west","500","100.00"
"Colombo","Jaffna","Alaveddi","500","100.00"
"Colombo","Jaffna","Tellippalai","500","100.00"
"Colombo","Jaffna","Vasavilan","500","100.00"
"Colombo","Jaffna","Point Pedro","500","100.00"
"Colombo","Jaffna","Kudaththanai","500","100.00"
"Colombo","Jaffna","Nagar Kovil","500","100.00"
"Colombo","Jaffna","Manatkadu","500","100.00"
"Colombo","Jaffna","Alvai","500","100.00"
"Colombo","Jaffna","Thirunelveli","500","100.00"
"Colombo","Jaffna","Kondavil East","500","100.00"
"Colombo","Jaffna","Kokuvil East","500","100.00"
"Colombo","Jaffna","Urumpirai","500","100.00"
"Colombo","Jaffna","Punnalaikadduvan","500","100.00"
"Colombo","Jaffna","Palai","500","100.00"
"Colombo","Jaffna","Jaffna City","500","100.00"
"Colombo","Jaffna","Kurunagar","500","100.00"
"Colombo","Jaffna","Kolumbuththurai","500","100.00"
"Colombo","Jaffna","Ariyalai","500","100.00"
"Colombo","Jaffna","Oddumadam","500","100.00"
"Colombo","Jaffna","Nallur","500","100.00"
"Colombo","Jaffna","Kalviyankadu","500","100.00"
"Colombo","Jaffna","Nallur","500","100.00"
"Colombo","Jaffna","Semmani","500","100.00"
"Colombo","Jaffna","itupalai","500","100.00"
"Colombo","Jaffna","Koppay","500","100.00"
"Colombo","Jaffna","Udupiddy","500","100.00"
"Colombo","Jaffna","Siruppiddy","500","100.00"
"Colombo","Jaffna","Neervely","500","100.00"
"Colombo","Jaffna","Valvettithurai","500","100.00"
"Colombo","Jaffna","Arukalmadam","500","100.00"
"Colombo","Jaffna","Anaikoddai","500","100.00"
"Colombo","Jaffna","Manipay","500","100.00"
"Colombo","Jaffna","Navaly","500","100.00"
"Colombo","Jaffna","Chulipuram","500","100.00"
"Colombo","Jaffna","Sankaraththai","500","100.00"
"Colombo","Jaffna","Moolai","500","100.00"
"Colombo","Jaffna","sithankeni","500","100.00"
"Colombo","Jaffna","Pandatharipu","500","100.00"
"Colombo","Jaffna","Pandatharipu","500","100.00"
"Colombo","Jaffna","Mathagal","500","100.00"
"Colombo","Jaffna","Periyavillan","500","100.00"
"Colombo","Jaffna","Nedunkulam","500","100.00"
"Colombo","Jaffna","Navatkuli","500","100.00"
"Colombo","Jaffna","Chavakachcheri","500","100.00"
"Colombo","Jaffna","Eluthumadduval","500","100.00"
"Colombo","Jaffna","kks","500","100.00"
"Colombo","Jaffna","Sankuveli","500","100.00"
"Colombo","Jaffna","Sivankovilady","500","100.00"
"Colombo","Mullaitivu","Karuppaddamurippu","500","100.00"
"Colombo","Mullaitivu","Kokkuthuoduvai","500","100.00"
"Colombo","Mullaitivu","Naddan Kandal","500","100.00"
"Colombo","Mullaitivu","Puthuvedduvan","500","100.00"
"Colombo","Mullaitivu","Vavunakkulam","500","100.00"
"Colombo","Mullaitivu","Visvamadukulam","500","100.00"
"Colombo","Mullaitivu","Yogapuram","500","100.00"
"Colombo","Vavuniya","Akkarayankulam","500","100.00"
"Colombo","Vavuniya","Iranaitiv","500","100.00"
"Colombo","Vavuniya","Kanavil","500","100.00"
"Colombo","Vavuniya","Pallavarayankaddu","500","100.00"
"Colombo","Vavuniya","Paranthan","500","100.00"
"Colombo","Vavuniya","Periyaulukkulam","500","100.00"
"Colombo","Vavuniya","Thalayadi","500","100.00"
"Colombo","Vavuniya","Vannerikkulam","500","100.00"
"Colombo","Kilinochchi","Kilinochchi","500","100.00"
"Colombo","Kilinochchi","Pallai","500","100.00"
"Colombo","Kilinochchi","Poonakary","500","100.00"
"Colombo","Mullaitivu","Ward No 07","500","100.00"
"Colombo","Mullaitivu","Ward No 10","500","100.00"
"Colombo","Vavuniya","Iranai lluppaikulam","500","100.00"
"Colombo","Vavuniya","Iranaithiv","500","100.00"
"Colombo","Vavuniya","Kavutharimunai","500","100.00"
"Colombo","Vavuniya","Kudakachchakodiya","500","100.00"
"Colombo","Vavuniya","lyakachchi","500","100.00"
"Colombo","Vavuniya","Rasenthirakulam","500","100.00"
"Colombo","Vavuniya","Thuthuvanthapilavu","500","100.00"
"Colombo","Kilinochchi","Aliyawalai","500","100.00"
"Colombo","Kilinochchi","Anandapuram","500","100.00"
"Colombo","Kilinochchi","Elephant pass","500","100.00"
"Colombo","Kilinochchi","Chempianpattu","500","100.00"
"Colombo","Kilinochchi","Karachchi","500","100.00"
"Colombo","Kilinochchi","Panchchankulam","500","100.00"
"Colombo","Kilinochchi","Murikandy","500","100.00"
"Colombo","Kilinochchi","Ariviyal Nagar","500","100.00"
"Colombo","Kilinochchi","Vivekananthanagar","500","100.00"
"Colombo","Kilinochchi","Parathan","500","100.00"
"Colombo","Kilinochchi","Vaddakachchi","500","100.00"
"Colombo","Kilinochchi","Murasumoddai","500","100.00"
"Colombo","Kilinochchi","Velikkandal","500","100.00"
"Colombo","Kilinochchi","Visuvamadu","500","100.00"
"Colombo","Kilinochchi","Ottaaruthakulam","500","100.00"
"Colombo","Kilinochchi","Olumadu","500","100.00"
"Colombo","Kilinochchi","Pooneryn","500","100.00"
"Colombo","Kilinochchi","Veravil","500","100.00"
"Colombo","Kilinochchi","Pallawarayankaddu","500","100.00"
"Colombo","Kilinochchi","Maruthankerny","500","100.00"
"Colombo","Kilinochchi","Mamunai","500","100.00"
"Colombo","Kilinochchi","Muhamalai","500","100.00"
"Colombo","Kilinochchi","Murukandi","500","100.00"
"Colombo","Kilinochchi","Mulankavil","500","100.00"
"Colombo","Kilinochchi","Mullavi","500","100.00"
"Colombo","Kilinochchi","Ananthapuram East","500","100.00"
"Colombo","Kilinochchi","Ambalpura","500","100.00"
"Colombo","Kilinochchi","Nachchikuda","500","100.00"
"Colombo","Kilinochchi","Nivil","500","100.00"
"Colombo","Kilinochchi","Eluthumadduval","500","100.00"
"Colombo","Kilinochchi","Salanban","500","100.00"
"Colombo","Kilinochchi","Sivanagar","500","100.00"
"Colombo","Kilinochchi","Sivansolai","500","100.00"
"Colombo","Kilinochchi","Puthu Murippu","500","100.00"
"Colombo","Kilinochchi","Uruthirapuram","500","100.00"
"Colombo","Kilinochchi","Thalayady","500","100.00"
"Colombo","Kilinochchi","Thirunagar","500","100.00"
"Colombo","Kilinochchi","Karukaithivu","500","100.00"
"Colombo","Kilinochchi","Kanesapuram","500","100.00"
"Colombo","Kilinochchi","Jeyapuram","500","100.00"
"Colombo","Kilinochchi","Jeyanthinagar","500","100.00"
"Colombo","Kilinochchi","Kattakadu","500","100.00"
"Colombo","Kilinochchi","Sukanthirapuram","500","100.00"
"Colombo","Kilinochchi","Sivapuram","500","100.00"
"Colombo","Kilinochchi","Raththinapuram","500","100.00"
"Colombo","Kilinochchi","Ramanathapuram","500","100.00"
"Colombo","Kilinochchi","Thoddiyaddi","500","100.00"
"Colombo","Kilinochchi","Pachchilaipalli","500","100.00"
"Colombo","Kilinochchi","Pallikuda","500","100.00"
"Colombo","Kilinochchi","Kuththuvattuvan","500","100.00"
"Colombo","Kilinochchi","Kumarapuram","500","100.00"
"Colombo","Kilinochchi","Kumaarasaamipuram","500","100.00"
"Colombo","Kilinochchi","Theravil","500","100.00"
"Colombo","Kilinochchi","Iyakachchi","500","100.00"
"Colombo","Kilinochchi","Iranamadu","500","100.00"
"Colombo","Kilinochchi","Iruddumadu","500","100.00"
"Colombo","Kilinochchi","Iyyankulam","500","100.00"
"Colombo","Kilinochchi","Dharmapura","500","100.00"
"Colombo","Kilinochchi","Therankandal","500","100.00"
"Colombo","Kilinochchi","Tharmapuram","500","100.00"
"Colombo","Kilinochchi","Wannakanveli","500","100.00"
"Colombo","Kilinochchi","Kandavalai","500","100.00"
"Colombo","Kilinochchi","Uriyan","500","100.00"
"Colombo","Kilinochchi","Koorakkankaddu","500","100.00"
"Colombo","Kilinochchi","Vanneri","500","100.00"
"Colombo","Kilinochchi","Veththilakeni","500","100.00"
"Colombo","Kilinochchi","Vilavoodai","500","100.00"
"Colombo","Kilinochchi","Thadduvankoddi","500","100.00"
"Colombo","Kilinochchi","Piramanthanaru","500","100.00"
"Colombo","Kilinochchi","Pulopalai","500","100.00"
"Colombo","Kilinochchi","Punnaineeraavi","500","100.00"
"Colombo","Kilinochchi","Thiruviyar","500","100.00"
"Colombo","Jaffna","ALANKULAM","500","100.00"
"Colombo","Kilinochchi","URUTHTHIRAPUREESWARAM","500","100.00"
"Colombo","Kilinochchi","ELLUKAADU","500","100.00"
"Colombo","Kilinochchi","Puthumurippu","500","100.00"
"Colombo","Kilinochchi","Konavil","500","100.00"
"Colombo","Kilinochchi","Skanthapuram","500","100.00"
"Colombo","Kilinochchi","Akkarayan Kulam","500","100.00"
"Colombo","Kilinochchi","Kunchukkulam","500","100.00"
"Colombo","Kilinochchi","Parathipuram","500","100.00"
"Colombo","Kilinochchi","PANIKKANKULAM","500","100.00"
"Colombo","Kilinochchi","Muhathuvaram","500","100.00"
"Colombo","Kilinochchi","Mankulam","500","100.00"
"Colombo","Kilinochchi","Mallavi","500","100.00"
"Colombo","Kilinochchi","Nandikadal","500","100.00"
"Colombo","Kilinochchi","Thanneeroottu","500","100.00"
"Colombo","Kilinochchi","Parantan","500","100.00"
"Colombo","Jaffna","Thalaiyadi","500","100.00"
"Colombo","Kilinochchi","Johapuram","500","100.00"
"Colombo","Kilinochchi","Wattakachchi","500","100.00"
"Colombo","Kilinochchi","Kanakambikai Kulam","500","100.00"
"Colombo","Kilinochchi","Pallai","500","100.00"
"Colombo","Kilinochchi","Mamunai","500","100.00"
"Colombo","Kilinochchi","Kilali","500","100.00"
"Colombo","Kilinochchi","Kevil","500","100.00"
"Colombo","Kilinochchi","Mulankavil","500","100.00"
"Colombo","Kilinochchi","Kiranchi","500","100.00"
"Colombo","Kilinochchi","Punakari","500","100.00"
"Colombo","Kilinochchi","Nachchikuda","500","100.00"
"Colombo","Kilinochchi","Mukkompan","500","100.00"
"Colombo","Kilinochchi","Paranthan","500","100.00"
"Colombo","Kilinochchi","Vaddakkachchi","500","100.00"
"Colombo","Kilinochchi","Vishwamadu Kulam","500","100.00"
"Colombo","Kilinochchi","AkkarayanKulam","500","100.00"
"Colombo","Mullaitivu","Naddankandal","500","100.00"
"Colombo","Vavuniya","Iranaiiluppaikulam","500","100.00"
"Colombo","Mullaitivu","Alampil","500","100.00"
"Colombo","Mullaitivu","Kokkilai","500","100.00"
"Colombo","Mullaitivu","Mullativu","500","100.00"
"Colombo","Mullaitivu","Mullivaikkal","500","100.00"
"Colombo","Mullaitivu","Muthauyan Kaddakulam","500","100.00"
"Colombo","Mullaitivu","Odduchudan","500","100.00"
"Colombo","Mullaitivu","Udayarkaddu","500","100.00"
"Colombo","Vavuniya","Nedunkemy","500","100.00"
"Colombo","Mullaitivu","Maritimepattu","500","100.00"
"Colombo","Mullaitivu","Thanniyuththu","500","100.00"
"Colombo","Mullaitivu","Iranaippalai","500","100.00"
"Colombo","Mullaitivu","Vadduvakal","500","100.00"
"Colombo","Mullaitivu","Vellamullivaikal","500","100.00"
"Colombo","Mullaitivu","Valayanmadam","500","100.00"
"Colombo","Mullaitivu","Pirappuvedduvan","500","100.00"
"Colombo","Kilinochchi","Kumulamunai","500","100.00"
"Colombo","Kilinochchi","Puthukudiyiruppu","500","100.00"
"Colombo","Kilinochchi","Puthukkudiyiruppu","500","100.00"
"Colombo","Kilinochchi","Mullaitivu","500","100.00"
"Colombo","Kilinochchi","Mulliyawalai","500","100.00"
"Colombo","Kilinochchi","Allambil","500","100.00"
"Colombo","Kilinochchi","Oddusuddan","500","100.00"
"Colombo","Kilinochchi","Thunukkai","500","100.00"
"Colombo","Kilinochchi","Kokkilay","500","100.00"
"Colombo","Mullaitivu","Muththaiyankaddukulam","500","100.00"
"Colombo","Mullaitivu","Nedunkerny","500","100.00"
"Colombo","Mullaitivu","Keppapilavu","500","100.00"
"Colombo","Mullaitivu","Moongilaru","500","100.00"
"Colombo","Mullaitivu","Mukathuvaram","500","100.00"
"Colombo","Mullaitivu","semmalai","500","100.00"
"Colombo","Mullaitivu","semmalei","500","100.00"
"Colombo","Mullaitivu","Vattappalai","500","100.00"
"Colombo","Mullaitivu","Manatkudiyiruppu","500","100.00"
"Colombo","Kilinochchi","Mullaitivu","500","100.00"
"Colombo","Kilinochchi","Mullaitivu town","500","100.00"
"Colombo","Kilinochchi","Unnappilavu","500","100.00"
"Colombo","Kilinochchi","silavaththai","500","100.00"
"Colombo","Kilinochchi","Uduppukkulam","500","100.00"
"Colombo","Kilinochchi","Alampil","500","100.00"
"Colombo","Kilinochchi","Chemmalai","500","100.00"
"Colombo","Kilinochchi","Kokkilai","500","100.00"
"Colombo","Kilinochchi","Mukaththuvaram","500","100.00"
"Colombo","Kilinochchi","Thanneruttu","500","100.00"
"Colombo","Kilinochchi","Kumulamunai","500","100.00"
"Colombo","Kilinochchi","Murippu","500","100.00"
"Colombo","Kilinochchi","Mulliyawalai","500","100.00"
"Colombo","Kilinochchi","Puthanvajal","500","100.00"
"Colombo","Kilinochchi","Vattapalai","500","100.00"
"Colombo","Kilinochchi","Keppapilavu","500","100.00"
"Colombo","Kilinochchi","Vadduvakal","500","100.00"
"Colombo","Kilinochchi","Mullivaikkal","500","100.00"
"Colombo","Kilinochchi","Valayanmadam","500","100.00"
"Colombo","Kilinochchi","Puthukkudiyiruppu","500","100.00"
"Colombo","Kilinochchi","Eranappalai","500","100.00"
"Colombo","Kilinochchi","KAIVELY","500","100.00"
"Colombo","Kilinochchi","Thevipuram","500","100.00"
"Colombo","Kilinochchi","Vallipunam","500","100.00"
"Colombo","Kilinochchi","Udaiyarkaddu","500","100.00"
"Colombo","Kilinochchi","Visuvamadu","500","100.00"
"Colombo","Kilinochchi","Suthanthirapuram","500","100.00"
"Colombo","Kilinochchi","Mannakandal","500","100.00"
"Colombo","Kilinochchi","Katchilaimadu","500","100.00"
"Colombo","Kilinochchi","Muththaiyankaddu","500","100.00"
"Colombo","Kilinochchi","Thoddiyadi","500","100.00"
"Colombo","Kilinochchi","Oddusuddan","500","100.00"
"Colombo","Kilinochchi","Kulamurippu","500","100.00"
"Colombo","Kilinochchi","Nainamadu","500","100.00"
"Colombo","Kilinochchi","Karippaddamurippu","500","100.00"
"Colombo","Kilinochchi","Kilinochchi","500","100.00"
"Colombo","Kilinochchi","Pallai","500","100.00"
"Colombo","Kilinochchi","Pallai","500","100.00"
"Colombo","Kilinochchi","Poonakary","500","100.00"
"Colombo","Kilinochchi","Aliyawalai","500","100.00"
"Colombo","Kilinochchi","Anandapuram","500","100.00"
"Colombo","Kilinochchi","Elephant pass","500","100.00"
"Colombo","Kilinochchi","Chempianpattu","500","100.00"
"Colombo","Kilinochchi","Karachchi","500","100.00"
"Colombo","Kilinochchi","Panchchankulam","500","100.00"
"Colombo","Kilinochchi","Murikandy","500","100.00"
"Colombo","Kilinochchi","Ariviyal Nagar","500","100.00"
"Colombo","Kilinochchi","Vivekananthanagar","500","100.00"
"Colombo","Kilinochchi","Parathan","500","100.00"
"Colombo","Kilinochchi","Vaddakachchi","500","100.00"
"Colombo","Kilinochchi","Murasumoddai","500","100.00"
"Colombo","Kilinochchi","Velikkandal","500","100.00"
"Colombo","Kilinochchi","Visuvamadu","500","100.00"
"Colombo","Kilinochchi","Ottaaruthakulam","500","100.00"
"Colombo","Kilinochchi","Olumadu","500","100.00"
"Colombo","Kilinochchi","Pooneryn","500","100.00"
"Colombo","Kilinochchi","Veravil","500","100.00"
"Colombo","Kilinochchi","Veravil","500","100.00"
"Colombo","Kilinochchi","Pallawarayankaddu","500","100.00"
"Colombo","Kilinochchi","Maruthankerny","500","100.00"
"Colombo","Kilinochchi","Mamunai","500","100.00"
"Colombo","Kilinochchi","Muhamalai","500","100.00"
"Colombo","Kilinochchi","Murukandi","500","100.00"
"Colombo","Kilinochchi","Mulankavil","500","100.00"
"Colombo","Kilinochchi","Mulankavil","500","100.00"
"Colombo","Kilinochchi","Mullavi","500","100.00"
"Colombo","Kilinochchi","Ananthapuram East","500","100.00"
"Colombo","Kilinochchi","Ambalpura","500","100.00"
"Colombo","Kilinochchi","Nachchikuda","500","100.00"
"Colombo","Kilinochchi","Nivil","500","100.00"
"Colombo","Kilinochchi","Eluthumadduval","500","100.00"
"Colombo","Kilinochchi","Salanban","500","100.00"
"Colombo","Kilinochchi","Sivanagar","500","100.00"
"Colombo","Kilinochchi","Sivansolai","500","100.00"
"Colombo","Kilinochchi","Puthu Murippu","500","100.00"
"Colombo","Kilinochchi","Uruthirapuram","500","100.00"
"Colombo","Kilinochchi","Thalayady","500","100.00"
"Colombo","Kilinochchi","Thirunagar","500","100.00"
"Colombo","Kilinochchi","Karukaithivu","500","100.00"
"Colombo","Kilinochchi","Kanesapuram","500","100.00"
"Colombo","Kilinochchi","Jeyapuram","500","100.00"
"Colombo","Kilinochchi","Jeyanthinagar","500","100.00"
"Colombo","Kilinochchi","Kattakadu","500","100.00"
"Colombo","Kilinochchi","Sukanthirapuram","500","100.00"
"Colombo","Kilinochchi","Sivapuram","500","100.00"
"Colombo","Kilinochchi","Raththinapuram","500","100.00"
"Colombo","Kilinochchi","Ramanathapuram","500","100.00"
"Colombo","Kilinochchi","Thoddiyaddi","500","100.00"
"Colombo","Kilinochchi","Pachchilaipalli","500","100.00"
"Colombo","Kilinochchi","Pachchilaipalli","500","100.00"
"Colombo","Kilinochchi","Pallikuda","500","100.00"
"Colombo","Kilinochchi","Kuththuvattuvan","500","100.00"
"Colombo","Kilinochchi","Kumarapuram","500","100.00"
"Colombo","Kilinochchi","Kumaarasaamipuram","500","100.00"
"Colombo","Kilinochchi","Theravil","500","100.00"
"Colombo","Kilinochchi","Iyakachchi","500","100.00"
"Colombo","Kilinochchi","Iranamadu","500","100.00"
"Colombo","Kilinochchi","Iruddumadu","500","100.00"
"Colombo","Kilinochchi","Iyyankulam","500","100.00"
"Colombo","Kilinochchi","Dharmapura","500","100.00"
"Colombo","Kilinochchi","Therankandal","500","100.00"
"Colombo","Kilinochchi","Tharmapuram","500","100.00"
"Colombo","Kilinochchi","Wannakanveli","500","100.00"
"Colombo","Kilinochchi","Kandavalai","500","100.00"
"Colombo","Kilinochchi","Uriyan","500","100.00"
"Colombo","Kilinochchi","Koorakkankaddu","500","100.00"
"Colombo","Kilinochchi","Vanneri","500","100.00"
"Colombo","Kilinochchi","Veththilakeni","500","100.00"
"Colombo","Kilinochchi","Vilavoodai","500","100.00"
"Colombo","Kilinochchi","Thadduvankoddi","500","100.00"
"Colombo","Kilinochchi","Piramanthanaru","500","100.00"
"Colombo","Kilinochchi","Pulopalai","500","100.00"
"Colombo","Kilinochchi","Punnaineeraavi","500","100.00"
"Colombo","Kilinochchi","Thiruviyar","500","100.00"
"Colombo","Kilinochchi","URUTHTHIRAPUREESWARAM","500","100.00"
"Colombo","Kilinochchi","ELLUKAADU","500","100.00"
"Colombo","Kilinochchi","Puthumurippu","500","100.00"
"Colombo","Kilinochchi","Konavil","500","100.00"
"Colombo","Kilinochchi","Skanthapuram","500","100.00"
"Colombo","Kilinochchi","Akkarayan Kulam","500","100.00"
"Colombo","Kilinochchi","Kunchukkulam","500","100.00"
"Colombo","Kilinochchi","Parathipuram","500","100.00"
"Colombo","Kilinochchi","PANIKKANKULAM","500","100.00"
"Colombo","Kilinochchi","Muhathuvaram","500","100.00"
"Colombo","Kilinochchi","Mankulam","500","100.00"
"Colombo","Kilinochchi","Mallavi","500","100.00"
"Colombo","Kilinochchi","Nandikadal","500","100.00"
"Colombo","Kilinochchi","Thanneeroottu","500","100.00"
"Colombo","Kilinochchi","Parantan","500","100.00"
"Colombo","Kilinochchi","Johapuram","500","100.00"
"Colombo","Kilinochchi","Wattakachchi","500","100.00"
"Colombo","Kilinochchi","Kanakambikai Kulam","500","100.00"
"Colombo","Kilinochchi","Pallai","500","100.00"
"Colombo","Kilinochchi","Mamunai","500","100.00"
"Colombo","Kilinochchi","Kilali","500","100.00"
"Colombo","Kilinochchi","Kevil","500","100.00"
"Colombo","Kilinochchi","Mulankavil","500","100.00"
"Colombo","Kilinochchi","Kiranchi","500","100.00"
"Colombo","Kilinochchi","Punakari","500","100.00"
"Colombo","Kilinochchi","Nachchikuda","500","100.00"
"Colombo","Kilinochchi","Mukkompan","500","100.00"
"Colombo","Kilinochchi","Paranthan","500","100.00"
"Colombo","Kilinochchi","Vaddakkachchi","500","100.00"
"Colombo","Kilinochchi","Ariviyal Nagar","500","100.00"
"Colombo","Kilinochchi","Uthayanagar","500","100.00"
"Colombo","Kilinochchi","Selvanagar","500","100.00"
"Colombo","Kilinochchi","Uruththirapuram","500","100.00"
"Colombo","Kilinochchi","Puliyampokkanai","500","100.00"
"Colombo","Kilinochchi","sundikkulam","500","100.00"
"Colombo","Kilinochchi","Iyakkachchi","500","100.00"
"Colombo","Kilinochchi","Palai","500","100.00"
"Colombo","Kilinochchi","Thalaiady","500","100.00"
"Colombo","Kilinochchi","Kaddaikkadu","500","100.00"
"Colombo","Kilinochchi","Vavunikulam","500","100.00"
"Colombo","Kilinochchi","Pandiyankulam","500","100.00"
"Colombo","Kilinochchi","Puththuvedduvan","500","100.00"
"Colombo","Kilinochchi","Poonagary","500","100.00"
"Colombo","Kilinochchi","Valaippadu","500","100.00"
"Colombo","Mannar","Adampan","500","100.00"
"Colombo","Mannar","Arippu","500","100.00"
"Colombo","Mannar","Chilavathurai","500","100.00"
"Colombo","Mannar","Erukkalampiddy","500","100.00"
"Colombo","Mannar","llluppaikadavai","500","100.00"
"Colombo","Mannar","Madhu Church","500","100.00"
"Colombo","Mannar","Madhu Road","500","100.00"
"Colombo","Mannar","Mannar","500","100.00"
"Colombo","Mannar","Marichchi Kaddi","500","100.00"
"Colombo","Mannar","Murunkan","500","100.00"
"Colombo","Mannar","P.P.Potkemy","500","100.00"
"Colombo","Mannar","Palampiddy","500","100.00"
"Colombo","Mannar","Periyakunchikulam","500","100.00"
"Colombo","Mannar","Periyamadhu","500","100.00"
"Colombo","Mannar","Pesalai","500","100.00"
"Colombo","Mannar","Talaimannar","500","100.00"
"Colombo","Mannar","Temple","500","100.00"
"Colombo","Mannar","Tharapuram","500","100.00"
"Colombo","Mannar","Thiruketheeswaram Temple","500","100.00"
"Colombo","Mannar","Vaddakandal","500","100.00"
"Colombo","Mannar","Vankalai","500","100.00"
"Colombo","Mannar","Vellan Kulam","500","100.00"
"Colombo","Mannar","Vidataltivu","500","100.00"
"Colombo","Vavuniya","Madhu","500","100.00"
"Colombo","Mannar","Mannar Town","500","100.00"
"Colombo","Mannar","Manthai West","500","100.00"
"Colombo","Mannar","Musali","500","100.00"
"Colombo","Mannar","Nanattan","500","100.00"
"Colombo","Mannar","Anthoniar puram","500","100.00"
"Colombo","Mannar","Athimottai","500","100.00"
"Colombo","Mannar","Kalladi","500","100.00"
"Colombo","Mannar","Kadai adampan","500","100.00"
"Colombo","Mannar","Karisal","500","100.00"
"Colombo","Mannar","Keppapilavu","500","100.00"
"Colombo","Mannar","Kunchikulam","500","100.00"
"Colombo","Mannar","Manthai East","500","100.00"
"Colombo","Mannar","Mutharipputhurai","500","100.00"
"Colombo","Mannar","Mullikulam","500","100.00"
"Colombo","Mannar","Nadukkuda","500","100.00"
"Colombo","Mannar","Nanaththan","500","100.00"
"Colombo","Mannar","Olathuduvai","500","100.00"
"Colombo","Mannar","Siruthoppu","500","100.00"
"Colombo","Mannar","Silavathurai","500","100.00"
"Colombo","Mannar","Sonakapidi","500","100.00"
"Colombo","Mannar","Pandivirichchan","500","100.00"
"Colombo","Mannar","Parayankulam","500","100.00"
"Colombo","Mannar","Paaviluppaddaan Kudiyiruppu","500","100.00"
"Colombo","Mannar","Pallamadu","500","100.00"
"Colombo","Mannar","Thanniyutttu","500","100.00"
"Colombo","Mannar","Thalvupadu","500","100.00"
"Colombo","Mannar","Thalaimannar","500","100.00"
"Colombo","Mannar","Thullukudiyiruppu","500","100.00"
"Colombo","Mannar","Thottaveli","500","100.00"
"Colombo","Mannar","Uyilankulam","500","100.00"
"Colombo","Mannar","Vankalapadu","500","100.00"
"Colombo","Mannar","Vattrapilai","500","100.00"
"Colombo","Mannar","Maritimepaththu","500","100.00"
"Colombo","Mannar","Mathalan","500","100.00"
"Colombo","Mannar","Nayaru","500","100.00"
"Colombo","Mannar","Iluppakadavai","500","100.00"
"Colombo","Mannar","Kondachi","500","100.00"
"Colombo","Mannar","Silawathurai","500","100.00"
"Colombo","Mannar","Mullikulam","500","100.00"
"Colombo","Mannar","Madhu","500","100.00"
"Colombo","Mannar","Palampiddy","500","100.00"
"Colombo","Mannar","Thiruketheeswaram","500","100.00"
"Colombo","Mannar","Iluppakadavai","500","100.00"
"Colombo","Mannar","Vellankulam","500","100.00"
"Colombo","Mannar","Talaimannar","500","100.00"
"Colombo","Mannar","තලෙයිමන්නාරම","500","100.00"
"Colombo","Mannar","Iluppaikulam","500","100.00"
"Colombo","Mannar","Kakkayankulam","500","100.00"
"Colombo","Vavuniya","Cheddikulam","500","100.00"
"Colombo","Vavuniya","Kanagarayankulam","500","100.00"
"Colombo","Vavuniya","Mahakachchakodiya","500","100.00"
"Colombo","Vavuniya","Maraiyadithakulam","500","100.00"
"Colombo","Vavuniya","Neriyakulam","500","100.00"
"Colombo","Vavuniya","Omanthai","500","100.00"
"Colombo","Vavuniya","Palamoddai","500","100.00"
"Colombo","Vavuniya","Pampaimadu","500","100.00"
"Colombo","Vavuniya","Pavaikulam","500","100.00"
"Colombo","Vavuniya","Sasthrikulankulam","500","100.00"
"Colombo","Vavuniya","Varikkuttiyoor","500","100.00"
"Colombo","Vavuniya","Vavuniya North","500","100.00"
"Colombo","Vavuniya","Vavuniya South","500","100.00"
"Colombo","Vavuniya","Vengalacheddikulam","500","100.00"
"Colombo","Vavuniya","Asikulam","500","100.00"
"Colombo","Vavuniya","Akkara 100","500","100.00"
"Colombo","Vavuniya","Barathipuram","500","100.00"
"Colombo","Vavuniya","Chemamadukkulam","500","100.00"
"Colombo","Vavuniya","Ethawetunuwewa","500","100.00"
"Colombo","Vavuniya","Eshwaripuram","500","100.00"
"Colombo","Vavuniya","Ganesapuram","500","100.00"
"Colombo","Vavuniya","Katkulam","500","100.00"
"Colombo","Vavuniya","Kakkayankulam","500","100.00"
"Colombo","Vavuniya","Kalmadu","500","100.00"
"Colombo","Vavuniya","Kanthapurama","500","100.00"
"Colombo","Vavuniya","Kekkettipilavu","500","100.00"
"Colombo","Vavuniya","Kovilkulam","500","100.00"
"Colombo","Vavuniya","Kurumankadu","500","100.00"
"Colombo","Vavuniya","Mamaduwa","500","100.00"
"Colombo","Vavuniya","Matheena Nagar","500","100.00"
"Colombo","Vavuniya","Madukanda","500","100.00"
"Colombo","Vavuniya","Nambankulam","500","100.00"
"Colombo","Vavuniya","Nelumkkulam","500","100.00"
"Colombo","Vavuniya","Nelukkulam","500","100.00"
"Colombo","Vavuniya","Nedunkulam","500","100.00"
"Colombo","Vavuniya","Pambaimadu","500","100.00"
"Colombo","Vavuniya","periyapandirichchan","500","100.00"
"Colombo","Vavuniya","Periyathambanai","500","100.00"
"Colombo","Vavuniya","Puliyankulam","500","100.00"
"Colombo","Vavuniya","Pulmude","500","100.00"
"Colombo","Vavuniya","Poonthoddam","500","100.00"
"Colombo","Vavuniya","Rambikulam","500","100.00"
"Colombo","Vavuniya","Sinna pandivirichchan","500","100.00"
"Colombo","Vavuniya","Sithambarapuram","500","100.00"
"Colombo","Vavuniya","Sundarapuram","500","100.00"
"Colombo","Vavuniya","Thavasikulam","500","100.00"
"Colombo","Vavuniya","Thirunavathkulam","500","100.00"
"Colombo","Vavuniya","Veppankulama","500","100.00"
"Colombo","Vavuniya","Velikulam","500","100.00"
"Colombo","Vavuniya","Veerapuram","500","100.00"
"Colombo","Vavuniya","Veppankulam","500","100.00"
"Colombo","Vavuniya","Ukkulankulam","500","100.00"
"Colombo","Vavuniya","Kudawewa","500","100.00"
"Colombo","Vavuniya","KOOMANKULAM","500","100.00"
"Colombo","Vavuniya","Thandikulam","500","100.00"
"Colombo","Vavuniya","Maharambaikulam","500","100.00"
"Colombo","Vavuniya","Thirunavat Kulam","500","100.00"
"Colombo","Vavuniya","Pandarikulam","500","100.00"
"Colombo","Vavuniya","Rajendrankulam","500","100.00"
"Colombo","Vavuniya","Katkuly","500","100.00"
"Colombo","Vavuniya","Thonikal","500","100.00"
"Colombo","Vavuniya","Avusathapitiya","500","100.00"
"Colombo","Vavuniya","Irampaikkulam","500","100.00"
"Colombo","Vavuniya","Samalankulam","500","100.00"
"Colombo","Vavuniya","Puthukulam","500","100.00"
"Colombo","Vavuniya","Paranaddakal","500","100.00"
"Colombo","Vavuniya","Nochchimoddai","500","100.00"
"Colombo","Vavuniya","madawachchiya","500","100.00"
"Colombo","Vavuniya","Vavuniya","500","100.00"
"Colombo","Vavuniya","Thonikkal","500","100.00"
"Colombo","Vavuniya","Poovarasankulam","500","100.00"
"Colombo","Vavuniya","Nelukkulam","500","100.00"
"Colombo","Vavuniya","Wahamalgollewa","500","100.00"
"Colombo","Vavuniya","MANNAR ROAD VAVUNIYA","500","100.00"
"Colombo","Vavuniya","VAVUNIYA TOWN","500","100.00"
"Colombo","Vavuniya","Poonthoddam","500","100.00"
"Colombo","Vavuniya","MAGARAMPAIKULAM","500","100.00"
"Colombo","Vavuniya","Sithamparapuram","500","100.00"
"Colombo","Vavuniya","Rambaikulam","500","100.00"
"Colombo","Vavuniya","Velikkulam","500","100.00"
"Colombo","Vavuniya","Samanankulam","500","100.00"
"Colombo","Vavuniya","Thavasikulam","500","100.00"
"Colombo","Vavuniya","Kanakarayankulam","500","100.00"
"Colombo","Vavuniya","Thandikkulam","500","100.00"
"Colombo","Vavuniya","Kidachchuri","500","100.00"
"Colombo","Vavuniya","Rambaikulam","500","100.00"
"Colombo","Vavuniya","Kovilputhukulam","500","100.00"
"Colombo","Vavuniya","Goodshed Rd vavuniya","500","100.00"
"Colombo","Vavuniya","Pandarikulam","500","100.00"
"Colombo","Vavuniya","Kandy Rd vavuniya","500","100.00"
"Colombo","Vavuniya","Vairavarpuliyankulam","500","100.00"
"Colombo","Vavuniya","Kurumankadu","500","100.00"
"Colombo","Vavuniya","Chettikulam","500","100.00"
"Colombo","Vavuniya","Pattanichoor","500","100.00"
"Colombo","Vavuniya","Parayanalankulam","500","100.00"
"Colombo","Vavuniya","Iranailuppakkulam","500","100.00"
"Colombo","Vavuniya","Pavakkulama","500","100.00"
"Colombo","Vavuniya","Pavakkulama","500","100.00"
"Colombo","Vavuniya","Cheddikulam","500","100.00"
"Colombo","Vavuniya","Kanagarayankulam","500","100.00"
"Colombo","Vavuniya","Mahakachchakodiya","500","100.00"
"Colombo","Vavuniya","Maraiyadithakulam","500","100.00"
"Colombo","Vavuniya","Neriyakulam","500","100.00"
"Colombo","Vavuniya","Omanthai","500","100.00"
"Colombo","Vavuniya","Palamoddai","500","100.00"
"Colombo","Vavuniya","Pampaimadu","500","100.00"
"Colombo","Vavuniya","Pavaikulam","500","100.00"
"Colombo","Vavuniya","Sasthrikulankulam","500","100.00"
"Colombo","Vavuniya","Varikkuttiyoor","500","100.00"
"Colombo","Vavuniya","Vavuniya North","500","100.00"
"Colombo","Vavuniya","Vavuniya South","500","100.00"
"Colombo","Vavuniya","Vengalacheddikulam","500","100.00"
"Colombo","Vavuniya","Asikulam","500","100.00"
"Colombo","Vavuniya","Akkara 100","500","100.00"
"Colombo","Vavuniya","Barathipuram","500","100.00"
"Colombo","Vavuniya","Chemamadukkulam","500","100.00"
"Colombo","Vavuniya","Ethawetunuwewa","500","100.00"
"Colombo","Vavuniya","Eshwaripuram","500","100.00"
"Colombo","Vavuniya","Ganesapuram","500","100.00"
"Colombo","Vavuniya","Katkulam","500","100.00"
"Colombo","Vavuniya","Kakkayankulam","500","100.00"
"Colombo","Vavuniya","Kalmadu","500","100.00"
"Colombo","Vavuniya","Kanthapurama","500","100.00"
"Colombo","Vavuniya","Kekkettipilavu","500","100.00"
"Colombo","Vavuniya","Kovilkulam","500","100.00"
"Colombo","Vavuniya","Kurumankadu","500","100.00"
"Colombo","Vavuniya","Mamaduwa","500","100.00"
"Colombo","Vavuniya","Matheena Nagar","500","100.00"
"Colombo","Vavuniya","Madukanda","500","100.00"
"Colombo","Vavuniya","Nambankulam","500","100.00"
"Colombo","Vavuniya","Nelumkkulam","500","100.00"
"Colombo","Vavuniya","Nelukkulam","500","100.00"
"Colombo","Vavuniya","Nedunkulam","500","100.00"
"Colombo","Vavuniya","Pambaimadu","500","100.00"
"Colombo","Vavuniya","periyapandirichchan","500","100.00"
"Colombo","Vavuniya","Periyathambanai","500","100.00"
"Colombo","Vavuniya","Puliyankulam","500","100.00"
"Colombo","Vavuniya","Pulmude","500","100.00"
"Colombo","Vavuniya","Poonthoddam","500","100.00"
"Colombo","Vavuniya","Rambikulam","500","100.00"
"Colombo","Vavuniya","Sinna pandivirichchan","500","100.00"
"Colombo","Vavuniya","Sithambarapuram","500","100.00"
"Colombo","Vavuniya","Sundarapuram","500","100.00"
"Colombo","Vavuniya","Thavasikulam","500","100.00"
"Colombo","Vavuniya","Thirunavathkulam","500","100.00"
"Colombo","Vavuniya","Veppankulama","500","100.00"
"Colombo","Vavuniya","Velikulam","500","100.00"
"Colombo","Vavuniya","Veerapuram","500","100.00"
"Colombo","Vavuniya","Veppankulam","500","100.00"
"Colombo","Anuradhapura","Punewa","500","100.00"
"Colombo","Vavuniya","Ukkulankulam","500","100.00"
"Colombo","Vavuniya","Kudawewa","500","100.00"
"Colombo","Vavuniya","KOOMANKULAM","500","100.00"
"Colombo","Vavuniya","Thandikulam","500","100.00"
"Colombo","Vavuniya","Maharambaikulam","500","100.00"
"Colombo","Vavuniya","Thirunavat Kulam","500","100.00"
"Colombo","Vavuniya","Pandarikulam","500","100.00"
"Colombo","Vavuniya","Rajendrankulam","500","100.00"
"Colombo","Vavuniya","Katkuly","500","100.00"
"Colombo","Vavuniya","Thonikal","500","100.00"
"Colombo","Vavuniya","Avusathapitiya","500","100.00"
"Colombo","Vavuniya","Irampaikkulam","500","100.00"
"Colombo","Vavuniya","Samalankulam","500","100.00"
"Colombo","Vavuniya","Puthukulam","500","100.00"
"Colombo","Vavuniya","Paranaddakal","500","100.00"
"Colombo","Vavuniya","Nochchimoddai","500","100.00"
"Colombo","Anuradhapura","GALKANDEGAMA","500","100.00"
"Colombo","Vavuniya","madawachchiya","500","100.00"
"Colombo","Vavuniya","Vavuniya","500","100.00"
"Colombo","Vavuniya","Thonikkal","500","100.00"
"Colombo","Vavuniya","Poovarasankulam","500","100.00"
"Colombo","Vavuniya","Nelukkulam","500","100.00"
"Colombo","Vavuniya","Wahamalgollewa","500","100.00"
"Colombo","Vavuniya","MANNAR ROAD VAVUNIYA","500","100.00"
"Colombo","Vavuniya","VAVUNIYA TOWN","500","100.00"
"Colombo","Vavuniya","Poonthoddam","500","100.00"
"Colombo","Vavuniya","MAGARAMPAIKULAM","500","100.00"
"Colombo","Vavuniya","Sithamparapuram","500","100.00"
"Colombo","Vavuniya","Rambaikulam","500","100.00"
"Colombo","Vavuniya","Velikkulam","500","100.00"
"Colombo","Vavuniya","Samanankulam","500","100.00"
"Colombo","Vavuniya","Thavasikulam","500","100.00"
"Colombo","Vavuniya","Kanakarayankulam","500","100.00"
"Colombo","Vavuniya","Thandikkulam","500","100.00"
"Colombo","Vavuniya","Kidachchuri","500","100.00"
"Colombo","Vavuniya","Sasthirikoolankulam","500","100.00"
"Colombo","Vavuniya","Varikuddiyoor","500","100.00"
"Colombo","Anuradhapura","Dematawewa","500","100.00"
"Colombo","Anuradhapura","Dunumadalawa","500","100.00"
"Colombo","Anuradhapura","Dutuwewa","500","100.00"
"Colombo","Anuradhapura","Elayapattuwa","500","100.00"
"Colombo","Anuradhapura","Galkadawala","500","100.00"
"Colombo","Anuradhapura","Gambirigaswewa","500","100.00"
"Colombo","Anuradhapura","Hidogama","500","100.00"
"Colombo","Anuradhapura","Hurulunikawewa","500","100.00"
"Colombo","Anuradhapura","Karagahawewa","500","100.00"
"Colombo","Anuradhapura","Kendewa","500","100.00"
"Colombo","Anuradhapura","Kurundankulama","500","100.00"
"Colombo","Anuradhapura","Labunoruwa","500","100.00"
"Colombo","Anuradhapura","Mahabulankulama","500","100.00"
"Colombo","Anuradhapura","Mahapothana","500","100.00"
"Colombo","Anuradhapura","Mihintale","500","100.00"
"Colombo","Anuradhapura","Muriyakadawala","500","100.00"
"Colombo","Anuradhapura","Namalpura","500","100.00"
"Colombo","Anuradhapura","Padikaramaduwa","500","100.00"
"Colombo","Anuradhapura","Pandukabayapura","500","100.00"
"Colombo","Anuradhapura","Pandulagama","500","100.00"
"Colombo","Anuradhapura","Parasangahawewa","500","100.00"
"Colombo","Anuradhapura","Pemaduwa","500","100.00"
"Colombo","Anuradhapura","Tammennawa","500","100.00"
"Colombo","Anuradhapura","Tantirimale","500","100.00"
"Colombo","Anuradhapura","Tennamarawadiya","500","100.00"
"Colombo","Anuradhapura","Tirappane","500","100.00"
"Colombo","Anuradhapura","Uttimaduwa","500","100.00"
"Colombo","Anuradhapura","Welimuwapotana","500","100.00"
"Colombo","Anuradhapura","Galenbindunuwewa","500","100.00"
"Colombo","Anuradhapura","Mihinthale","500","100.00"
"Colombo","Anuradhapura","Nachchaduwa","500","100.00"
"Colombo","Anuradhapura","Nuwaragam Palatha Central","500","100.00"
"Colombo","Anuradhapura","Nuwaragam Palatha East","500","100.00"
"Colombo","Anuradhapura","Rambewa","500","100.00"
"Colombo","Anuradhapura","Thirappane","500","100.00"
"Colombo","Vavuniya","Wahamulugollawa","500","100.00"
"Colombo","Anuradhapura","Mahawilachchiya","500","100.00"
"Colombo","Anuradhapura","Maradankadawala","500","100.00"
"Colombo","Anuradhapura","Maradankalla","500","100.00"
"Colombo","Anuradhapura","Megodawewa","500","100.00"
"Colombo","Anuradhapura","Puliyankulama","500","100.00"
"Colombo","Anuradhapura","Seeppukulama","500","100.00"
"Colombo","Anuradhapura","Sivalakulama","500","100.00"
"Colombo","Anuradhapura","Sravasthipura","500","100.00"
"Colombo","Anuradhapura","Thammennawa","500","100.00"
"Colombo","Anuradhapura","Thanthirimale","500","100.00"
"Colombo","Anuradhapura","Thennamarawadiya","500","100.00"
"Colombo","Anuradhapura","Upuldeniya","500","100.00"
"Colombo","Anuradhapura","Uththimaduwa","500","100.00"
"Colombo","Anuradhapura","Viharapalugama","500","100.00"
"Colombo","Anuradhapura","Walagambahuwa","500","100.00"
"Colombo","Puttalam","Galkulama","500","100.00"
"Colombo","Anuradhapura","Yakkalla","500","100.00"
"Colombo","Anuradhapura","Kaluwila","500","100.00"
"Colombo","Anuradhapura","Keerikkkulama","500","100.00"
"Colombo","Anuradhapura","Mahanelubewa","500","100.00"
"Colombo","Anuradhapura","Oyamaduwa","500","100.00"
"Colombo","Anuradhapura","Pothanegama","500","100.00"
"Colombo","Anuradhapura","yakalla","500","100.00"
"Colombo","Anuradhapura","Galenbindunawewa","500","100.00"
"Colombo","Anuradhapura","Gatalawa","500","100.00"
"Colombo","Anuradhapura","Mahopothana","500","100.00"
"Colombo","Anuradhapura","Kedawa","500","100.00"
"Colombo","Anuradhapura","Mahapotana","500","100.00"
"Colombo","Anuradhapura","iluppukanniya","500","100.00"
"Colombo","Anuradhapura","alagollewa","500","100.00"
"Colombo","Anuradhapura","hamillewa","500","100.00"
"Colombo","Anuradhapura","Galenbidunuwawa","500","100.00"
"Colombo","Anuradhapura","anuradhapura","500","100.00"
"Colombo","Anuradhapura","MARANDANKALLA","500","100.00"
"Colombo","Anuradhapura","Anuradhapura town","500","100.00"
"Colombo","Anuradhapura","Nuwaragam palatha","500","100.00"
"Colombo","Anuradhapura","Meegodawewa","500","100.00"
"Colombo","Anuradhapura","Jaffna Juntion","500","100.00"
"Colombo","Anuradhapura","Pullayara juntion","500","100.00"
"Colombo","Anuradhapura","Mathale juntion","500","100.00"
"Colombo","Anuradhapura","walagambawa","500","100.00"
"Colombo","Anuradhapura","maradankadwala","500","100.00"
"Colombo","Anuradhapura","Teaching Hospital","500","100.00"
"Colombo","Anuradhapura","Teaching Hospital anuradhapura","500","100.00"
"Colombo","Anuradhapura","Stage -3","500","100.00"
"Colombo","Anuradhapura","Kada -12","500","100.00"
"Colombo","Anuradhapura","Freeman mawatha","500","100.00"
"Colombo","Anuradhapura","Elayapatthuwa","500","100.00"
"Colombo","Anuradhapura","Wilachchiya","500","100.00"
"Colombo","Anuradhapura","Ichchankulama","500","100.00"
"Colombo","Anuradhapura","Kalaththewa","500","100.00"
"Colombo","Anuradhapura","Nelumkanniya","500","100.00"
"Colombo","Anuradhapura","Welankulama","500","100.00"
"Colombo","Anuradhapura","Arunagama","500","100.00"
"Colombo","Anuradhapura","Abathalagama","500","100.00"
"Colombo","Anuradhapura","Illuppukanniya","500","100.00"
"Colombo","Anuradhapura","Ramakele","500","100.00"
"Colombo","Anuradhapura","malwathu oya","500","100.00"
"Colombo","Anuradhapura","Pahala Kirikkulama","500","100.00"
"Colombo","Anuradhapura","kirikkulama","500","100.00"
"Colombo","Anuradhapura","Kuda Nelunkulama","500","100.00"
"Colombo","Anuradhapura","Ihalawewa","500","100.00"
"Colombo","Anuradhapura","Sri Vibuthigama","500","100.00"
"Colombo","Anuradhapura","Siyabalagaswewa","500","100.00"
"Colombo","Anuradhapura","Thodamaduwa","500","100.00"
"Colombo","Anuradhapura","Marakulama","500","100.00"
"Colombo","Anuradhapura","Ethungama","500","100.00"
"Colombo","Anuradhapura","Demategama","500","100.00"
"Colombo","Anuradhapura","sembukulama","500","100.00"
"Colombo","Anuradhapura","punchikulama","500","100.00"
"Colombo","Anuradhapura","Wellamudawa","500","100.00"
"Colombo","Anuradhapura","kudakanumulla","500","100.00"
"Colombo","Anuradhapura","Ihala Puliyankulama","500","100.00"
"Colombo","Anuradhapura","Dampalassagama","500","100.00"
"Colombo","Anuradhapura","Ihala Kagama","500","100.00"
"Colombo","Anuradhapura","Nellikulama","500","100.00"
"Colombo","Anuradhapura","Maha Mankadawala","500","100.00"
"Colombo","Anuradhapura","Pusiyankulama","500","100.00"
"Colombo","Anuradhapura","Sadamaleliya","500","100.00"
"Colombo","Anuradhapura","Randuwa","500","100.00"
"Colombo","Anuradhapura","THAMBIYAWA","500","100.00"
"Colombo","Anuradhapura","Ethdathkalla","500","100.00"
"Colombo","Anuradhapura","Vihara Palugama","500","100.00"
"Colombo","Anuradhapura","Nelumkulama","500","100.00"
"Colombo","Anuradhapura","Sucharithagama","500","100.00"
"Colombo","Anuradhapura","Yahalegama","500","100.00"
"Colombo","Anuradhapura","Gnanikulama","500","100.00"
"Colombo","Anuradhapura","Paladikulama","500","100.00"
"Colombo","Anuradhapura","Perimiyankulama","500","100.00"
"Colombo","Anuradhapura","Galpalama","500","100.00"
"Colombo","Anuradhapura","GALPOTHEGAMA","500","100.00"
"Colombo","Anuradhapura","Asirigama","500","100.00"
"Colombo","Anuradhapura","puja nagaraya","500","100.00"
"Colombo","Anuradhapura","Salgadu ground","500","100.00"
"Colombo","Anuradhapura","Dahaiyagama Junction","500","100.00"
"Colombo","Anuradhapura","Pubudupura","500","100.00"
"Colombo","Anuradhapura","yasasiripura","500","100.00"
"Colombo","Anuradhapura","SOS Junction","500","100.00"
"Colombo","Anuradhapura","Sippukulama","500","100.00"
"Colombo","Anuradhapura","Katukeliyawa","500","100.00"
"Colombo","Anuradhapura","Janasirigama","500","100.00"
"Colombo","Anuradhapura","Mailagaswewa","500","100.00"
"Colombo","Anuradhapura","Siwalakulama","500","100.00"
"Colombo","Anuradhapura","Thabaragala","500","100.00"
"Colombo","Anuradhapura","Nekatunuwewa","500","100.00"
"Colombo","Anuradhapura","Kokawewa","500","100.00"
"Colombo","Anuradhapura","Aluth Divulwewa","500","100.00"
"Colombo","Anuradhapura","Getalawa","500","100.00"
"Colombo","Anuradhapura","Thisawewa","500","100.00"
"Colombo","Anuradhapura","Nelubewa","500","100.00"
"Colombo","Anuradhapura","Selesthimaduwa","500","100.00"
"Colombo","Anuradhapura","Alankulama","500","100.00"
"Colombo","Anuradhapura","Ulukkulama","500","100.00"
"Colombo","Anuradhapura","Bulankulama","500","100.00"
"Colombo","Anuradhapura","Kawarakkulama","500","100.00"
"Colombo","Anuradhapura","Halmillakulam","500","100.00"
"Colombo","Anuradhapura","Thuruwila","500","100.00"
"Colombo","Anuradhapura","Saliyapura","500","100.00"
"Colombo","Anuradhapura","Paniyankadawala","500","100.00"
"Colombo","Anuradhapura","puwarasankulama","500","100.00"
"Colombo","Anuradhapura","Kolibendawewa","500","100.00"
"Colombo","Anuradhapura","Doramadalawa","500","100.00"
"Colombo","Anuradhapura","Sadamalgama","500","100.00"
"Colombo","Anuradhapura","Nabadagaswewa","500","100.00"
"Colombo","Anuradhapura","Salambapura","500","100.00"
"Colombo","Anuradhapura","Sangilikanadarawa","500","100.00"
"Colombo","Anuradhapura","Mahakanadarawa","500","100.00"
"Colombo","Anuradhapura","mahakanadarawa dakunu iura","500","100.00"
"Colombo","Anuradhapura","mahakanadarwa wam iura","500","100.00"
"Colombo","Anuradhapura","Diviyaudabendawewa","500","100.00"
"Colombo","Anuradhapura","Ginikatuwewa","500","100.00"
"Colombo","Vavuniya","Wijayapura","500","100.00"
"Colombo","Anuradhapura","Abayapura Anuradhapura","500","100.00"
"Colombo","Anuradhapura","Anura Wijayapura","500","100.00"
"Colombo","Anuradhapura","Mahapaladikulama","500","100.00"
"Colombo","Trincomalee","Buckmigama","500","100.00"
"Colombo","Trincomalee","Chinabay","500","100.00"
"Colombo","Trincomalee","Galmetiyawa","500","100.00"
"Colombo","Trincomalee","Kaddaiparichchan","500","100.00"
"Colombo","Trincomalee","Kanniya","500","100.00"
"Colombo","Trincomalee","Kumburupiddy","500","100.00"
"Colombo","Trincomalee","Kurinchakemy","500","100.00"
"Colombo","Trincomalee","Mahadivulwewa","500","100.00"
"Colombo","Trincomalee","Maharugiramam","500","100.00"
"Colombo","Trincomalee","Mallikativu","500","100.00"
"Colombo","Trincomalee","Mawadichenai","500","100.00"
"Colombo","Trincomalee","Mutur","500","100.00"
"Colombo","Trincomalee","Neelapola","500","100.00"
"Colombo","Trincomalee","Nilaveli","500","100.00"
"Colombo","Trincomalee","Pankulam","500","100.00"
"Colombo","Trincomalee","Rottawewa","500","100.00"
"Colombo","Trincomalee","Sampaltivu","500","100.00"
"Colombo","Trincomalee","Sampur","500","100.00"
"Colombo","Trincomalee","Tampalakamam","500","100.00"
"Colombo","Trincomalee","Tiriyayi","500","100.00"
"Colombo","Trincomalee","Toppur","500","100.00"
"Colombo","Trincomalee","Vellamanal","500","100.00"
"Colombo","Trincomalee","Wanela","500","100.00"
"Colombo","Trincomalee","Gomarankadawala","500","100.00"
"Colombo","Trincomalee","Kinniya","500","100.00"
"Colombo","Trincomalee","Koralai Pattu North","500","100.00"
"Colombo","Trincomalee","Kuchchaveli","500","100.00"
"Colombo","Trincomalee","Muttur","500","100.00"
"Colombo","Trincomalee","Trincomalee","500","100.00"
"Colombo","Trincomalee","3rd mile post","500","100.00"
"Colombo","Trincomalee","4th mile post","500","100.00"
"Colombo","Trincomalee","Eramadu","500","100.00"
"Colombo","Trincomalee","Kanthalai Sugar Factory","500","100.00"
"Colombo","Trincomalee","Kapalthurai","500","100.00"
"Colombo","Trincomalee","Kambakkoddai","500","100.00"
"Colombo","Trincomalee","Kireeyayi","500","100.00"
"Colombo","Trincomalee","Mallikathivu","500","100.00"
"Colombo","Trincomalee","Muthur","500","100.00"
"Colombo","Trincomalee","Sampalthivu","500","100.00"
"Colombo","Trincomalee","Sooriyapura","500","100.00"
"Colombo","Trincomalee","Suraj Nagar","500","100.00"
"Colombo","Trincomalee","Thaqwa Nagar","500","100.00"
"Colombo","Trincomalee","Thiriyayi","500","100.00"
"Colombo","Trincomalee","Thoppur","500","100.00"
"Colombo","Trincomalee","Vanalai","500","100.00"
"Colombo","Trincomalee","Veppankudah","500","100.00"
"Colombo","Trincomalee","Salapayar","500","100.00"
"Colombo","Anuradhapura","Pulmoddai","500","100.00"
"Colombo","Trincomalee","Andamkulam","500","100.00"
"Colombo","Trincomalee","MORAWEWA","500","100.00"
"Colombo","Trincomalee","Anna Nagar","500","100.00"
"Colombo","Trincomalee","Linganagar","500","100.00"
"Colombo","Trincomalee","Palaiyoothu","500","100.00"
"Colombo","Trincomalee","MATIKALI","500","100.00"
"Colombo","Trincomalee","Nelsonpura","500","100.00"
"Colombo","Trincomalee","Thillainagar","500","100.00"
"Colombo","Trincomalee","PRAMALAI","500","100.00"
"Colombo","Trincomalee","Samudragama","500","100.00"
"Colombo","Trincomalee","Thirukadaloor","500","100.00"
"Colombo","Trincomalee","JAMALIYA","500","100.00"
"Colombo","Trincomalee","Uppuveli","500","100.00"
"Colombo","Trincomalee","Srimapura","500","100.00"
"Colombo","Trincomalee","Murugapuri","500","100.00"
"Colombo","Trincomalee","Mihindapura","500","100.00"
"Colombo","Trincomalee","Selvanayakapuram","500","100.00"
"Colombo","Trincomalee","Nithiyapuri","500","100.00"
"Colombo","Trincomalee","Deva Nagar","500","100.00"
"Colombo","Trincomalee","Neddumkudah","500","100.00"
"Colombo","Trincomalee","Tirukkalkudah","500","100.00"
"Colombo","Trincomalee","Clappenburg","500","100.00"
"Colombo","Trincomalee","MAKKILUTTU","500","100.00"
"Colombo","Trincomalee","Bakmeegama","500","100.00"
"Colombo","Trincomalee","Vellaimanal","500","100.00"
"Colombo","Trincomalee","Kakamunai","500","100.00"
"Colombo","Trincomalee","Kantalatiuttu","500","100.00"
"Colombo","Trincomalee","TAMPALAKAMAN","500","100.00"
"Colombo","Trincomalee","Aiyanatidal","500","100.00"
"Colombo","Trincomalee","Potankadu","500","100.00"
"Colombo","Trincomalee","Linkaporam","500","100.00"
"Colombo","Trincomalee","SAMPOOR","500","100.00"
"Colombo","Trincomalee","Foul Point","500","100.00"
"Colombo","Trincomalee","Sinnakarachchi","500","100.00"
"Colombo","Trincomalee","Kumpurupiddi","500","100.00"
"Colombo","Trincomalee","Irrakkakandi","500","100.00"
"Colombo","Trincomalee","Vallipunam","500","100.00"
"Colombo","Trincomalee","Muderamottai","500","100.00"
"Colombo","Trincomalee","Thiriyai","500","100.00"
"Colombo","Trincomalee","Trincomalee town","500","100.00"
"Colombo","Trincomalee","Mawadichchenai","500","100.00"
"Colombo","Trincomalee","Uppaveli","500","100.00"
"Colombo","Trincomalee","Arunagiri Nagar","500","100.00"
"Colombo","Trincomalee","Orrs Hill","500","100.00"
"Colombo","Trincomalee","Kavaddikudah","500","100.00"
"Colombo","Trincomalee","Pulmoddai","500","100.00"
"Colombo","Trincomalee","Trincomalee City","500","100.00"
"Colombo","Trincomalee","Manaiyaweli","500","100.00"
"Colombo","Trincomalee","Post office road trincomalee","500","100.00"
"Colombo","Trincomalee","Court road trincomalee","500","100.00"
"Colombo","Trincomalee","Thillai Nagar","500","100.00"
"Colombo","Trincomalee","kasthuri nagar","500","100.00"
"Colombo","Trincomalee","Inner Harbour Road","500","100.00"
"Colombo","Trincomalee","Inner Harbour","500","100.00"
"Colombo","Trincomalee","Sumedhankara pura","500","100.00"
"Colombo","Trincomalee","Sumedhagama","500","100.00"
"Colombo","Trincomalee","Arasadi","500","100.00"
"Colombo","Trincomalee","Vihara Road Trincomalee","500","100.00"
"Colombo","Trincomalee","Orr's Hill trincomalee","500","100.00"
"Colombo","Trincomalee","Abayapura","500","100.00"
"Colombo","Trincomalee","Mahamayapura","500","100.00"
"Colombo","Trincomalee","Anpuvalipuram","500","100.00"
"Colombo","Trincomalee","Pethispura","500","100.00"
"Colombo","Trincomalee","5th mile post","500","100.00"
"Colombo","Trincomalee","Sardhapura","500","100.00"
"Colombo","Trincomalee","Kappalthurai","500","100.00"
"Colombo","Trincomalee","KENIYADI","500","100.00"
"Colombo","Trincomalee","Thulasipuram","500","100.00"
"Colombo","Trincomalee","LOVE LANE TRINCOMALEE","500","100.00"
"Colombo","Trincomalee","Selvanayagapuram","500","100.00"
"Colombo","Trincomalee","Jinna Nagar","500","100.00"
"Colombo","Trincomalee","Solaiyadi","500","100.00"
"Colombo","Trincomalee","Ananthapuri","500","100.00"
"Colombo","Trincomalee","Thuvarankadu","500","100.00"
"Colombo","Trincomalee","Alles Garden","500","100.00"
"Colombo","Trincomalee","Konesapuri","500","100.00"
"Colombo","Trincomalee","Periyakulam Trincomalee","500","100.00"
"Colombo","Trincomalee","Iluppaikulam","500","100.00"
"Colombo","Trincomalee","Nilaveli","500","100.00"
"Colombo","Trincomalee","Kuchchaveli","500","100.00"
"Colombo","Trincomalee","PUDAVAIKATTU","500","100.00"
"Colombo","Trincomalee","Bharathipuram","500","100.00"
"Colombo","Trincomalee","Peeliyadi","500","100.00"
"Colombo","Trincomalee","Velgam Vehera","500","100.00"
"Colombo","Trincomalee","Thiriyai Junction","500","100.00"
"Colombo","Trincomalee","Gomarankadawala","500","100.00"
"Colombo","Trincomalee","Pulikandikulam","500","100.00"
"Colombo","Trincomalee","Redeepura","500","100.00"
"Colombo","Trincomalee","Chainabay","500","100.00"
"Colombo","Trincomalee","Wellaimanal","500","100.00"
"Colombo","Trincomalee","Nachchikuda","500","100.00"
"Colombo","Trincomalee","Kinniya city","500","100.00"
"Colombo","Trincomalee","Buhari Junction","500","100.00"
"Colombo","Trincomalee","Aalankerny","500","100.00"
"Colombo","Trincomalee","Soorangal","500","100.00"
"Colombo","Trincomalee","Kurinchakerny","500","100.00"
"Colombo","Trincomalee","Muthur city","500","100.00"
"Colombo","Trincomalee","Kaddaiparichchan","500","100.00"
"Colombo","Trincomalee","Koonitheevu","500","100.00"
"Colombo","Trincomalee","Senaiyoor","500","100.00"
"Colombo","Trincomalee","Paattalipuram","500","100.00"
"Colombo","Trincomalee","Pallikudiyiruppu","500","100.00"
"Colombo","Trincomalee","Palathoppur","500","100.00"
"Colombo","Trincomalee","Palathadichenai","500","100.00"
"Colombo","Trincomalee","Pattithidal","500","100.00"
"Colombo","Trincomalee","Manachchenai","500","100.00"
"Colombo","Trincomalee","Mallikaithevu","500","100.00"
"Colombo","Trincomalee","Periyapalam","500","100.00"
"Colombo","Trincomalee","Iruthayapuram","500","100.00"
"Colombo","Trincomalee","Iluppaikulam","500","100.00"
"Colombo","Trincomalee","Iluppaikulam","500","100.00"
"Colombo","Batticaloa","Ampilanthurai","500","100.00"
"Colombo","Batticaloa","Araipattai","500","100.00"
"Colombo","Batticaloa","Ayithiyamalai","500","100.00"
"Colombo","Batticaloa","Bakiella","500","100.00"
"Colombo","Batticaloa","Cheddipalayam","500","100.00"
"Colombo","Batticaloa","Chenkaladi","500","100.00"
"Colombo","Batticaloa","Eravur","500","100.00"
"Colombo","Batticaloa","Kalkudah","500","100.00"
"Colombo","Batticaloa","Kallar","500","100.00"
"Colombo","Batticaloa","Kaluwanchikudi","500","100.00"
"Colombo","Batticaloa","Kaluwankemy","500","100.00"
"Colombo","Batticaloa","Kannankudah","500","100.00"
"Colombo","Batticaloa","Karadiyanaru","500","100.00"
"Colombo","Batticaloa","Kathiraveli","500","100.00"
"Colombo","Batticaloa","Kattankudi","500","100.00"
"Colombo","Batticaloa","Kiran","500","100.00"
"Colombo","Batticaloa","Kirankulam","500","100.00"
"Colombo","Batticaloa","Koddaikallar","500","100.00"
"Colombo","Batticaloa","Kokkaddichcholai","500","100.00"
"Colombo","Batticaloa","Kurukkalmadam","500","100.00"
"Colombo","Batticaloa","Mankemi","500","100.00"
"Colombo","Batticaloa","Miravodai","500","100.00"
"Colombo","Batticaloa","Murakottanchanai","500","100.00"
"Colombo","Batticaloa","Navagirinagar","500","100.00"
"Colombo","Batticaloa","Navatkadu","500","100.00"
"Colombo","Batticaloa","Oddamavadi","500","100.00"
"Colombo","Batticaloa","Panichankemi","500","100.00"
"Colombo","Batticaloa","Pankudavely","500","100.00"
"Colombo","Batticaloa","Periyaporativu","500","100.00"
"Colombo","Batticaloa","Periyapullumalai","500","100.00"
"Colombo","Batticaloa","Pillaiyaradi","500","100.00"
"Colombo","Batticaloa","Punanai","500","100.00"
"Colombo","Batticaloa","Thannamunai","500","100.00"
"Colombo","Batticaloa","Thettativu","500","100.00"
"Colombo","Batticaloa","Thirupalugamam","500","100.00"
"Colombo","Batticaloa","Unnichchai","500","100.00"
"Colombo","Batticaloa","Vakaneri","500","100.00"
"Colombo","Batticaloa","Valaichenai","500","100.00"
"Colombo","Batticaloa","Vantharumoolai","500","100.00"
"Colombo","Ampara","Kannakipuram","500","100.00"
"Colombo","Batticaloa","Eravur Pattu","500","100.00"
"Colombo","Batticaloa","Eravur Town","500","100.00"
"Colombo","Batticaloa","Kattankudy","500","100.00"
"Colombo","Batticaloa","Koralai Pattu","500","100.00"
"Colombo","Batticaloa","Koralai Pattu Central","500","100.00"
"Colombo","Batticaloa","Koralai Pattu South","500","100.00"
"Colombo","Batticaloa","Koralai Pattu West","500","100.00"
"Colombo","Batticaloa","Manmunai North","500","100.00"
"Colombo","Batticaloa","Manmunai Pattu","500","100.00"
"Colombo","Batticaloa","Manmunai South & Eruvil Pattu","500","100.00"
"Colombo","Batticaloa","Manmunai South-West","500","100.00"
"Colombo","Batticaloa","Manmunai West","500","100.00"
"Colombo","Batticaloa","Poratheevu Pattu","500","100.00"
"Colombo","Batticaloa","Batticaloa","500","100.00"
"Colombo","Batticaloa","Batticoloa","500","100.00"
"Colombo","Batticaloa","Adaichakai","500","100.00"
"Colombo","Batticaloa","Elippadichchenai Junction","500","100.00"
"Colombo","Batticaloa","Kaththankudi","500","100.00"
"Colombo","Batticaloa","Koppaveli","500","100.00"
"Colombo","Batticaloa","Kokkuvil","500","100.00"
"Colombo","Batticaloa","Munaikkadu","500","100.00"
"Colombo","Batticaloa","Periyaporathivu","500","100.00"
"Colombo","Batticaloa","Puthur","500","100.00"
"Colombo","Batticaloa","Puliyanthivu south","500","100.00"
"Colombo","Batticaloa","Pullumalai","500","100.00"
"Colombo","Batticaloa","Thettathivu","500","100.00"
"Colombo","Batticaloa","Thikkodai","500","100.00"
"Colombo","Batticaloa","Vavnathivu","500","100.00"
"Colombo","Batticaloa","Veechukaimunai","500","100.00"
"Colombo","Batticaloa","Vipulanantha puram","500","100.00"
"Colombo","Batticaloa","Kalawanchikudy","500","100.00"
"Colombo","Batticaloa","kaluwanchikudy","500","100.00"
"Colombo","Batticaloa","kaluwanchcikudy","500","100.00"
"Colombo","Batticaloa","SATHURUKONDAN","500","100.00"
"Colombo","Batticaloa","PANACHALADY","500","100.00"
"Colombo","Batticaloa","URANI","500","100.00"
"Colombo","Batticaloa","Jayanthipuram","500","100.00"
"Colombo","Batticaloa","Iruthayapuram","500","100.00"
"Colombo","Batticaloa","MATHAN","500","100.00"
"Colombo","Batticaloa","Koolavadi","500","100.00"
"Colombo","Batticaloa","Amirthakali","500","100.00"
"Colombo","Batticaloa","Veddukadu","500","100.00"
"Colombo","Batticaloa","Periyauppodai","500","100.00"
"Colombo","Batticaloa","Puliyanthivu","500","100.00"
"Colombo","Batticaloa","NAVALADI","500","100.00"
"Colombo","Batticaloa","KALLADY","500","100.00"
"Colombo","Batticaloa","Thiruchenthoor","500","100.00"
"Colombo","Batticaloa","Uppodai","500","100.00"
"Colombo","Batticaloa","VELOOR","500","100.00"
"Colombo","Batticaloa","NAVATKUDAH","500","100.00"
"Colombo","Batticaloa","Manjanthoduvai","500","100.00"
"Colombo","Batticaloa","KARBALA","500","100.00"
"Colombo","Batticaloa","Selvanagar","500","100.00"
"Colombo","Batticaloa","KANKEYANODAI","500","100.00"
"Colombo","Batticaloa","ARAYAMPATHY","500","100.00"
"Colombo","Batticaloa","KEECHAANPALAM","500","100.00"
"Colombo","Batticaloa","OLLIKULAM","500","100.00"
"Colombo","Batticaloa","ERUVIL","500","100.00"
"Colombo","Batticaloa","PADDIRIPPU","500","100.00"
"Colombo","Batticaloa","Kurumunveli","500","100.00"
"Colombo","Batticaloa","MAHILOOR","500","100.00"
"Colombo","Batticaloa","KODDAIKKALLER","500","100.00"
"Colombo","Batticaloa","MAKILUR","500","100.00"
"Colombo","Batticaloa","MANDUR","500","100.00"
"Colombo","Batticaloa","PULAWELI","500","100.00"
"Colombo","Batticaloa","TUMPALANCHOLAI","500","100.00"
"Colombo","Batticaloa","Urukamam","500","100.00"
"Colombo","Batticaloa","RUKAMPUTUR","500","100.00"
"Colombo","Batticaloa","RUGAM","500","100.00"
"Colombo","Batticaloa","Karadiyanary","500","100.00"
"Colombo","Batticaloa","Illuppaiyadichchenai","500","100.00"
"Colombo","Batticaloa","Pulaiyaveli","500","100.00"
"Colombo","Batticaloa","KAYANKUDAH","500","100.00"
"Colombo","Batticaloa","CHENKALADY","500","100.00"
"Colombo","Batticaloa","Koduvamadu","500","100.00"
"Colombo","Batticaloa","KALMUNAVELI","500","100.00"
"Colombo","Batticaloa","Mylambaveli","500","100.00"
"Colombo","Batticaloa","Vipulananthapuram","500","100.00"
"Colombo","Batticaloa","Palaminmadu","500","100.00"
"Colombo","Batticaloa","Koppaveli","500","100.00"
"Colombo","Batticaloa","Pankudavell","500","100.00"
"Colombo","Batticaloa","Vantherumoolai","500","100.00"
"Colombo","Batticaloa","Sittandi","500","100.00"
"Colombo","Batticaloa","KOMMATHURAI","500","100.00"
"Colombo","Batticaloa","ERAVURPATTU","500","100.00"
"Colombo","Batticaloa","Thavapuram","500","100.00"
"Colombo","Batticaloa","THALAVAI","500","100.00"
"Colombo","Batticaloa","SANTHIVELI","500","100.00"
"Colombo","Batticaloa","Mavadivembu","500","100.00"
"Colombo","Batticaloa","Kinnayadi","500","100.00"
"Colombo","Batticaloa","Meeravodai","500","100.00"
"Colombo","Batticaloa","KORALAIPATTU","500","100.00"
"Colombo","Batticaloa","Brynthuraichenai","500","100.00"
"Colombo","Batticaloa","PASIKUDAH","500","100.00"
"Colombo","Batticaloa","Thirukkondaiadimadu","500","100.00"
"Colombo","Batticaloa","Navalady","500","100.00"
"Colombo","Batticaloa","Nasuvantivu","500","100.00"
"Colombo","Batticaloa","Vaddawan","500","100.00"
"Colombo","Batticaloa","Kayankerni","500","100.00"
"Colombo","Batticaloa","MANKERNI","500","100.00"
"Colombo","Batticaloa","Mavadiodai","500","100.00"
"Colombo","Batticaloa","Arukarkudah","500","100.00"
"Colombo","Batticaloa","Sallathive","500","100.00"
"Colombo","Batticaloa","Vakarai","500","100.00"
"Colombo","Batticaloa","AMMANTHANAVELI","500","100.00"
"Colombo","Ampara","Aliyarvaddai","500","100.00"
"Colombo","Batticaloa","Batticaloa town","500","100.00"
"Colombo","Batticaloa","Koddamunai","500","100.00"
"Colombo","Batticaloa","Thiraimadu","500","100.00"
"Colombo","Batticaloa","Poombukar","500","100.00"
"Colombo","Batticaloa","Iruthaya puram,","500","100.00"
"Colombo","Batticaloa","Iruthaya puram","500","100.00"
"Colombo","Batticaloa","Puliyantivu","500","100.00"
"Colombo","Batticaloa","Vavunatheevu","500","100.00"
"Colombo","Batticaloa","Mugathuvaram","500","100.00"
"Colombo","Batticaloa","Kattankudy","500","100.00"
"Colombo","Batticaloa","Kokkadichcholai","500","100.00"
"Colombo","Batticaloa","Chenkalady","500","100.00"
"Colombo","Batticaloa","Valaichchenai","500","100.00"
"Colombo","Batticaloa","Oddamavadi","500","100.00"
"Colombo","Batticaloa","Pasikuda","500","100.00"
"Colombo","Batticaloa","Thuraneelamunai","500","100.00"
"Colombo","Batticaloa","Vellaveli","500","100.00"
"Colombo","Batticaloa","Kaluthavalai","500","100.00"
"Colombo","Batticaloa","Vellavely","500","100.00"
"Colombo","Ampara","Bakmitiyawa","500","100.00"
"Colombo","Ampara","Central Camp","500","100.00"
"Colombo","Ampara","Dadayamtalawa","500","100.00"
"Colombo","Ampara","Deegawapiya","500","100.00"
"Colombo","Ampara","Digamadulla Weeragoda","500","100.00"
"Colombo","Ampara","Galapitagala","500","100.00"
"Colombo","Ampara","Gonagolla","500","100.00"
"Colombo","Ampara","Hingurana","500","100.00"
"Colombo","Ampara","Kekirihena","500","100.00"
"Colombo","Ampara","Koknahara","500","100.00"
"Colombo","Ampara","lmkkamam","500","100.00"
"Colombo","Ampara","Madawalalanda","500","100.00"
"Colombo","Ampara","Mahanagapura","500","100.00"
"Colombo","Ampara","Moragahapallama","500","100.00"
"Colombo","Ampara","Pahalalanda","500","100.00"
"Colombo","Ampara","Pannalagama","500","100.00"
"Colombo","Ampara","Polwaga Janapadaya","500","100.00"
"Colombo","Ampara","Rajagalatenna","500","100.00"
"Colombo","Ampara","Siyambalawewa","500","100.00"
"Colombo","Ampara","Wadinagala","500","100.00"
"Colombo","Ampara","Wanagamuwa","500","100.00"
"Colombo","Ampara","Werunketagoda","500","100.00"
"Colombo","Monaragala","Inginiyagala","500","100.00"
"Colombo","Ampara","Damana","500","100.00"
"Colombo","Ampara","Irakkamam","500","100.00"
"Colombo","Ampara","Mahaoya","500","100.00"
"Colombo","Ampara","Uhana","500","100.00"
"Colombo","Ampara","Dadayamthalawa","500","100.00"
"Colombo","Ampara","Eragama","500","100.00"
"Colombo","Ampara","Mangalagama","500","100.00"
"Colombo","Ampara","Tempitiya","500","100.00"
"Colombo","Ampara","Senagamuwa","500","100.00"
"Colombo","Ampara","Thottama","500","100.00"
"Colombo","Ampara","INDRASARAPURA","500","100.00"
"Colombo","Ampara","Senanayakepura","500","100.00"
"Colombo","Ampara","SAMAPURA","500","100.00"
"Colombo","Ampara","Thissapura","500","100.00"
"Colombo","Ampara","Samagipura","500","100.00"
"Colombo","Ampara","Issanganichemai","500","100.00"
"Colombo","Ampara","Deegavapiya","500","100.00"
"Colombo","Ampara","Dewalahinda","500","100.00"
"Colombo","Ampara","Padagoda","500","100.00"
"Colombo","Ampara","Chadayanthalawa","500","100.00"
"Colombo","Ampara","Weranketagoda","500","100.00"
"Colombo","Ampara","Kohombana","500","100.00"
"Colombo","Ampara","BAKKIELLA","500","100.00"
"Colombo","Ampara","RAJAGALATHENNA","500","100.00"
"Colombo","Ampara","BEDIREKKA","500","100.00"
"Colombo","Ampara","Harasgala","500","100.00"
"Colombo","Ampara","Gallodai","500","100.00"
"Colombo","Ampara","Ampara","500","100.00"
"Colombo","Ampara","Irakkamama","500","100.00"
"Colombo","Ampara","Ampara town","500","100.00"
"Colombo","Ampara","pollebadda","500","100.00"
"Colombo","Ampara","Tampitiya","500","100.00"
"Colombo","Ampara","Iddapola","500","100.00"
"Colombo","Ampara","Bandirakka","500","100.00"
"Colombo","Ampara","aranthalawa","500","100.00"
"Colombo","Ampara","Pulukunawa","500","100.00"
"Colombo","Ampara","Karangawa","500","100.00"
"Colombo","Ampara","Samanabadda","500","100.00"
"Colombo","Ampara","himidurawa","500","100.00"
"Colombo","Ampara","Udayagiriya","500","100.00"
"Colombo","Ampara","Walagampura","500","100.00"
"Colombo","Ampara","werankatagoda","500","100.00"
"Colombo","Ampara","senagama","500","100.00"
"Colombo","Ampara","Punchi Sigiriya","500","100.00"
"Colombo","Ampara","Nawagiriyawa","500","100.00"
"Colombo","Ampara","Bokkabadda","500","100.00"
"Colombo","Ampara","Nugelanda","500","100.00"
"Colombo","Ampara","Piyangala","500","100.00"
"Colombo","Ampara","Kumarigama","500","100.00"
"Colombo","Ampara","Sadanadapura","500","100.00"
"Colombo","Ampara","Rajagama","500","100.00"
"Colombo","Ampara","Veheragoda","500","100.00"
"Colombo","Ampara","Center Camp ampara","500","100.00"
"Colombo","Ampara","Buddhangala","500","100.00"
"Colombo","Ampara","Walathapitiya","500","100.00"
"Colombo","Ampara","Udayapura","500","100.00"
"Colombo","Ampara","Galmaduwa","500","100.00"
"Colombo","Ampara","Muwangala","500","100.00"
"Colombo","Ampara","Higurana","500","100.00"
"Colombo","Ampara","Keenawaththa","500","100.00"
"Colombo","Ampara","Ambalanoya","500","100.00"
"Colombo","Ampara","Ekgaloya","500","100.00"
"Colombo","Ampara","Pannalgama","500","100.00"
"Colombo","Ampara","Neeththa","500","100.00"
"Colombo","Ampara","Ambalantharu","500","100.00"
"Colombo","Ampara","Varipathanchenai","500","100.00"
"Colombo","Ampara","Newguna","500","100.00"
"Colombo","Ampara","Thibirigolla","500","100.00"
"Colombo","Ampara","Mariyakanda","500","100.00"
"Colombo","Ampara","Pallachchena","500","100.00"
"Colombo","Ampara","Paragahakele","500","100.00"
"Colombo","Ampara","ABAGAHAWELLA","500","100.00"
"Colombo","Ampara","Namalthalawa","500","100.00"
"Colombo","Ampara","Kahatagasyaya","500","100.00"
"Colombo","Ampara","Rathugala","500","100.00"
"Colombo","Ampara","Devalahinda","500","100.00"
"Colombo","Ampara","Kethsirigama","500","100.00"
"Colombo","Ampara","Nuwaragalathanna","500","100.00"
"Colombo","Ampara","Borapola","500","100.00"
"Colombo","Ampara","wagaspitiya","500","100.00"
"Colombo","Ampara","bulugasthalawa","500","100.00"
"Colombo","Ampara","KAKIRIHENA","500","100.00"
"Colombo","Ampara","Kudaharasgala","500","100.00"
"Colombo","Ampara","Thempana","500","100.00"
"Colombo","Ampara","Pulawala","500","100.00"
"Colombo","Ampara","Hulannuge","500","100.00"
"Colombo","Badulla","Arawakumbura","500","100.00"
"Colombo","Badulla","Atakiriya","500","100.00"
"Colombo","Badulla","Gamewela","500","100.00"
"Colombo","Badulla","Pallekiruwa","500","100.00"
"Colombo","Monaragala","Angunakolawewa","500","100.00"
"Colombo","Monaragala","Ayiwela","500","100.00"
"Colombo","Monaragala","Baduluwela","500","100.00"
"Colombo","Monaragala","Diyakobala","500","100.00"
"Colombo","Monaragala","Ethimalewewa","500","100.00"
"Colombo","Monaragala","Galabedda","500","100.00"
"Colombo","Monaragala","Hulandawa","500","100.00"
"Colombo","Monaragala","Kandaudapanguwa","500","100.00"
"Colombo","Monaragala","Kandawinna","500","100.00"
"Colombo","Monaragala","Kotiyagala","500","100.00"
"Colombo","Monaragala","Marawa","500","100.00"
"Colombo","Monaragala","Mariarawa","500","100.00"
"Colombo","Monaragala","Medagana","500","100.00"
"Colombo","Monaragala","Nelliyadda","500","100.00"
"Colombo","Monaragala","Nilgala","500","100.00"
"Colombo","Monaragala","Obbegoda","500","100.00"
"Colombo","Monaragala","Pangura","500","100.00"
"Colombo","Monaragala","Ruwalwela","500","100.00"
"Colombo","Monaragala","Uva Gangodagama","500","100.00"
"Colombo","Monaragala","Warunagama","500","100.00"
"Colombo","Monaragala","Wilaoya","500","100.00"
"Colombo","Monaragala","Madulla","500","100.00"
"Colombo","Monaragala","Moneragala","500","100.00"
"Colombo","Monaragala","Siyambalanduwa","500","100.00"
"Colombo","Monaragala","Aiwela","500","100.00"
"Colombo","Monaragala","Bakinikote","500","100.00"
"Colombo","Monaragala","Sirivijayapura","500","100.00"
"Colombo","Monaragala","kolongolla","500","100.00"
"Colombo","Monaragala","Kaudawa","500","100.00"
"Colombo","Monaragala","Madara","500","100.00"
"Colombo","Monaragala","Bohitiya","500","100.00"
"Colombo","Monaragala","Liyangolla","500","100.00"
"Colombo","Monaragala","Waththegama","500","100.00"
"Colombo","Monaragala","Thimbirigaha Wewa","500","100.00"
"Colombo","Ampara","Okanda","500","100.00"
"Colombo","Ampara","Luhugala","500","100.00"
"Colombo","Monaragala","Kivuleyaya","500","100.00"
"Colombo","Monaragala","Kahagolla","500","100.00"
"Colombo","Monaragala","Konketiya","500","100.00"
"Colombo","Monaragala","palaruwa","500","100.00"
"Colombo","Monaragala","karandugala","500","100.00"
"Colombo","Monaragala","bingoda","500","100.00"
"Colombo","Monaragala","Pansalagoda","500","100.00"
"Colombo","Monaragala","hulanuge","500","100.00"
"Colombo","Monaragala","monaragala","500","100.00"
"Colombo","Monaragala","kumbukkana","500","100.00"
"Colombo","Monaragala","hulandava","500","100.00"
"Colombo","Monaragala","marava","500","100.00"
"Colombo","Monaragala","wedikumbura","500","100.00"
"Colombo","Monaragala","nakkala","500","100.00"
"Colombo","Monaragala","nannapurava","500","100.00"
"Colombo","Monaragala","aivela","500","100.00"
"Colombo","Monaragala","kotobova","500","100.00"
"Colombo","Monaragala","mariarava","500","100.00"
"Colombo","Monaragala","deliva","500","100.00"
"Colombo","Monaragala","mahakalugolla","500","100.00"
"Colombo","Monaragala","buddama","500","100.00"
"Colombo","Monaragala","ethimalewewe","500","100.00"
"Colombo","Monaragala","dombagahawela","500","100.00"
"Colombo","Monaragala","Monaragala town","500","100.00"
"Colombo","Monaragala","Pragathi Mawatha","500","100.00"
"Colombo","Monaragala","Pragathi Mawatha monaragala","500","100.00"
"Colombo","Monaragala","Kahambana","500","100.00"
"Colombo","Monaragala","Madagama","500","100.00"
"Colombo","Monaragala","Kandawinna","500","100.00"
"Colombo","Monaragala","Yakunnewa","500","100.00"
"Colombo","Monaragala","Kodayana","500","100.00"
"Colombo","Monaragala","Dombagahawela","500","100.00"
"Colombo","Monaragala","Siyabalanduwa","500","100.00"
"Colombo","Monaragala","AMPARA PARA MONARAGALA","500","100.00"
"Colombo","Monaragala","Gowidupura","500","100.00"
"Colombo","Monaragala","Pottuvil Road monaragala","500","100.00"
"Colombo","Monaragala","Hulannuge","500","100.00"
"Colombo","Monaragala","Athimale","500","100.00"
"Colombo","Monaragala","MAHIYANGANA ROAD MONARAGALA","500","100.00"
"Colombo","Monaragala","Uva Wellassa","500","100.00"
"Colombo","Monaragala","AMPARA PARA MONARAGALA","500","100.00"
"Colombo","Monaragala","BATTICALOA ROAD MONARAGALA","500","100.00"
"Colombo","Monaragala","Akiriyankumbura","500","100.00"
"Colombo","","","500","100.00"
"Colombo","Polonnaruwa","Alutwewa","500","100.00"
"Colombo","Polonnaruwa","Aselapura","500","100.00"
"Colombo","Polonnaruwa","Attanakadawala","500","100.00"
"Colombo","Polonnaruwa","Divuldamana","500","100.00"
"Colombo","Polonnaruwa","Giritale","500","100.00"
"Colombo","Polonnaruwa","Hansayapalama","500","100.00"
"Colombo","Polonnaruwa","Hingurakdamana","500","100.00"
"Colombo","Polonnaruwa","Kaduruwela","500","100.00"
"Colombo","Polonnaruwa","Kalingaela","500","100.00"
"Colombo","Polonnaruwa","Kalukele Badanagala","500","100.00"
"Colombo","Polonnaruwa","Kashyapapura","500","100.00"
"Colombo","Polonnaruwa","Kawudulla","500","100.00"
"Colombo","Polonnaruwa","Kawuduluwewa Stagell","500","100.00"
"Colombo","Polonnaruwa","Kumaragama","500","100.00"
"Colombo","Polonnaruwa","Maduruoya","500","100.00"
"Colombo","Polonnaruwa","Mahatalakolawewa","500","100.00"
"Colombo","Polonnaruwa","Mahawela Sinhapura","500","100.00"
"Colombo","Polonnaruwa","Mutugala","500","100.00"
"Colombo","Polonnaruwa","Nawasenapura","500","100.00"
"Colombo","Polonnaruwa","Nelumwewa","500","100.00"
"Colombo","Polonnaruwa","Onegama","500","100.00"
"Colombo","Polonnaruwa","Palugasdamana","500","100.00"
"Colombo","Polonnaruwa","Parakramasamudraya","500","100.00"
"Colombo","Polonnaruwa","Pelatiyawa","500","100.00"
"Colombo","Polonnaruwa","Polonnaruwa","500","100.00"
"Colombo","Polonnaruwa","Pulastigama","500","100.00"
"Colombo","Polonnaruwa","Sevanapitiya","500","100.00"
"Colombo","Polonnaruwa","Sungavila","500","100.00"
"Colombo","Polonnaruwa","Talpotha","500","100.00"
"Colombo","Polonnaruwa","Tamankaduwa","500","100.00"
"Colombo","Polonnaruwa","Tambala","500","100.00"
"Colombo","Polonnaruwa","Unagalavehera","500","100.00"
"Colombo","Polonnaruwa","Yodaela","500","100.00"
"Colombo","Polonnaruwa","Lankapura","500","100.00"
"Colombo","Polonnaruwa","Thamankaduwa","500","100.00"
"Colombo","Polonnaruwa","Welikanda","500","100.00"
"Colombo","Trincomalee","Jayanthipura","500","100.00"
"Colombo","Polonnaruwa","Aththanakadawala","500","100.00"
"Colombo","Polonnaruwa","Bo-Aththa","500","100.00"
"Colombo","Polonnaruwa","Borawewa","500","100.00"
"Colombo","Polonnaruwa","Bimpokuna","500","100.00"
"Colombo","Polonnaruwa","Ginidamana","500","100.00"
"Colombo","Polonnaruwa","Girithale","500","100.00"
"Colombo","Polonnaruwa","Jayasiripura","500","100.00"
"Colombo","Polonnaruwa","Kandakadu","500","100.00"
"Colombo","Polonnaruwa","Kalinga ela","500","100.00"
"Colombo","Polonnaruwa","Kajuwaththa","500","100.00"
"Colombo","Polonnaruwa","Kolakanawadiya","500","100.00"
"Colombo","Polonnaruwa","Kurulubedda","500","100.00"
"Colombo","Polonnaruwa","Kuda wewa","500","100.00"
"Colombo","Polonnaruwa","Kandukele","500","100.00"
"Colombo","Polonnaruwa","Maha Wewa","500","100.00"
"Colombo","Polonnaruwa","Mahathalakolawewa","500","100.00"
"Colombo","Polonnaruwa","Menikwela","500","100.00"
"Colombo","Polonnaruwa","Menikdeniya","500","100.00"
"Colombo","Polonnaruwa","Mananpitiya","500","100.00"
"Colombo","Polonnaruwa","Monarathenna","500","100.00"
"Colombo","Polonnaruwa","Muthuwella","500","100.00"
"Colombo","Polonnaruwa","Muthugala","500","100.00"
"Colombo","Polonnaruwa","Nawagaha Ela","500","100.00"
"Colombo","Polonnaruwa","Nidanwala","500","100.00"
"Colombo","Polonnaruwa","Nikawathalanda","500","100.00"
"Colombo","Polonnaruwa","Pihitiwewa","500","100.00"
"Colombo","Polonnaruwa","Pulasthigama","500","100.00"
"Colombo","Polonnaruwa","Ruhunuketha","500","100.00"
"Colombo","Polonnaruwa","Sinhapura","500","100.00"
"Colombo","Polonnaruwa","Susirigama","500","100.00"
"Colombo","Polonnaruwa","Thalpotha","500","100.00"
"Colombo","Polonnaruwa","Thambala","500","100.00"
"Colombo","Polonnaruwa","Weheragama","500","100.00"
"Colombo","Polonnaruwa","Yodha ela","500","100.00"
"Colombo","Polonnaruwa","Gallella","500","100.00"
"Colombo","Polonnaruwa","Ginidammana","500","100.00"
"Colombo","Polonnaruwa","Bisopura","500","100.00"
"Colombo","Polonnaruwa","Parakrama Samudraya","500","100.00"
"Colombo","Polonnaruwa","Manampitiya","500","100.00"
"Colombo","Polonnaruwa","Kawduluwewa","500","100.00"
"Colombo","Polonnaruwa","polonnaruwa town","500","100.00"
"Colombo","Polonnaruwa","Aranaganwila","500","100.00"
"Colombo","Polonnaruwa","Jayanthipura","500","100.00"
"Colombo","Polonnaruwa","bendiwewa","500","100.00"
"Colombo","Polonnaruwa","Manampitiya","500","100.00"
"Colombo","Polonnaruwa","Manampitiya","500","100.00"
"Colombo","Polonnaruwa","Punanai","500","100.00"
"Colombo","Polonnaruwa","Unagalawehera","500","100.00"
"Colombo","Polonnaruwa","Atamba Oya","500","100.00"
"Colombo","Polonnaruwa","Kaudulla","500","100.00"
"Colombo","Polonnaruwa","Kaudulla","500","100.00"
"Colombo","Polonnaruwa","Ulpath Ela","500","100.00"
"Colombo","Polonnaruwa","Yoda Ela","500","100.00"
"Colombo","Polonnaruwa","Pulatisipura","500","100.00"
"Colombo","Polonnaruwa","Polonnaruwa city","500","100.00"
"Colombo","Polonnaruwa","Sungavila","500","100.00"
"Colombo","Polonnaruwa","Galthambarawa","500","100.00"
"Colombo","Polonnaruwa","Bop 398","500","100.00"
"Colombo","Polonnaruwa","BOP 400","500","100.00"
"Colombo","Polonnaruwa","Kanichchigala","500","100.00"
"Colombo","Polonnaruwa","Hansayapalama","500","100.00"
"Colombo","Polonnaruwa","Maguldamana","500","100.00"
"Colombo","Polonnaruwa","Dalukana","500","100.00"
"Colombo","Polonnaruwa","New town polonnaruwa","500","100.00"
"Colombo","Polonnaruwa","Aluthwewa","500","100.00"
"Colombo","Polonnaruwa","Parakrama Samudra","500","100.00"
"Colombo","Polonnaruwa","Kalahagala","500","100.00"
"Colombo","Badulla","Beramada","500","100.00"
"Colombo","Badulla","Bibilegama","500","100.00"
"Colombo","Badulla","Egodawela","500","100.00"
"Colombo","Badulla","Ettampitiya","500","100.00"
"Colombo","Badulla","Galauda","500","100.00"
"Colombo","Badulla","Godunna","500","100.00"
"Colombo","Badulla","Hopton","500","100.00"
"Colombo","Badulla","Jangulla","500","100.00"
"Colombo","Badulla","Kahataruppa","500","100.00"
"Colombo","Badulla","Kalugahakandura","500","100.00"
"Colombo","Badulla","Kandegedara","500","100.00"
"Colombo","Badulla","Kendagolla","500","100.00"
"Colombo","Badulla","Ketawatta","500","100.00"
"Colombo","Badulla","Kotamuduna","500","100.00"
"Colombo","Badulla","Landewela","500","100.00"
"Colombo","Badulla","Madulsima","500","100.00"
"Colombo","Badulla","Maussagolla","500","100.00"
"Colombo","Badulla","Meegahakiula","500","100.00"
"Colombo","Badulla","Metigahatenna","500","100.00"
"Colombo","Badulla","Miriyabedda","500","100.00"
"Colombo","Badulla","Miyanakandura","500","100.00"
"Colombo","Badulla","Narangala","500","100.00"
"Colombo","Badulla","Nelumgama","500","100.00"
"Colombo","Badulla","Pathanewatta","500","100.00"
"Colombo","Badulla","Pattiyagedara","500","100.00"
"Colombo","Badulla","Pelagahatenna","500","100.00"
"Colombo","Badulla","Rilpola","500","100.00"
"Colombo","Badulla","Sirimalgoda","500","100.00"
"Colombo","Badulla","Soranatota","500","100.00"
"Colombo","Badulla","Taldena","500","100.00"
"Colombo","Badulla","Tennepanguwa","500","100.00"
"Colombo","Badulla","Timbirigaspitiya","500","100.00"
"Colombo","Badulla","Uva Deegalla","500","100.00"
"Colombo","Badulla","Wineethagama","500","100.00"
"Colombo","Badulla","Hali-Ela","500","100.00"
"Colombo","Badulla","Kandaketiya","500","100.00"
"Colombo","Badulla","Lunugala","500","100.00"
"Colombo","Badulla","Meegahakivula","500","100.00"
"Colombo","Badulla","Passara","500","100.00"
"Colombo","Badulla","Soranathota","500","100.00"
"Colombo","Badulla","Badulla","500","100.00"
"Colombo","Badulla","Ethpauttiya","500","100.00"
"Colombo","Badulla","Idamgedara","500","100.00"
"Colombo","Badulla","Ketawaththa","500","100.00"
"Colombo","Badulla","Kuttiyagolla","500","100.00"
"Colombo","Badulla","Maliyadda","500","100.00"
"Colombo","Badulla","Metigahathenna","500","100.00"
"Colombo","Badulla","Meeriyabedda","500","100.00"
"Colombo","Badulla","Pathanewaththa","500","100.00"
"Colombo","Badulla","Pelgahathenna","500","100.00"
"Colombo","Badulla","Thaldena","500","100.00"
"Colombo","Badulla","Thennepanguwa","500","100.00"
"Colombo","Badulla","Thimbirigaspitiya","500","100.00"
"Colombo","Badulla","Wewalhinna","500","100.00"
"Colombo","Badulla","Vineethagama","500","100.00"
"Colombo","Badulla","Maliththa","500","100.00"
"Colombo","Badulla","kandeketiya","500","100.00"
"Colombo","Badulla","kandekatiya","500","100.00"
"Colombo","Badulla","pinarawa","500","100.00"
"Colombo","Badulla","ketawala","500","100.00"
"Colombo","Badulla","uva ketawala","500","100.00"
"Colombo","Badulla","Hali ela","500","100.00"
"Colombo","Badulla","Badulla town","500","100.00"
"Colombo","Badulla","Thannapanguwa","500","100.00"
"Colombo","Badulla","Hambawela","500","100.00"
"Colombo","Badulla","Viharagoda","500","100.00"
"Colombo","Badulla","Hindagoda","500","100.00"
"Colombo","Badulla","Kailagoda","500","100.00"
"Colombo","Badulla","Medapathana","500","100.00"
"Colombo","Badulla","Rockhill","500","100.00"
"Colombo","Badulla","Weeriyapura","500","100.00"
"Colombo","Badulla","Pinnarawa","500","100.00"
"Colombo","Badulla","Haliela","500","100.00"
"Colombo","Badulla","Wellewela","500","100.00"
"Colombo","Badulla","Gawela","500","100.00"
"Colombo","Badulla","Dehivinna","500","100.00"
"Colombo","Badulla","Pitamaruwa","500","100.00"
"Colombo","Badulla","Pelgahatenna","500","100.00"
"Colombo","Badulla","Agarathanna","500","100.00"
"Colombo","Badulla","Kanawerella","500","100.00"
"Colombo","Badulla","Medawelagama","500","100.00"
"Colombo","Badulla","MATIGAHATHANNA","500","100.00"
"Colombo","Badulla","Gamewela","500","100.00"
"Colombo","Badulla","Pallekiruwa","500","100.00"
"Colombo","Badulla","Spring Valley","500","100.00"
"Colombo","Badulla","SENAMALE","500","100.00"
"Colombo","Badulla","Urumeethenna","500","100.00"
"Colombo","Badulla","Kanupelella","500","100.00"
"Colombo","Badulla"," Medawelagama","500","100.00"
"Colombo","Badulla","Silpolagama","500","100.00"
"Colombo","Puttalam","Attawilluwa","500","100.00"
"Colombo","Puttalam","Eluwankulama","500","100.00"
"Colombo","Puttalam","Ettale","500","100.00"
"Colombo","Puttalam","Ihala Puliyankulama","500","100.00"
"Colombo","Puttalam","Inginimitiya","500","100.00"
"Colombo","Puttalam","Ismailpuram","500","100.00"
"Colombo","Puttalam","Kalladiya","500","100.00"
"Colombo","Puttalam","Kandakuliya","500","100.00"
"Colombo","Puttalam","Karativponparappi","500","100.00"
"Colombo","Puttalam","Kirimundalama","500","100.00"
"Colombo","Puttalam","Kottantivu","500","100.00"
"Colombo","Puttalam","Kottukachchiya","500","100.00"
"Colombo","Puttalam","Kurinjanpitiya","500","100.00"
"Colombo","Puttalam","Kuruketiyawa","500","100.00"
"Colombo","Puttalam","Madurankuliya","500","100.00"
"Colombo","Puttalam","Mahauswewa","500","100.00"
"Colombo","Puttalam","Mukkutoduwawa","500","100.00"
"Colombo","Puttalam","Norachcholai","500","100.00"
"Colombo","Puttalam","Palaviya","500","100.00"
"Colombo","Puttalam","Palliwasalturai","500","100.00"
"Colombo","Puttalam","Puttalam Cement Factory","500","100.00"
"Colombo","Puttalam","Sirambiadiya","500","100.00"
"Colombo","Puttalam","Siyambalagashene","500","100.00"
"Colombo","Puttalam","Tabbowa","500","100.00"
"Colombo","Puttalam","Talawila Church","500","100.00"
"Colombo","Puttalam","Uridyawa","500","100.00"
"Colombo","Puttalam","Anamaduwa","500","100.00"
"Colombo","Puttalam","Kalpitiya","500","100.00"
"Colombo","Puttalam","Karuwalagaswewa","500","100.00"
"Colombo","Puttalam","Mahakumbukkadawala","500","100.00"
"Colombo","Puttalam","Mundel","500","100.00"
"Colombo","Puttalam","Vanathawilluwa","500","100.00"
"Colombo","Kurunegala","Nawagaththegama","500","100.00"
"Colombo","Puttalam","puttalam","500","100.00"
"Colombo","Puttalam","17TH Post","500","100.00"
"Colombo","Puttalam","Aththawilluwa","500","100.00"
"Colombo","Puttalam","Baranankattuwa","500","100.00"
"Colombo","Puttalam","Daluwa","500","100.00"
"Colombo","Puttalam","Kihula","500","100.00"
"Colombo","Puttalam","Kottanthivu","500","100.00"
"Colombo","Puttalam","Maha uswewa","500","100.00"
"Colombo","Puttalam","Mampuri","500","100.00"
"Colombo","Puttalam","Mangalaeliya","500","100.00"
"Colombo","Puttalam","Mudalakkuliya","500","100.00"
"Colombo","Puttalam","Mukkuthoduwawa","500","100.00"
"Colombo","Puttalam","Palugas Junctions","500","100.00"
"Colombo","Puttalam","Pallivasalthurai","500","100.00"
"Colombo","Puttalam","Sirambiyadiya","500","100.00"
"Colombo","Puttalam","Thabbowa","500","100.00"
"Colombo","Puttalam","Thalavila Church","500","100.00"
"Colombo","Puttalam","Thonigala","500","100.00"
"Colombo","Puttalam","Uriyawa","500","100.00"
"Colombo","Puttalam","Thilladiya","500","100.00"
"Colombo","Puttalam","Pomparippu","500","100.00"
"Colombo","Puttalam","Wanathavilluwa","500","100.00"
"Colombo","Puttalam","Wadaththa","500","100.00"
"Colombo","Puttalam","Paramakanda","500","100.00"
"Colombo","Puttalam","Puluthivayal","500","100.00"
"Colombo","Puttalam","Nagawilluwa","500","100.00"
"Colombo","Puttalam","Amakuliya","500","100.00"
"Colombo","Puttalam","Kiula","500","100.00"
"Colombo","Puttalam","Karampai","500","100.00"
"Colombo","Puttalam","Palliwasalthurai","500","100.00"
"Colombo","Puttalam","Mampuriya","500","100.00"
"Colombo","Puttalam","puththalama","500","100.00"
"Colombo","Kurunegala","Inginipitiya","500","100.00"
"Colombo","Kurunegala","iginipitiya","500","100.00"
"Colombo","Puttalam","Nawagattegama","500","100.00"
"Colombo","Puttalam","welewerwa","500","100.00"
"Colombo","Puttalam","konkadawala","500","100.00"
"Colombo","Puttalam","mullegama","500","100.00"
"Colombo","Puttalam","Thalavila","500","100.00"
"Colombo","Puttalam","Palakudawa","500","100.00"
"Colombo","Puttalam","Puttalam town","500","100.00"
"Colombo","Puttalam","Anuradhapura road puttalama","500","100.00"
"Colombo","Puttalam","Mannar road puttalama","500","100.00"
"Colombo","Puttalam","Kurunagala road puttalama","500","100.00"
"Colombo","Puttalam","Thambapanni","500","100.00"
"Colombo","Puttalam","Puttalam town","500","100.00"
"Colombo","Puttalam","Anuradhapura road puttalama","500","100.00"
"Colombo","Puttalam","Mannar road puttalama","500","100.00"
"Colombo","Puttalam","Kurunagala road puttalama","500","100.00"
"Colombo","Puttalam","Thambapanni","500","100.00"
"Colombo","Puttalam","Mukkuthoduwa","500","100.00"
"Colombo","Puttalam","Viruthodai","500","100.00"
"Colombo","Puttalam","Angunawila","500","100.00"
"Colombo","Puttalam","Mahakumbukkadawala","500","100.00"
"Colombo","Puttalam","Palavi","500","100.00"
"Colombo","Puttalam","Kiriyankalli","500","100.00"
"Colombo","Puttalam","Karamba","500","100.00"
"Colombo","Puttalam","Kandakuliya","500","100.00"
"Colombo","Puttalam","ILANTHAYADI","500","100.00"
"Colombo","Puttalam","Vanathavilluwa","500","100.00"
"Colombo","Puttalam","Wanathawilluwa","500","100.00"
"Colombo","Puttalam","Karadippuval","500","100.00"
"Colombo","Puttalam","Gangewadiya","500","100.00"
"Colombo","Puttalam","Nawagaththegama","500","100.00"
"Colombo","Puttalam","Merungoda","500","100.00"
"Colombo","Puttalam","Karuwalagaswewa","500","100.00"
"Colombo","Puttalam","Pahariya","500","100.00"
"Colombo","Puttalam","Pahala Puliyankulama","500","100.00"
"Colombo","Puttalam","Kumbukkalla","500","100.00"
"Colombo","Puttalam","Anamaduwa","500","100.00"
"Colombo","Puttalam","Kalladiya","500","100.00"
"Colombo","Puttalam","Siyambalagaskotuwa","500","100.00"
"Colombo","Puttalam","Norochcholai","500","100.00"
"Colombo","Puttalam","Attawilluwa","500","100.00"
"Colombo","Puttalam","Eluwankulama","500","100.00"
"Colombo","Matara","Bopagoda","500","100.00"
"Colombo","Matara","Denagama","500","100.00"
"Colombo","Matara","Denipitiya","500","100.00"
"Colombo","Matara","Diyagaha","500","100.00"
"Colombo","Matara","Gandara","500","100.00"
"Colombo","Matara","Godapitiya","500","100.00"
"Colombo","Matara","Horapawita","500","100.00"
"Colombo","Matara","Karagoda Uyangoda","500","100.00"
"Colombo","Matara","Karaputugala","500","100.00"
"Colombo","Matara","Karatota","500","100.00"
"Colombo","Matara","Kekanadurra","500","100.00"
"Colombo","Matara","Kottegoda","500","100.00"
"Colombo","Matara","Maramba","500","100.00"
"Colombo","Matara","Matara","500","100.00"
"Colombo","Matara","Mirissa","500","100.00"
"Colombo","Matara","Moragala Kirillapone","500","100.00"
"Colombo","Matara","Mulatiyana Junction","500","100.00"
"Colombo","Matara","Nadugala","500","100.00"
"Colombo","Matara","Naimana","500","100.00"
"Colombo","Matara","Narawelpita","500","100.00"
"Colombo","Matara","Palatuwa","500","100.00"
"Colombo","Matara","Parapamulla","500","100.00"
"Colombo","Matara","Penetiyana","500","100.00"
"Colombo","Matara","Polhena","500","100.00"
"Colombo","Matara","Pothdeniya","500","100.00"
"Colombo","Matara","Puhulwella","500","100.00"
"Colombo","Matara","Radawela","500","100.00"
"Colombo","Matara","Ransegoda","500","100.00"
"Colombo","Matara","Ratmale","500","100.00"
"Colombo","Matara","Sultanagoda","500","100.00"
"Colombo","Matara","Walakanda","500","100.00"
"Colombo","Matara","Wilpita","500","100.00"
"Colombo","Matara","Hakmana","500","100.00"
"Colombo","Matara","Kirinda Puhulwella","500","100.00"
"Colombo","Matara","Matara Four Gravets","500","100.00"
"Colombo","Matara","Thihagoda","500","100.00"
"Colombo","Matara","Mathara","500","100.00"
"Colombo","Matara","waligama","500","100.00"
"Colombo","Matara","Maaliyadda","500","100.00"
"Colombo","Matara","Devinuwara","500","100.00"
"Colombo","Matara","Karathota","500","100.00"
"Colombo","Matara","Malimbada","500","100.00"
"Colombo","Matara","Mathara Four Gravets","500","100.00"
"Colombo","Matara","Naimbala","500","100.00"
"Colombo","Matara","Rathmale","500","100.00"
"Colombo","Matara","Sulthanagoda","500","100.00"
"Colombo","Matara","Weligama","500","100.00"
"Colombo","Matara","Rodampola","500","100.00"
"Colombo","Matara","kudawedduwa","500","100.00"
"Colombo","Matara","Uduwa","500","100.00"
"Colombo","Matara","Medawaththa","500","100.00"
"Colombo","Matara","Vitiyala","500","100.00"
"Colombo","Matara","Mapalana","500","100.00"
"Colombo","Matara","Palolpitiya","500","100.00"
"Colombo","Matara","Warakapitiya","500","100.00"
"Colombo","Matara","Thalalla","500","100.00"
"Colombo","Matara","Welewaththa","500","100.00"
"Colombo","Matara","Navimana","500","100.00"
"Colombo","Matara","Batheegama","500","100.00"
"Colombo","Matara","Nupe","500","100.00"
"Colombo","Matara","Algiriya","500","100.00"
"Colombo","Matara","Amalagoda","500","100.00"
"Colombo","Matara","Nimalawa","500","100.00"
"Colombo","Matara","Lenabatuwa","500","100.00"
"Colombo","Matara","Wiharamaldeniya","500","100.00"
"Colombo","Matara","Udukawa","500","100.00"
"Colombo","Matara","Weherahena","500","100.00"
"Colombo","Matara","Beragama","500","100.00"
"Colombo","Matara","ketapola","500","100.00"
"Colombo","Matara","Makandura","500","100.00"
"Colombo","Matara","dondra","500","100.00"
"Colombo","Matara","hunnadeniya","500","100.00"
"Colombo","Matara","Pamburana","500","100.00"
"Colombo","Matara","Matara Town","500","100.00"
"Colombo","Matara","Hithetiya","500","100.00"
"Colombo","Matara","Nawimana","500","100.00"
"Colombo","Matara","Dewundara","500","100.00"
"Colombo","Matara","Telijjawila","500","100.00"
"Colombo","Matara","Thudawa","500","100.00"
"Colombo","Matara","Ransagoda","500","100.00"
"Colombo","Matara","Aturaliya","500","100.00"
"Colombo","Matara","Athuraliya","500","100.00"
"Colombo","Matara","Devundara","500","100.00"
"Colombo","Matara","Thelijjawila","500","100.00"
"Colombo","Matara","Wallasmulla","500","100.00"
"Colombo","Matara","Uyanwatta","500","100.00"
"Colombo","Matara","Uyanwaththa","500","100.00"
"Colombo","Matara","Talaramba","500","100.00"
"Colombo","Matara","Thalaramba","500","100.00"
"Colombo","Matara","Malimboda","500","100.00"
"Colombo","Matara","handugala","500","100.00"
"Colombo","Hambantota","kotuwagoda","500","100.00"
"Colombo","Matara","Isadeen Town","500","100.00"
"Colombo","Matara","Hiththatiya","500","100.00"
"Colombo","Matara","Walgama","500","100.00"
"Colombo","Matara","Paburana","500","100.00"
"Colombo","Matara","Kapugama","500","100.00"
"Colombo","Matara","Wellmadama","500","100.00"
"Colombo","Matara","Dikwella","500","100.00"
"Colombo","Matara","Gurubebila","500","100.00"
"Colombo","Matara","Pathegama","500","100.00"
"Colombo","Matara","walliwala","500","100.00"
"Colombo","Matara","Batawala","500","100.00"
"Colombo","Matara","Mudugamuwa","500","100.00"
"Colombo","Matara","Galbokka","500","100.00"
"Colombo","Matara","Welipitiya","500","100.00"
"Colombo","Matara","Panatiyana","500","100.00"
"Colombo","Matara","Kapparathota","500","100.00"
"Colombo","Matara","Ibbawala","500","100.00"
"Colombo","Matara","Kadewatta","500","100.00"
"Colombo","Matara","Kokmaduwa","500","100.00"
"Colombo","Matara","Pelena","500","100.00"
"Colombo","Matara","Madiha","500","100.00"
"Colombo","Matara","Welegoda","500","100.00"
"Colombo","Matara","Kotuwegoda","500","100.00"
"Colombo","Matara","Pallimulla","500","100.00"
"Colombo","Matara","Wewahamanduwa","500","100.00"
"Colombo","Matara","Kanaththagoda","500","100.00"
"Colombo","Matara","Thotamuna","500","100.00"
"Colombo","Matara","Kamburugamuwa","500","100.00"
"Colombo","Matara","LABIMA","500","100.00"
"Colombo","Matara","Polwathumodara","500","100.00"
"Colombo","Matara","Henwala","500","100.00"
"Colombo","Matara","Akurugoda","500","100.00"
"Colombo","Matara","Kotawila","500","100.00"
"Colombo","Matara","Kadduwa","500","100.00"
"Colombo","Matara","Kirimatimulla","500","100.00"
"Colombo","Matara","Kananke","500","100.00"
"Colombo","Matara","Vilpita","500","100.00"
"Colombo","Matara","Paraduwa","500","100.00"
"Colombo","Matara","DAMPALLA","500","100.00"
"Colombo","Matara","Kamburupitiya","500","100.00"
"Colombo","Matara","Masmulla","500","100.00"
"Colombo","Matara","Deiyandara","500","100.00"
"Colombo","Matara","Makandura Matara","500","100.00"
"Colombo","Matara","Hadugala","500","100.00"
"Colombo","Matara","Thalahagama","500","100.00"
"Colombo","Matara","Mulatiyana","500","100.00"
"Colombo","Matara","Kahagala","500","100.00"
"Colombo","Matara","Yatiyana","500","100.00"
"Colombo","Matara","Kongala","500","100.00"
"Colombo","Matara","Kekanadura","500","100.00"
"Colombo","Matara","Urugamuwa","500","100.00"
"Colombo","Matara","Aparekka","500","100.00"
"Colombo","Matara","Medawatta","500","100.00"
"Colombo","Matara","Thalpawila","500","100.00"
"Colombo","Matara","Bambaranda","500","100.00"
"Colombo","Matara","Akuressa","500","100.00"
"Colombo","Matara","Bopagoda","500","100.00"
"Colombo","Matara","Denagama","500","100.00"
"Colombo","Matara","Denipitiya","500","100.00"
"Colombo","Matara","Diyagaha","500","100.00"
"Colombo","Matara","Gandara","500","100.00"
"Colombo","Matara","Godapitiya","500","100.00"
"Colombo","Matara","Horapawita","500","100.00"
"Colombo","Matara","Karagoda Uyangoda","500","100.00"
"Colombo","Matara","Karaputugala","500","100.00"
"Colombo","Matara","Karatota","500","100.00"
"Colombo","Matara","Kekanadurra","500","100.00"
"Colombo","Matara","Kottegoda","500","100.00"
"Colombo","Matara","Maramba","500","100.00"
"Colombo","Matara","Matara","500","100.00"
"Colombo","Matara","Mirissa","500","100.00"
"Colombo","Matara","Moragala Kirillapone","500","100.00"
"Colombo","Matara","Mulatiyana Junction","500","100.00"
"Colombo","Matara","Nadugala","500","100.00"
"Colombo","Matara","Naimana","500","100.00"
"Colombo","Matara","Narawelpita","500","100.00"
"Colombo","Matara","Palatuwa","500","100.00"
"Colombo","Matara","Parapamulla","500","100.00"
"Colombo","Matara","Penetiyana","500","100.00"
"Colombo","Matara","Polhena","500","100.00"
"Colombo","Matara","Pothdeniya","500","100.00"
"Colombo","Matara","Puhulwella","500","100.00"
"Colombo","Matara","Radawela","500","100.00"
"Colombo","Matara","Ransegoda","500","100.00"
"Colombo","Matara","Ratmale","500","100.00"
"Colombo","Matara","Sultanagoda","500","100.00"
"Colombo","Matara","Walakanda","500","100.00"
"Colombo","Matara","Wilpita","500","100.00"
"Colombo","Matara","Akuressa","500","100.00"
"Colombo","Matara","Hakmana","500","100.00"
"Colombo","Matara","Kirinda Puhulwella","500","100.00"
"Colombo","Matara","Matara Four Gravets","500","100.00"
"Colombo","Matara","Thihagoda","500","100.00"
"Colombo","Matara","Mathara","500","100.00"
"Colombo","Matara","waligama","500","100.00"
"Colombo","Matara","Maaliyadda","500","100.00"
"Colombo","Matara","Devinuwara","500","100.00"
"Colombo","Matara","Karathota","500","100.00"
"Colombo","Matara","Malimbada","500","100.00"
"Colombo","Matara","Mathara Four Gravets","500","100.00"
"Colombo","Matara","Naimbala","500","100.00"
"Colombo","Matara","Rathmale","500","100.00"
"Colombo","Matara","Sulthanagoda","500","100.00"
"Colombo","Matara","Weligama","500","100.00"
"Colombo","Matara","Rodampola","500","100.00"
"Colombo","Matara","kudawedduwa","500","100.00"
"Colombo","Matara","Uduwa","500","100.00"
"Colombo","Matara","Medawaththa","500","100.00"
"Colombo","Matara","Vitiyala","500","100.00"
"Colombo","Matara","Mapalana","500","100.00"
"Colombo","Matara","Palolpitiya","500","100.00"
"Colombo","Matara","Warakapitiya","500","100.00"
"Colombo","Matara","Thalalla","500","100.00"
"Colombo","Matara","Welewaththa","500","100.00"
"Colombo","Matara","Navimana","500","100.00"
"Colombo","Matara","Batheegama","500","100.00"
"Colombo","Matara","Nupe","500","100.00"
"Colombo","Matara","Algiriya","500","100.00"
"Colombo","Matara","Amalagoda","500","100.00"
"Colombo","Matara","Nimalawa","500","100.00"
"Colombo","Matara","Lenabatuwa","500","100.00"
"Colombo","Matara","Wiharamaldeniya","500","100.00"
"Colombo","Matara","Udukawa","500","100.00"
"Colombo","Matara","Weherahena","500","100.00"
"Colombo","Matara","Beragama","500","100.00"
"Colombo","Matara","ketapola","500","100.00"
"Colombo","Matara","Makandura","500","100.00"
"Colombo","Matara","dondra","500","100.00"
"Colombo","Matara","hunnadeniya","500","100.00"
"Colombo","Matara","Pamburana","500","100.00"
"Colombo","Matara","Matara Town","500","100.00"
"Colombo","Matara","Hithetiya","500","100.00"
"Colombo","Matara","Nawimana","500","100.00"
"Colombo","Matara","Dewundara","500","100.00"
"Colombo","Matara","Telijjawila","500","100.00"
"Colombo","Matara","Thudawa","500","100.00"
"Colombo","Matara","Ransagoda","500","100.00"
"Colombo","Matara","Athuraliya","500","100.00"
"Colombo","Matara","Devundara","500","100.00"
"Colombo","Matara","Thelijjawila","500","100.00"
"Colombo","Matara","Wallasmulla","500","100.00"
"Colombo","Matara","Uyanwatta","500","100.00"
"Colombo","Matara","Uyanwaththa","500","100.00"
"Colombo","Matara","Talaramba","500","100.00"
"Colombo","Matara","Thalaramba","500","100.00"
"Colombo","Matara","Malimboda","500","100.00"
"Colombo","Matara","handugala","500","100.00"
"Colombo","Matara","Isadeen Town","500","100.00"
"Colombo","Matara","Hiththatiya","500","100.00"
"Colombo","Matara","Walgama","500","100.00"
"Colombo","Matara","Paburana","500","100.00"
"Colombo","Matara","Kapugama","500","100.00"
"Colombo","Matara","Wellmadama","500","100.00"
"Colombo","Matara","Dikwella","500","100.00"
"Colombo","Matara","Gurubebila","500","100.00"
"Colombo","Matara","Pathegama","500","100.00"
"Colombo","Matara","walliwala","500","100.00"
"Colombo","Matara","Batawala","500","100.00"
"Colombo","Matara","Mudugamuwa","500","100.00"
"Colombo","Matara","Galbokka","500","100.00"
"Colombo","Matara","Welipitiya","500","100.00"
"Colombo","Matara","Panatiyana","500","100.00"
"Colombo","Matara","Kapparathota","500","100.00"
"Colombo","Matara","Ibbawala","500","100.00"
"Colombo","Matara","Kadewatta","500","100.00"
"Colombo","Matara","Kokmaduwa","500","100.00"
"Colombo","Matara","Pelena","500","100.00"
"Colombo","Matara","Madiha","500","100.00"
"Colombo","Matara","Welegoda","500","100.00"
"Colombo","Matara","Kotuwegoda","500","100.00"
"Colombo","Matara","Pallimulla","500","100.00"
"Colombo","Matara","Wewahamanduwa","500","100.00"
"Colombo","Matara","Kanaththagoda","500","100.00"
"Colombo","Matara","Kanaththagoda","500","100.00"
"Colombo","Matara","Thotamuna","500","100.00"
"Colombo","Matara","Kamburugamuwa","500","100.00"
"Colombo","Matara","LABIMA","500","100.00"
"Colombo","Matara","Polwathumodara","500","100.00"
"Colombo","Matara","Henwala","500","100.00"
"Colombo","Matara","Akurugoda","500","100.00"
"Colombo","Matara","Kotawila","500","100.00"
"Colombo","Matara","Kadduwa","500","100.00"
"Colombo","Matara","Kirimatimulla","500","100.00"
"Colombo","Matara","Kananke","500","100.00"
"Colombo","Matara","Vilpita","500","100.00"
"Colombo","Matara","Paraduwa","500","100.00"
"Colombo","Matara","DAMPALLA","500","100.00"
"Colombo","Matara","Kamburupitiya","500","100.00"
"Colombo","Matara","Masmulla","500","100.00"
"Colombo","Matara","Deiyandara","500","100.00"
"Colombo","Matara","Makandura Matara","500","100.00"
"Colombo","Matara","Hadugala","500","100.00"
"Colombo","Matara","Thalahagama","500","100.00"
"Colombo","Matara","Mulatiyana","500","100.00"
"Colombo","Matara","Kahagala","500","100.00"
"Colombo","Matara","Yatiyana","500","100.00"
"Colombo","Matara","Kongala","500","100.00"
"Colombo","Matara","Kekanadura","500","100.00"
"Colombo","Matara","Urugamuwa","500","100.00"
"Colombo","Matara","Aparekka","500","100.00"
"Colombo","Matara","Medawatta","500","100.00"
"Colombo","Matara","Thalpawila","500","100.00"
"Colombo","Matara","Bathutha road","500","100.00"
"Colombo","Matara","kalidasa road","500","100.00"
"Colombo","Matara","Paramulla","500","100.00"
"Colombo","Matara","Labeema","500","100.00"
"Colombo","Matara","Bandaramulla","500","100.00"
"Colombo","Matara","Kubalgama","500","100.00"
"Colombo","Matara","Jamburagoda","500","100.00"
"Colombo","Matara","new street matara","500","100.00"
"Colombo","Matara","Palalla","500","100.00"
"Colombo","Matara","matara fort","500","100.00"
"Colombo","Matara","beach road matara","500","100.00"
"Colombo","Matara","browns hill matara","500","100.00"
"Colombo","Matara","Wellamadama","500","100.00"
"Colombo","Matara","Maddawaththa","500","100.00"
"Colombo","Matara","Rassandeniya","500","100.00"
"Colombo","Matara","Godauda","500","100.00"
"Colombo","Matara","Polgahamulla","500","100.00"
"Colombo","Matara","Weraduwa","500","100.00"
"Colombo","Matara","Deeyagaha","500","100.00"
"Colombo","Matara","Thalpavila","500","100.00"
"Colombo","Matara","Kubalgama","500","100.00"
"Colombo","Matara","Urugamuwa","500","100.00"
"Colombo","Matara","Gabadaweediya","500","100.00"
"Colombo","Matara","Bandaththara","500","100.00"
"Colombo","Matara","Watagedara","500","100.00"
"Colombo","Matara","Kapuduwa","500","100.00"
"Colombo","Matara","Galbada","500","100.00"
"Colombo","Matara","Komangoda","500","100.00"
"Colombo","Matara","Batuwita","500","100.00"
"Colombo","Matara","Gatamanna","500","100.00"
"Colombo","Matara","Gangodagama","500","100.00"
"Colombo","Matara","Kongala","500","100.00"
"Colombo","Matara","Kadawedduwa","500","100.00"
"Colombo","Matara","Horapavita","500","100.00"
"Colombo","Matara","Diddenipotha","500","100.00"
"Colombo","Matara","Makandura Matara","500","100.00"
"Colombo","Matara","Baragama","500","100.00"
"Colombo","Matara","Dehigahahena","500","100.00"
"Colombo","Matara","Issadeen Town","500","100.00"
"Colombo","Matara","Hiththetiya","500","100.00"
"Colombo","Matara","Iluppella","500","100.00"
"Colombo","Matara","Kiyaduwa","500","100.00"
"Colombo","Matara","Horagoda","500","100.00"
"Colombo","Matara","Poramba","500","100.00"
"Colombo","Matara","Panadugama","500","100.00"
"Colombo","Matara","Koledanda","500","100.00"
"Colombo","Matara","Bangama","500","100.00"
"Colombo","Matara","Dikwella","500","100.00"
"Colombo","Matara","Miella","500","100.00"
"Colombo","Matara","Walasgala","500","100.00"
"Colombo","Hambantota","Ittademaliya","500","100.00"
"Colombo","Hambantota","Kariyamaditta","500","100.00"
"Colombo","Hambantota","Mulkirigala","500","100.00"
"Colombo","Hambantota","Rammalawarapitiya","500","100.00"
"Colombo","Hambantota","Tangalla","500","100.00"
"Colombo","Hambantota","Vitharandeniya","500","100.00"
"Colombo","Hambantota","Wekandawela","500","100.00"
"Colombo","Matara","Dickwella","500","100.00"
"Colombo","Hambantota","madamulana","500","100.00"
"Colombo","Matara","Kudawella","500","100.00"
"Colombo","Matara","Puwakdandawa","500","100.00"
"Colombo","Matara","Nilwella","500","100.00"
"Colombo","Matara","Dedduwawala","500","100.00"
"Colombo","Matara","Sitinamaluwa south","500","100.00"
"Colombo","Matara","Batigama","500","100.00"
"Colombo","Matara","Rammala Warapitiya","500","100.00"
"Colombo","Matara","Kudabibula","500","100.00"
"Colombo","Matara","Abakolawewa","500","100.00"
"Colombo","Matara","Weeraketiya","500","100.00"
"Colombo","Matara","Mulgirigala","500","100.00"
"Colombo","Matara","Medaketiya","500","100.00"
"Colombo","Hambantota","Beliaththa","500","100.00"
"Colombo","Hambantota","Kariyamadiththa","500","100.00"
"Colombo","Hambantota","katuwawa","500","100.00"
"Colombo","Matara","Pathegama","500","100.00"
"Colombo","Hambantota","Pahajjawa","500","100.00"
"Colombo","Hambantota","thangalla","500","100.00"
"Colombo","Matara","Ginnaliya","500","100.00"
"Colombo","Matara","Kakundeniya","500","100.00"
"Colombo","Matara","gettamanna","500","100.00"
"Colombo","Matara","gattamanna","500","100.00"
"Colombo","Hambantota","Middeniya","500","100.00"
"Colombo","Hambantota","Nihiluwa","500","100.00"
"Colombo","Hambantota","Modarawana","500","100.00"
"Colombo","Hambantota","Ihala Beligalla","500","100.00"
"Colombo","Hambantota","Pahala Beligalla","500","100.00"
"Colombo","Hambantota","Pegiriwaththa","500","100.00"
"Colombo","Hambantota","Ambala","500","100.00"
"Colombo","Hambantota","Getamanna","500","100.00"
"Colombo","Hambantota","Kambussawala","500","100.00"
"Colombo","Hambantota","Sitinamaluwa","500","100.00"
"Colombo","Hambantota","Polommaruwa","500","100.00"
"Colombo","Hambantota","Miriawaththa","500","100.00"
"Colombo","Hambantota","Waharakgoda","500","100.00"
"Colombo","Hambantota","Hakuruwela","500","100.00"
"Colombo","Hambantota","Binkama","500","100.00"
"Colombo","Hambantota","Uawewa","500","100.00"
"Colombo","Hambantota","Medamulana","500","100.00"
"Colombo","Hambantota","Jandura","500","100.00"
"Colombo","Hambantota","Gurugodella","500","100.00"
"Colombo","Hambantota","Udayala","500","100.00"
"Colombo","Hambantota","Kasagala","500","100.00"
"Colombo","Hambantota","Thalamporuwa","500","100.00"
"Colombo","Hambantota","Dikkubura","500","100.00"
"Colombo","Hambantota","Eraminiyaya","500","100.00"
"Colombo","Hambantota","Acharayagama","500","100.00"
"Colombo","Hambantota","Helekada","500","100.00"
"Colombo","Hambantota","Therungama","500","100.00"
"Colombo","Hambantota","Guruwala","500","100.00"
"Colombo","Hambantota","Wekanadawela","500","100.00"
"Colombo","Hambantota","Gonadeniya","500","100.00"
"Colombo","Hambantota","Karaiyamadiththa","500","100.00"
"Colombo","Hambantota","Dabarella","500","100.00"
"Colombo","Hambantota","Hadunkatuwa","500","100.00"
"Colombo","Hambantota","Dikwala","500","100.00"
"Colombo","Hambantota","Bedigama","500","100.00"
"Colombo","Hambantota","Aluthgoda","500","100.00"
"Colombo","Hambantota","Wagegoda","500","100.00"
"Colombo","Hambantota","Nalagama","500","100.00"
"Colombo","Hambantota","Danketiya","500","100.00"
"Colombo","Hambantota","Medilla","500","100.00"
"Colombo","Hambantota","Marakolliya","500","100.00"
"Colombo","Hambantota","Palathuduwa","500","100.00"
"Colombo","Hambantota","Gomila","500","100.00"
"Colombo","Hambantota","Heegoda","500","100.00"
"Colombo","Hambantota","Ginneliya","500","100.00"
"Colombo","Hambantota","Keeripitiya","500","100.00"
"Colombo","Hambantota","Mekiliyathenna","500","100.00"
"Colombo","Hambantota","Kirama","500","100.00"
"Colombo","Hambantota","Mee ella","500","100.00"
"Colombo","Hambantota","Pallekanda","500","100.00"
"Colombo","Hambantota","Julampitiya","500","100.00"
"Colombo","Hambantota","Medagamgoda","500","100.00"
"Colombo","Hambantota","Kandebedda","500","100.00"
"Colombo","Hambantota","Bowala","500","100.00"
"Colombo","Hambantota","Paburawa","500","100.00"
"Colombo","Hambantota","Rajapuragoda","500","100.00"
"Colombo","Hambantota","Nathuwala","500","100.00"
"Colombo","Hambantota","Muruthawala","500","100.00"
"Colombo","Hambantota","Thalagamwaduwa","500","100.00"
"Colombo","Hambantota","Okewela","500","100.00"
"Colombo","Hambantota","Bolana","500","100.00"
"Colombo","Hambantota","Kotabo","500","100.00"
"Colombo","Hambantota","Athubode","500","100.00"
"Colombo","Hambantota","Katuwewa","500","100.00"
"Colombo","Hambantota","Palamkada","500","100.00"
"Colombo","Hambantota","Meegasara","500","100.00"
"Colombo","Hambantota","Beliatta","500","100.00"
"Colombo","Hambantota","Agunukolapelessa","500","100.00"
"Colombo","Hambantota","Vitharandeniya","500","100.00"
"Colombo","Hambantota","Walasmulla","500","100.00"
"Colombo","Hambantota","Weeraketiya","500","100.00"
"Colombo","Hambantota","Agunakolapalassa","500","100.00"
"Colombo","Hambantota","Angunakolapelessa","500","100.00"
"Colombo","Hambantota","Witharandeniya","500","100.00"
"Colombo","Hambantota","godawanagoda","500","100.00"
"Colombo","Hambantota","Henakaduwa","500","100.00"
"Colombo","Hambantota","kadurupokuna","500","100.00"
"Colombo","Hambantota","madaketiya","500","100.00"
"Colombo","Hambantota","indipokunagoda","500","100.00"
"Colombo","Hambantota","goyambokka","500","100.00"
"Colombo","Hambantota","walgameliya","500","100.00"
"Colombo","Hambantota","Gatamanna","500","100.00"
"Colombo","Hambantota","Wekandawala","500","100.00"
"Colombo","Hambantota","Weerakatiya","500","100.00"
"Colombo","Matara","Moraketiara","500","100.00"
"Colombo","Matara","Bathigama","500","100.00"
"Colombo","Matara","tangalle","500","100.00"
"Colombo","Matara","Walasmulla","500","100.00"
"Colombo","Hambantota","Rathmalwala","500","100.00"
"Colombo","Hambantota","Ihala Beligala","500","100.00"
"Colombo","Hambantota","nakulugamuwa","500","100.00"
"Colombo","Hambantota","katuwana","500","100.00"
"Colombo","Hambantota","uswewa","500","100.00"
"Colombo","Hambantota","Sumihirigama","500","100.00"
"Colombo","Hambantota","Talawa","500","100.00"
"Colombo","Hambantota","Yakgasmulla","500","100.00"
"Colombo","Hambantota","Dammulla","500","100.00"
"Colombo","Hambantota","Angunukolapelessa","500","100.00"
"Colombo","Hambantota","Miella","500","100.00"
"Colombo","Hambantota","Galahitiya","500","100.00"
"Colombo","Hambantota","Dikwella","500","100.00"
"Colombo","Hambantota","Walasgala","500","100.00"
"Colombo","Hambantota","Nilwella","500","100.00"
"Colombo","Hambantota","Kudawella","500","100.00"
"Colombo","Hambantota","Dodampahala","500","100.00"
"Colombo","Hambantota","Galagama","500","100.00"
"Colombo","Hambantota","Tangalle","500","100.00"
"Colombo","Hambantota","Unakuruwa","500","100.00"
"Colombo","Matara","Gomilamawarala","500","100.00"
"Colombo","Hambantota","Bandagiriya Colony","500","100.00"
"Colombo","Hambantota","Bowalagama","500","100.00"
"Colombo","Hambantota","Goda Koggalla","500","100.00"
"Colombo","Hambantota","Gonnoruwa","500","100.00"
"Colombo","Hambantota","Hungama","500","100.00"
"Colombo","Hambantota","Kahandamodara","500","100.00"
"Colombo","Hambantota","Lunama","500","100.00"
"Colombo","Hambantota","Mamadala","500","100.00"
"Colombo","Hambantota","Padawkema","500","100.00"
"Colombo","Hambantota","Ranakeliya","500","100.00"
"Colombo","Hambantota","Ridiyagama","500","100.00"
"Colombo","Hambantota","Udamattala","500","100.00"
"Colombo","Hambantota","Yatigala","500","100.00"
"Colombo","Hambantota","Mraketiara","500","100.00"
"Colombo","Hambantota","Ambalantota","500","100.00"
"Colombo","Hambantota","Hambantota","500","100.00"
"Colombo","Hambantota","Nonagama","500","100.00"
"Colombo","Hambantota","Ambalanthota","500","100.00"
"Colombo","Hambantota","Hambanthota","500","100.00"
"Colombo","Hambantota","Maraketi Ara","500","100.00"
"Colombo","Hambantota","Palatupana","500","100.00"
"Colombo","Hambantota","Lukasgoda","500","100.00"
"Colombo","Hambantota","Weliaragoda","500","100.00"
"Colombo","Hambantota","sithulpawwa","500","100.00"
"Colombo","Hambantota","Hatagala","500","100.00"
"Colombo","Hambantota","Ekkassa","500","100.00"
"Colombo","Hambantota","Sea Coast","500","100.00"
"Colombo","Hambantota","Indiwinna","500","100.00"
"Colombo","Hambantota","Panuwala","500","100.00"
"Colombo","Hambantota","Sippukulama","500","100.00"
"Colombo","Hambantota","Mulana","500","100.00"
"Colombo","Hambantota","Mirijjawila","500","100.00"
"Colombo","Hambantota","wanduruppa","500","100.00"
"Colombo","Hambantota","Ranna","500","100.00"
"Colombo","Hambantota","Godigamuwa","500","100.00"
"Colombo","Hambantota","Thalunna","500","100.00"
"Colombo","Hambantota","Wadigala","500","100.00"
"Colombo","Hambantota","Netolpitiya","500","100.00"
"Colombo","Hambantota","Kahandawa","500","100.00"
"Colombo","Hambantota","Rekawa","500","100.00"
"Colombo","Hambantota","Khadamodara","500","100.00"
"Colombo","Hambantota","Ruwinigama","500","100.00"
"Colombo","Hambantota","Wadiyagoda","500","100.00"
"Colombo","Hambantota","wigamuwa","500","100.00"
"Colombo","Hambantota","Kadiragoda","500","100.00"
"Colombo","Hambantota","Hambanthota town","500","100.00"
"Colombo","Hambantota","Hambantota Town","500","100.00"
"Colombo","Hambantota","kattakaduwa","500","100.00"
"Colombo","Hambantota","Nonagama","500","100.00"
"Colombo","Hambantota","Kiula","500","100.00"
"Colombo","Hambantota","Bata-atha","500","100.00"
"Colombo","Hambantota","Malpeththawa","500","100.00"
"Colombo","Hambantota","Walawa","500","100.00"
"Colombo","Hambantota","Mirijjavila","500","100.00"
"Colombo","Hambantota","Dehigahalanda","500","100.00"
"Colombo","Hambantota","Siribopura","500","100.00"
"Colombo","Hambantota","Maurapura","500","100.00"
"Colombo","Hambantota","Udamalala","500","100.00"
"Colombo","Hambantota","Hospita -hambantota","500","100.00"
"Colombo","Hambantota","Lawaya","500","100.00"
"Colombo","Hambantota","Puhulyaya","500","100.00"
"Colombo","Hambantota","Mamadala","500","100.00"
"Colombo","Hambantota","Beminiyanvila","500","100.00"
"Colombo","Hambantota","Pallerota","500","100.00"
"Colombo","Hambantota","Godaimbaragama","500","100.00"
"Colombo","Hambantota","Hedavinna","500","100.00"
"Colombo","Hambantota","Badagiriya","500","100.00"
"Colombo","Hambantota","Pallemalala","500","100.00"
"Colombo","Hambantota","Weligaththa","500","100.00"
"Colombo","Hambantota","Keliyawalana","500","100.00"
"Colombo","Hambantota","MALEKOLANIYA","500","100.00"
"Colombo","Hambantota","karabagalmulla","500","100.00"
"Colombo","Hambantota","Koggalla","500","100.00"
"Colombo","Hambantota","Beragama","500","100.00"
"Colombo","Hambantota","Ridiyagama Safari","500","100.00"
"Colombo","Hambantota","Ridiyagama","500","100.00"
"Colombo","Ratnapura","Atakalanpanna","500","100.00"
"Colombo","Ratnapura","NawinnaPinnakanda","500","100.00"
"Colombo","Ratnapura","Opanayaka","500","100.00"
"Colombo","Ratnapura","Godakawela","500","100.00"
"Colombo","Ratnapura","Kahawatta","500","100.00"
"Colombo","Ratnapura","Opanayake","500","100.00"
"Colombo","Ratnapura","Pelmadulla","500","100.00"
"Colombo","Ratnapura","kahavaththa","500","100.00"
"Colombo","Ratnapura","Kahawatte","500","100.00"
"Colombo","Ratnapura","Ganegama","500","100.00"
"Colombo","Ratnapura","Sannasgama","500","100.00"
"Colombo","Ratnapura","Pathakada","500","100.00"
"Colombo","Ratnapura","Rakwana","500","100.00"
"Colombo","Ratnapura","Balawinna","500","100.00"
"Colombo","Ratnapura","Udawela","500","100.00"
"Colombo","Hambantota","Kahawaththa","500","100.00"
"Colombo","Ratnapura","Atakalampanna","500","100.00"
"Colombo","Ratnapura","Atakalanapnna","500","100.00"
"Colombo","Ratnapura","Rideevita","500","100.00"
"Colombo","Ratnapura","Akaralla","500","100.00"
"Colombo","Ratnapura","Hunuwala","500","100.00"
"Colombo","Ratnapura","Andana","500","100.00"
"Colombo","Ratnapura","Kiribathgala","500","100.00"
"Colombo","Ratnapura","Yatagara","500","100.00"
"Colombo","Ratnapura","Gabbela","500","100.00"
"Colombo","Ratnapura","miyanawita","500","100.00"
"Colombo","Ratnapura","Waladura","500","100.00"
"Colombo","Ratnapura","Kahawatta","500","100.00"
"Colombo","Ratnapura","Nahalwathura","500","100.00"
"Colombo","Ratnapura","Willabiya","500","100.00"
"Colombo","Ratnapura","NEELAGAMA","500","100.00"
"Colombo","Ratnapura","Panawanna","500","100.00"
"Colombo","Ratnapura","Bungiriya","500","100.00"
"Colombo","Ratnapura","Kalalella","500","100.00"
"Colombo","Ratnapura","Madalagama","500","100.00"
"Colombo","Ratnapura","Wallandura","500","100.00"
"Colombo","Ratnapura","Kuttapitiya","500","100.00"
"Colombo","Ratnapura","Handurukanda","500","100.00"
"Colombo","Ratnapura","Kiriwandala","500","100.00"
"Colombo","Ratnapura","MADURAPPULIKANDA","500","100.00"
"Colombo","Ratnapura","Morathota","500","100.00"
"Colombo","Ratnapura","Asamanakanda","500","100.00"
"Colombo","Ratnapura","Hattalla","500","100.00"
"Colombo","Ratnapura","Kattange","500","100.00"
"Colombo","Ratnapura","Dandawa","500","100.00"
"Colombo","Ratnapura","Dunukaragoda","500","100.00"
"Colombo","Ratnapura","Hiramadagama","500","100.00"
"Colombo","Ratnapura","Kosnathota","500","100.00"
"Colombo","Ratnapura","Walkeniyaya","500","100.00"
"Colombo","Ratnapura","Maddegama","500","100.00"
"Colombo","Ratnapura","Pinnakanda","500","100.00"
"Colombo","Ratnapura","Demuwawatha","500","100.00"
"Colombo","Ratnapura","Walawkade","500","100.00"
"Colombo","Ratnapura","Obadakanda","500","100.00"
"Colombo","Ratnapura","Digandala","500","100.00"
"Colombo","Ratnapura","Horamula","500","100.00"
"Colombo","Ratnapura","Maha pannila","500","100.00"
"Colombo","Ratnapura","RAKWANA TOWN","500","100.00"
"Colombo","Ratnapura","Kandakubura","500","100.00"
"Colombo","Ratnapura","Palamkotta","500","100.00"
"Colombo","Hambantota","Bundala","500","100.00"
"Colombo","Hambantota","Ellagala","500","100.00"
"Colombo","Hambantota","Gonagamuwa Uduwila","500","100.00"
"Colombo","Hambantota","Kawantissapura","500","100.00"
"Colombo","Hambantota","Kirinda","500","100.00"
"Colombo","Hambantota","Magama","500","100.00"
"Colombo","Hambantota","Tissamaharama","500","100.00"
"Colombo","Hambantota","Weerawila","500","100.00"
"Colombo","Hambantota","Weerawila NewTown","500","100.00"
"Colombo","Hambantota","Weligatta","500","100.00"
"Colombo","Monaragala","Sella Kataragama","500","100.00"
"Colombo","Hambantota","Katharagama","500","100.00"
"Colombo","Hambantota","Lunugamvehera","500","100.00"
"Colombo","Hambantota","Thissamaharama","500","100.00"
"Colombo","Hambantota","Kawanthissapura","500","100.00"
"Colombo","Hambantota","Udamaththala","500","100.00"
"Colombo","Hambantota","Weligaththa","500","100.00"
"Colombo","Hambantota","Debarawewa","500","100.00"
"Colombo","Hambantota","Mahasenpura","500","100.00"
"Colombo","Hambantota","Beralihela","500","100.00"
"Colombo","Hambantota","Yoda Kandiya","500","100.00"
"Colombo","Hambantota","Sella Katharagama","500","100.00"
"Colombo","Hambantota","Pannegamuwa","500","100.00"
"Colombo","Hambantota","Lunugamwehera","500","100.00"
"Colombo","Hambantota","Debarawawe","500","100.00"
"Colombo","Hambantota","Pahala Maththala","500","100.00"
"Colombo","Monaragala","Kataragama","500","100.00"
"Colombo","Hambantota","mattala","500","100.00"
"Colombo","Hambantota","maththala","500","100.00"
"Colombo","Monaragala","Thanamalwila","500","100.00"
"Colombo","Hambantota","weerawila New Town","500","100.00"
"Colombo","Monaragala","Kithulkote","500","100.00"
"Colombo","Monaragala","Tanamalwila","500","100.00"
"Colombo","Hambantota","Kataragama","500","100.00"
"Colombo","Hambantota","Sellakatharagama","500","100.00"
"Colombo","Hambantota","Beralihela","500","100.00"
"Colombo","Hambantota","Sandungama","500","100.00"
"Colombo","Hambantota","Yodakandiya","500","100.00"
"Colombo","Hambantota","Kirinda","500","100.00"
"Colombo","Hambantota","Yala","500","100.00"
"Colombo","Hambantota","Magama","500","100.00"
"Colombo","Hambantota","Weerawila","500","100.00"
"Colombo","Hambantota","Pannagamuwa","500","100.00"
"Colombo","Hambantota","Lunugamwehera","500","100.00"
"Colombo","Hambantota","Thanamalwila","500","100.00"
"Colombo","Hambantota","Debarawewa","500","100.00"
"Colombo","Hambantota","Tissamaharama","500","100.00"
"Colombo","Kandy","Ekiriya","500","100.00"
"Colombo","Kandy","Gonagantenna","500","100.00"
"Colombo","Kandy","Karandagolla","500","100.00"
"Colombo","Kandy","Ketawala Leula","500","100.00"
"Colombo","Kandy","Mailapitiya","500","100.00"
"Colombo","Kandy","Marassana","500","100.00"
"Colombo","Kandy","Talatuoya","500","100.00"
"Colombo","Kandy","Udawatta","500","100.00"
"Colombo","Kandy","Unuwinna","500","100.00"
"Colombo","Kandy","Ketawala Lewla","500","100.00"
"Colombo","Nuwara Eliya","Mathurata","500","100.00"
"Colombo","Nuwara Eliya","Hanguranketha","500","100.00"
"Colombo","Nuwara Eliya","Rikillagaskada","500","100.00"
"Colombo","Nuwara Eliya","Hewaheta","500","100.00"
"Colombo","Kandy","Kolambissa","500","100.00"
"Colombo","Kandy","Denike","500","100.00"
"Colombo","Kandy","Adikarigama","500","100.00"
"Colombo","Kandy","Keerthibandarapura","500","100.00"
"Colombo","Kandy","Mooloya","500","100.00"
"Colombo","Kandy","Munwaththa","500","100.00"
"Colombo","Kandy","Lamasooriya","500","100.00"
"Colombo","Kandy","Kivulwala","500","100.00"
"Colombo","Nuwara Eliya","Maturata","500","100.00"
"Colombo","Nuwara Eliya","Pallebowala","500","100.00"
"Colombo","Kandy","Unuvinna","500","100.00"
"Colombo","Kandy","adhikarigama","500","100.00"
"Colombo","Kandy","Mandaram Nuwara","500","100.00"
"Colombo","Kandy","gonaganthenna","500","100.00"
"Colombo","Kandy","Unanthenna","500","100.00"
"Colombo","Kandy","Idamalanda","500","100.00"
"Colombo","Kandy","MURAPOLA","500","100.00"
"Colombo","Kandy","Anuragama","500","100.00"
"Colombo","Kandy","Kumbalgamuwa","500","100.00"
"Colombo","Kandy","Kalaganwatta","500","100.00"
"Colombo","Kandy","Nildandhahinna","500","100.00"
"Colombo","Kandy","Dimbulkumbura","500","100.00"
"Colombo","Kandy","Randenigala","500","100.00"
"Colombo","Kandy","Elamulla","500","100.00"
"Colombo","Kandy","Promadulla","500","100.00"
"Colombo","Kandy","Hakuruthale","500","100.00"
"Colombo","Kandy","MOOLOYA","500","100.00"
"Colombo","Kandy","Handawalapitiya","500","100.00"
"Colombo","Kandy","Keerthi Bandarapura","500","100.00"
"Colombo","Kandy","Munwatta","500","100.00"
"Colombo","Kandy","Dehipe","500","100.00"
"Colombo","Kandy","MADANWALA  KANDY","500","100.00"
"Colombo","Kandy","Hapuwala","500","100.00"
"Colombo","Kandy","Leula","500","100.00"
"Colombo","Kandy","Pussalamankada","500","100.00"
"Colombo","Kandy","Hanguranketha","500","100.00"
"Colombo","Kandy","Udawattekele","500","100.00"
"Colombo","Kandy","Marymount","500","100.00"
"Colombo","Kandy","Rikillagaskada","500","100.00"
"Colombo","Kandy","Poramadulla","500","100.00"
"Colombo","Kandy","Hewaheta","500","100.00"
"Colombo","Kandy","Pallebowala","500","100.00"
"Colombo","Kandy","Padiyapelella","500","100.00"
"Colombo","Kandy","Maturata","500","100.00"
"Colombo","Kandy","Mandaramnuwara","500","100.00"
"Colombo","Kandy","Liyanwela","500","100.00"
"Colombo","Kandy","Kolabissa","500","100.00"
"Colombo","Kandy","Nawanaliya","500","100.00"
"Colombo","Kandy","Thalathuoya","500","100.00"
"Colombo","Kandy","Walapane","500","100.00"
"Colombo","Kandy","Nildandahinna","500","100.00"
"Colombo","Kandy","Illagolla","500","100.00"
"Colombo","Kandy","Daraoya","500","100.00"
"Colombo","Kandy","ETHULGAMA","500","100.00"
"Colombo","Kandy","Gabadagama","500","100.00"
"Colombo","Ratnapura","Akarella","500","100.00"
"Colombo","Ratnapura","Batatota","500","100.00"
"Colombo","Ratnapura","Bolthumbe","500","100.00"
"Colombo","Ratnapura","Bomluwageaina","500","100.00"
"Colombo","Ratnapura","Bulutota","500","100.00"
"Colombo","Ratnapura","Dambuluwana","500","100.00"
"Colombo","Ratnapura","Demuwatha","500","100.00"
"Colombo","Ratnapura","Dodampe","500","100.00"
"Colombo","Ratnapura","Doloswalakanda","500","100.00"
"Colombo","Ratnapura","Ellaulla","500","100.00"
"Colombo","Ratnapura","Eratna","500","100.00"
"Colombo","Ratnapura","Gabbela","500","100.00"
"Colombo","Ratnapura","Gillimale","500","100.00"
"Colombo","Ratnapura","Hapugastenna","500","100.00"
"Colombo","Ratnapura","Hatarabage","500","100.00"
"Colombo","Ratnapura","Hidellana","500","100.00"
"Colombo","Ratnapura","Hiramadagama","500","100.00"
"Colombo","Ratnapura","Ittakanda","500","100.00"
"Colombo","Ratnapura","Kahangama","500","100.00"
"Colombo","Ratnapura","Karangoda","500","100.00"
"Colombo","Ratnapura","Kolombugama","500","100.00"
"Colombo","Ratnapura","Kudawa","500","100.00"
"Colombo","Ratnapura","Kuruwita","500","100.00"
"Colombo","Ratnapura","Lellopitiya","500","100.00"
"Colombo","Ratnapura","lmbulpe","500","100.00"
"Colombo","Ratnapura","Madalagama","500","100.00"
"Colombo","Ratnapura","Mahawalatenna","500","100.00"
"Colombo","Ratnapura","Makandura Sabara","500","100.00"
"Colombo","Ratnapura","Malwala Junction","500","100.00"
"Colombo","Ratnapura","Marapana","500","100.00"
"Colombo","Ratnapura","Medagalatur","500","100.00"
"Colombo","Ratnapura","Niralagama","500","100.00"
"Colombo","Ratnapura","Nivitigala","500","100.00"
"Colombo","Ratnapura","Pambagolla","500","100.00"
"Colombo","Ratnapura","Rajawaka","500","100.00"
"Colombo","Ratnapura","Ratna Hangamuwa","500","100.00"
"Colombo","Ratnapura","Rathnapura","500","100.00"
"Colombo","Ratnapura","Samanalawewa","500","100.00"
"Colombo","Ratnapura","Sudagala","500","100.00"
"Colombo","Ratnapura","Talakolahinna","500","100.00"
"Colombo","Ratnapura","Tanjantenna","500","100.00"
"Colombo","Ratnapura","Teppanawa","500","100.00"
"Colombo","Ratnapura","Udaha Hawupe","500","100.00"
"Colombo","Ratnapura","Udakarawita","500","100.00"
"Colombo","Ratnapura","Udaniriella","500","100.00"
"Colombo","Ratnapura","Veddagala","500","100.00"
"Colombo","Ratnapura","Waleboda","500","100.00"
"Colombo","Ratnapura","Watapotha","500","100.00"
"Colombo","Ratnapura","Waturawa","500","100.00"
"Colombo","Ratnapura","Wewelwatta","500","100.00"
"Colombo","Ratnapura","Wikiliya","500","100.00"
"Colombo","Ratnapura","Elapatha","500","100.00"
"Colombo","Ratnapura","Kuruvita","500","100.00"
"Colombo","Ratnapura","Nivithigala","500","100.00"
"Colombo","Ratnapura","Ratnapura","500","100.00"
"Colombo","Ratnapura","Erathna","500","100.00"
"Colombo","Ratnapura","Hapugasthenna","500","100.00"
"Colombo","Ratnapura","Colombugama","500","100.00"
"Colombo","Ratnapura","Mahawalathenna","500","100.00"
"Colombo","Ratnapura","Mathuwagalagama","500","100.00"
"Colombo","Ratnapura","Rathna Hangamuwa","500","100.00"
"Colombo","Ratnapura","Thalakolahinna","500","100.00"
"Colombo","Ratnapura","Thanjanthenna","500","100.00"
"Colombo","Ratnapura","Theppanawa","500","100.00"
"Colombo","Ratnapura","Endana","500","100.00"
"Colombo","Ratnapura","Allegewaththa","500","100.00"
"Colombo","Ratnapura","Batamandiya","500","100.00"
"Colombo","Ratnapura","Palawela","500","100.00"
"Colombo","Ratnapura","Pelwadiya","500","100.00"
"Colombo","Ratnapura","Batathota","500","100.00"
"Colombo","Ratnapura","MUWAGAMA","500","100.00"
"Colombo","Ratnapura","MILLAVITIYA","500","100.00"
"Colombo","Ratnapura","Niwithigala","500","100.00"
"Colombo","Ratnapura","Niwitigala","500","100.00"
"Colombo","Ratnapura","Ratnapura town","500","100.00"
"Colombo","Ratnapura","Kospalavinna","500","100.00"
"Colombo","Ratnapura","Kospelawinna","500","100.00"
"Colombo","Ratnapura","Malwala","500","100.00"
"Colombo","Ratnapura","Galabada","500","100.00"
"Colombo","Ratnapura","Rathganga","500","100.00"
"Colombo","Ratnapura","Gallalla","500","100.00"
"Colombo","Ratnapura","Dehenakanda","500","100.00"
"Colombo","Ratnapura","Batewela","500","100.00"
"Colombo","Ratnapura","Wewalwatta","500","100.00"
"Colombo","Ratnapura","Alupola","500","100.00"
"Colombo","Ratnapura","Sri Palabaddala","500","100.00"
"Colombo","Ratnapura","Egoda Malwala","500","100.00"
"Colombo","Ratnapura","Olugala","500","100.00"
"Colombo","Ratnapura","Mahawalawatta","500","100.00"
"Colombo","Ratnapura","Udagalabada","500","100.00"
"Colombo","Ratnapura","Nugepola","500","100.00"
"Colombo","Ratnapura","Palabaddala","500","100.00"
"Colombo","Ratnapura","Gilimale","500","100.00"
"Colombo","Ratnapura","Kanegalla","500","100.00"
"Colombo","Ratnapura","Dela","500","100.00"
"Colombo","Ratnapura","Pabotuwa","500","100.00"
"Colombo","Ratnapura","Thapassarakanda","500","100.00"
"Colombo","Ratnapura","Rajjuruwatta","500","100.00"
"Colombo","Ratnapura","Parathalakanda","500","100.00"
"Colombo","Ratnapura","Waddagala","500","100.00"
"Colombo","Ratnapura","Wembiyagoda","500","100.00"
"Colombo","Ratnapura","Wiskamgoda","500","100.00"
"Colombo","Ratnapura","Moragahayata","500","100.00"
"Colombo","Ratnapura","Kospalawinna","500","100.00"
"Colombo","Ratnapura","Mudduwa","500","100.00"
"Colombo","Ratnapura","Hakamuwa","500","100.00"
"Colombo","Ratnapura","Kanadola","500","100.00"
"Colombo","Ratnapura","Hangamuwa","500","100.00"
"Colombo","Ratnapura","Dimiyawa","500","100.00"
"Colombo","Ratnapura","Gangulwitiya","500","100.00"
"Colombo","Ratnapura","Dellabada","500","100.00"
"Colombo","Ratnapura","Kohombakanda","500","100.00"
"Colombo","Ratnapura","Diganakanda","500","100.00"
"Colombo","Ratnapura","Niriella","500","100.00"
"Colombo","Ratnapura","diwiyagallena","500","100.00"
"Colombo","Ratnapura","Haldola","500","100.00"
"Colombo","Ratnapura","Udugala","500","100.00"
"Colombo","Ratnapura","Gangodakanda","500","100.00"
"Colombo","Ratnapura","handunkanda","500","100.00"
"Colombo","Ratnapura","Paragala","500","100.00"
"Colombo","Ratnapura","Withanagama","500","100.00"
"Colombo","Ratnapura","Hidallana","500","100.00"
"Colombo","Ratnapura","Batuhena","500","100.00"
"Colombo","Ratnapura","Ekneligoda","500","100.00"
"Colombo","Ratnapura","Adavikanda","500","100.00"
"Colombo","Ratnapura","Millawitiya","500","100.00"
"Colombo","Ratnapura","Gonapitiya","500","100.00"
"Colombo","Ratnapura","Pathagama","500","100.00"
"Colombo","Ratnapura","Samandewalaya","500","100.00"
"Colombo","Ratnapura","Kosgalla","500","100.00"
"Colombo","Ratnapura","Karapineha","500","100.00"
"Colombo","Ratnapura","Millakade","500","100.00"
"Colombo","Ratnapura","Gorakaela","500","100.00"
"Colombo","Ratnapura","Batugedara","500","100.00"
"Colombo","Ratnapura","Angammana","500","100.00"
"Colombo","Ratnapura","Thiriwanakatiya","500","100.00"
"Colombo","Ratnapura","Palwadiya","500","100.00"
"Colombo","Ratnapura","Kempanawatta","500","100.00"
"Colombo","Ratnapura","Pathulpana","500","100.00"
"Colombo","Ratnapura","Gonakumbura","500","100.00"
"Colombo","Ratnapura","Hettikanda","500","100.00"
"Colombo","Ratnapura","Sannasgama","500","100.00"
"Colombo","Ratnapura","Bopaththa","500","100.00"
"Colombo","Ratnapura","Banagoda","500","100.00"
"Colombo","Ratnapura","Danagala","500","100.00"
"Colombo","","","500","100.00"
"Colombo","Ratnapura","Gangeyaya","500","100.00"
"Colombo","Ratnapura","Halwinna","500","100.00"
"Colombo","Ratnapura","Handagiriya","500","100.00"
"Colombo","Ratnapura","Kella Junction","500","100.00"
"Colombo","Ratnapura","Kolambageara","500","100.00"
"Colombo","Ratnapura","Mulendiyawala","500","100.00"
"Colombo","Ratnapura","Panamura","500","100.00"
"Colombo","Ratnapura","Tunkama","500","100.00"
"Colombo","Ratnapura","Udawalawe","500","100.00"
"Colombo","Ratnapura","Vijeriya","500","100.00"
"Colombo","Hambantota","Barawakumbuka","500","100.00"
"Colombo","Hambantota","Gangulandeniya","500","100.00"
"Colombo","Hambantota","Horewelagoda","500","100.00"
"Colombo","Hambantota","Mahagalwewa","500","100.00"
"Colombo","Hambantota","Migahajandur","500","100.00"
"Colombo","Hambantota","Pahala Andarawewa","500","100.00"
"Colombo","Hambantota","Ranmuduwewa","500","100.00"
"Colombo","Hambantota","Sooriyawewa Town","500","100.00"
"Colombo","Hambantota","Uda Gomadiya","500","100.00"
"Colombo","Monaragala","Ekamutugama","500","100.00"
"Colombo","Monaragala","Mahagama Colony","500","100.00"
"Colombo","Monaragala","Suriara","500","100.00"
"Colombo","Ratnapura","Sevanagala","500","100.00"
"Colombo","Ratnapura","Thanamalvila","500","100.00"
"Colombo","Ratnapura","Buluthota","500","100.00"
"Colombo","Ratnapura","Halvinna","500","100.00"
"Colombo","Ratnapura","Iththakanda","500","100.00"
"Colombo","Ratnapura","Kolambage Ara","500","100.00"
"Colombo","Ratnapura","Morakatiya","500","100.00"
"Colombo","Ratnapura","Kiralawelkatuwa","500","100.00"
"Colombo","Ratnapura","100 Kanuwa","500","100.00"
"Colombo","Ratnapura","Katagal Ara","500","100.00"
"Colombo","Ratnapura","Hinguraara","500","100.00"
"Colombo","Ratnapura","Laudaradola","500","100.00"
"Colombo","Ratnapura","Heis","500","100.00"
"Colombo","Ratnapura","Alagalkanda","500","100.00"
"Colombo","Monaragala","sooriya ara","500","100.00"
"Colombo","Monaragala","kiriibbanara","500","100.00"
"Colombo","Ratnapura","ULLINDUWAWA","500","100.00"
"Colombo","Ratnapura","Suriyakanda","500","100.00"
"Colombo","Ratnapura","Boraluwageayina","500","100.00"
"Colombo","Ratnapura","Boraluwage aina","500","100.00"
"Colombo","Ratnapura","Kolobageara","500","100.00"
"Colombo","Ratnapura","colobageara","500","100.00"
"Colombo","Ratnapura","kolabageara","500","100.00"
"Colombo","Ratnapura","Barawakakubuka","500","100.00"
"Colombo","Ratnapura","Diyawinna","500","100.00"
"Colombo","Hambantota","Sooriyawewa","500","100.00"
"Colombo","Hambantota","Barawakubuka","500","100.00"
"Colombo","Monaragala","Sewanagala","500","100.00"
"Colombo","Monaragala","Hambegamuwa","500","100.00"
"Colombo","Ratnapura","Embilipitiya","500","100.00"
"Colombo","Ratnapura","Kolonna","500","100.00"
"Colombo","Ratnapura","Sooriyakanda","500","100.00"
"Colombo","Ratnapura","Padalangala","500","100.00"
"Colombo","Ratnapura","Koswetiya","500","100.00"
"Colombo","Ratnapura","Omalpe","500","100.00"
"Colombo","Ratnapura","Udawalawa","500","100.00"
"Colombo","Ratnapura","Pallebedda","500","100.00"
"Colombo","Ratnapura","Thunkama","500","100.00"
"Colombo","Ratnapura","Sankapala","500","100.00"
"Colombo","Ratnapura","Ulinduwawa","500","100.00"
"Colombo","Matara","dorapane","500","100.00"
"Colombo","Ratnapura","Nedola","500","100.00"
"Colombo","Ratnapura","Wijeriya","500","100.00"
"Colombo","Ratnapura","Pallebadda","500","100.00"
"Colombo","Monaragala","kiri ibbanara","500","100.00"
"Colombo","Ratnapura","kalla","500","100.00"
"Colombo","Ratnapura","Kolabage ara","500","100.00"
"Colombo","Ratnapura","Omalpa","500","100.00"
"Colombo","Ratnapura","Wiharagala","500","100.00"
"Colombo","Ratnapura","THELAVILLA","500","100.00"
"Colombo","Ratnapura","Pahala Andarawewa","500","100.00"
"Colombo","Ratnapura","Meegaha Jadura","500","100.00"
"Colombo","Ratnapura","Ranmuduwewa","500","100.00"
"Colombo","Ratnapura","Mahawelikada Ara","500","100.00"
"Colombo","Ratnapura","Beddewewa","500","100.00"
"Colombo","Ratnapura","Higura Ara","500","100.00"
"Colombo","Ratnapura","Gal Wanguwa","500","100.00"
"Colombo","Ratnapura","Waraketi Ara","500","100.00"
"Colombo","Ratnapura","Udawalawa","500","100.00"
"Colombo","Ratnapura","Maha Ara","500","100.00"
"Colombo","Ratnapura","Thibolketiya","500","100.00"
"Colombo","Ratnapura","Panahaduwa","500","100.00"
"Colombo","Ratnapura","MEDAKIWULA","500","100.00"
"Colombo","Ratnapura","Halmilla Ara","500","100.00"
"Colombo","Ratnapura","Helaudakanda","500","100.00"
"Colombo","Ratnapura","Ambevila","500","100.00"
"Colombo","Ratnapura","Pallebedda","500","100.00"
"Colombo","Ratnapura","Moraketiya","500","100.00"
"Colombo","Ratnapura","Kowul Ara","500","100.00"
"Colombo","Ratnapura","Ginigalpelessa","500","100.00"
"Colombo","Ratnapura","Usweli Ara","500","100.00"
"Colombo","Ratnapura","Sewanagala","500","100.00"
"Colombo","Ratnapura","Habaralu Wewa","500","100.00"
"Colombo","Ratnapura","Thunhiriyawa","500","100.00"
"Colombo","Ratnapura","Embilipitiya New Town","500","100.00"
"Colombo","Ratnapura","Hathporuwa","500","100.00"
"Colombo","Ratnapura","Ranweligama","500","100.00"
"Colombo","Ratnapura","Nugegalayaya","500","100.00"
"Colombo","Ratnapura","Sevanagala","500","100.00"
"Colombo","Ratnapura","Sooriyawewa","500","100.00"
"Colombo","Ratnapura","Weeriyagama","500","100.00"
"Colombo","Ratnapura","13 hamara embilipitiya","500","100.00"
"Colombo","Ratnapura","15 hamara embilipitiya","500","100.00"
"Colombo","Ratnapura","16 hamara embilipitiya","500","100.00"
"Colombo","Ratnapura","18 hamara embilipitiya","500","100.00"
"Colombo","Ratnapura","21 kanuwa embilipitiya","500","100.00"
"Colombo","Ratnapura","Agunakolawewa","500","100.00"
"Colombo","Ratnapura","Kalawelgala","500","100.00"
"Colombo","Ratnapura","Kahakurullanpelessa","500","100.00"
"Colombo","Ratnapura","Balaharuwa","500","100.00"
"Colombo","Ratnapura","Hambegamuwa","500","100.00"
"Colombo","Ratnapura","Kumbugoda Ara","500","100.00"
"Colombo","Ratnapura","Mulediyawala","500","100.00"
"Colombo","Ratnapura","Kariyamadiththa","500","100.00"
"Colombo","Ratnapura","godakawela","500","100.00"
"Colombo","Ratnapura","Dorapane","500","100.00"
"Colombo","Ratnapura","Dapane","500","100.00"
"Colombo","Ratnapura","Koppakanda","500","100.00"
"Colombo","Ratnapura","Kirawelkatuwa","500","100.00"
"Colombo","Ratnapura","Kuttigala","500","100.00"
"Colombo","Ratnapura","Weheragodella","500","100.00"
"Colombo","Ratnapura","Uswewa","500","100.00"
"Colombo","Ratnapura","Panamura","500","100.00"
"Colombo","Ratnapura","Jadura","500","100.00"
"Colombo","Ratnapura","Kella","500","100.00"
"Colombo","Ratnapura","Maduwanwela","500","100.00"
"Colombo","Ratnapura","Sooriyakanda","500","100.00"
"Colombo","Kandy","Balagolla","500","100.00"
"Colombo","Kandy","Godamunna","500","100.00"
"Colombo","Kandy","Gomagoda","500","100.00"
"Colombo","Kandy","Hunnasgiriya","500","100.00"
"Colombo","Kandy","Kengalla","500","100.00"
"Colombo","Kandy","Kumbukkandura","500","100.00"
"Colombo","Kandy","Lunuketiya Maditta","500","100.00"
"Colombo","Kandy","Madugalla","500","100.00"
"Colombo","Kandy","Makuldeniya","500","100.00"
"Colombo","Kandy","Medamahanuwara","500","100.00"
"Colombo","Kandy","Menikhinna","500","100.00"
"Colombo","Kandy","Mimure","500","100.00"
"Colombo","Kandy","Naranpanawa","500","100.00"
"Colombo","Kandy","Nattarampotha","500","100.00"
"Colombo","Kandy","Pallekelle","500","100.00"
"Colombo","Kandy","Pilawala","500","100.00"
"Colombo","Kandy","Putuhapuwa","500","100.00"
"Colombo","Kandy","Rajawella","500","100.00"
"Colombo","Kandy","Rambukwella","500","100.00"
"Colombo","Kandy","Rangala","500","100.00"
"Colombo","Kandy","Senarathwela","500","100.00"
"Colombo","Kandy","Teldeniya","500","100.00"
"Colombo","Kandy","Udispattuwa","500","100.00"
"Colombo","Kandy","Ududumbara","500","100.00"
"Colombo","Kandy","Wendaruwa","500","100.00"
"Colombo","Kandy","Werapitya","500","100.00"
"Colombo","Kandy","Kundasale","500","100.00"
"Colombo","Kandy","Udadumbara","500","100.00"
"Colombo","Kandy","Lunuketiya Madiththa","500","100.00"
"Colombo","Kandy","Meemure","500","100.00"
"Colombo","Kandy","Naththarampotha","500","100.00"
"Colombo","Kandy","Theldeniya","500","100.00"
"Colombo","Kandy","Udispaththuwa","500","100.00"
"Colombo","Kandy","Madamahanuwara","500","100.00"
"Colombo","Kurunegala","Digana","500","100.00"
"Colombo","Kandy","boopana","500","100.00"
"Colombo","Kandy","bopana","500","100.00"
"Colombo","Kandy","mahawatte","500","100.00"
"Colombo","Kandy","gamudawa","500","100.00"
"Colombo","Kandy","boi pallekale","500","100.00"
"Colombo","Kandy","malpana","500","100.00"
"Colombo","Kandy","dambarawa","500","100.00"
"Colombo","Kandy","karaliyadda","500","100.00"
"Colombo","Kandy","wegala","500","100.00"
"Colombo","Kandy","mediwaka","500","100.00"
"Colombo","Kandy","aluthwatta","500","100.00"
"Colombo","Kandy","thannekanda","500","100.00"
"Colombo","Kandy","Bambarabedda","500","100.00"
"Colombo","Kandy","Bomure","500","100.00"
"Colombo","Kandy","Manikhinna","500","100.00"
"Colombo","Kandy","Pallekale","500","100.00"
"Colombo","Kandy","pallekele","500","100.00"
"Colombo","Kandy","Digana","500","100.00"
"Colombo","Kandy","Digana Town","500","100.00"
"Colombo","Kandy","Rajawella","500","100.00"
"Colombo","Kandy","Kengalla","500","100.00"
"Colombo","Kandy","Balagolla","500","100.00"
"Colombo","Kandy","Senarathwela","500","100.00"
"Colombo","Kandy","Ayojanagama","500","100.00"
"Colombo","Kandy","Mahawaththa","500","100.00"
"Colombo","Kandy","Naththaranpotha","500","100.00"
"Colombo","Kandy","Pandiwaththa","500","100.00"
"Colombo","Kandy","Menikhinna","500","100.00"
"Colombo","Kandy","Menikhinna Town","500","100.00"
"Colombo","Kandy","Walala","500","100.00"
"Colombo","Kandy","Napana","500","100.00"
"Colombo","Kandy","Hurikaduwa","500","100.00"
"Colombo","Kandy","Galaluwa","500","100.00"
"Colombo","Kandy","Pilawala","500","100.00"
"Colombo","Kandy","Kirimetiya","500","100.00"
"Colombo","Kandy","Heepitiya","500","100.00"
"Colombo","Kandy","Ihalagonagama","500","100.00"
"Colombo","Kandy","Lunuketiyamadiththa","500","100.00"
"Colombo","Kandy","Liyangaswagura","500","100.00"
"Colombo","Kandy","Narampanawa","500","100.00"
"Colombo","Kandy","Gomagoda","500","100.00"
"Colombo","Kandy","Madapola","500","100.00"
"Colombo","Kandy","Teldeniya Town","500","100.00"
"Colombo","Kandy","Rambukwella","500","100.00"
"Colombo","Kandy","Udispattuwa","500","100.00"
"Colombo","Kandy","Poddalgoda","500","100.00"
"Colombo","Kandy","Heeloya","500","100.00"
"Colombo","Kandy","Retiyagama","500","100.00"
"Colombo","Kandy","Bobebila","500","100.00"
"Colombo","Kandy","Makuldeniya","500","100.00"
"Colombo","Kandy","Rangala","500","100.00"
"Colombo","Kandy","Watapana","500","100.00"
"Colombo","Kandy","Putuhapuwa","500","100.00"
"Colombo","Kandy","Dunhinna","500","100.00"
"Colombo","Kandy","Werapitiya","500","100.00"
"Colombo","Kandy","Moragahamula","500","100.00"
"Colombo","Kandy","Medamahanuwara","500","100.00"
"Colombo","Kandy","Udathenna","500","100.00"
"Colombo","Kandy","Sandasiri Dunuwila i","500","100.00"
"Colombo","Kandy","Sandasiri Dunuwila","500","100.00"
"Colombo","Kandy","Doraliyadda","500","100.00"
"Colombo","Kandy","Victoria Dam road","500","100.00"
"Colombo","Kandy","Waithalawa","500","100.00"
"Colombo","Kandy","Hunnasgiriya","500","100.00"
"Colombo","Kandy","Hunnasgiriya Town","500","100.00"
"Colombo","Kandy","Nugethenna","500","100.00"
"Colombo","Kandy","Rambukwella West","500","100.00"
"Colombo","Kandy","Kiripattiya","500","100.00"
"Colombo","Kandy","Udadumbara","500","100.00"
"Colombo","Kandy","Udadumbara Town","500","100.00"
"Colombo","Kandy","Kirigankubura","500","100.00"
"Colombo","Kandy","Talagune","500","100.00"
"Colombo","Kandy","Kahataliyadda","500","100.00"
"Colombo","Kandy","Kalugala","500","100.00"
"Colombo","Kandy","Kalunthenna","500","100.00"
"Colombo","Kandy","Themmitiyana","500","100.00"
"Colombo","Kandy","Dewahandiya","500","100.00"
"Colombo","Kandy","Udagammedda","500","100.00"
"Colombo","Kandy","Madugalla","500","100.00"
"Colombo","Kandy","Poppitiya","500","100.00"
"Colombo","Nuwara Eliya","Nildandahinna","500","100.00"
"Colombo","Nuwara Eliya","Udamadura","500","100.00"
"Colombo","Nuwara Eliya","Walapane","500","100.00"
"Colombo","Nuwara Eliya","Theripeha","500","100.00"
"Colombo","Nuwara Eliya","Udupussellawa","500","100.00"
"Colombo","Nuwara Eliya","Ragala","500","100.00"
"Colombo","Nuwara Eliya","HARASBEDDA","500","100.00"
"Colombo","Nuwara Eliya","THERIPAHA","500","100.00"
"Colombo","Nuwara Eliya","Galkadapathana","500","100.00"
"Colombo","Nuwara Eliya","Nildandahinna","500","100.00"
"Colombo","Nuwara Eliya","Mahauwa","500","100.00"
"Colombo","Nuwara Eliya","Rathnayakapura","500","100.00"
"Colombo","Nuwara Eliya","Diyanilla","500","100.00"
"Colombo","Nuwara Eliya","Nelugaha","500","100.00"
"Colombo","Nuwara Eliya","Boraliyagolla","500","100.00"
"Colombo","Nuwara Eliya","Waralla","500","100.00"
"Colombo","Nuwara Eliya","Mallagama","500","100.00"
"Colombo","Nuwara Eliya","Teripaha","500","100.00"
"Colombo","Nuwara Eliya","Thalakola alla","500","100.00"
"Colombo","Nuwara Eliya","Iguruwella","500","100.00"
"Colombo","Nuwara Eliya","Paragaharawa","500","100.00"
"Colombo","Nuwara Eliya","Dabagolla","500","100.00"
"Colombo","Nuwara Eliya","Rasigolla","500","100.00"
"Colombo","Nuwara Eliya","Abanalla","500","100.00"
"Colombo","Nuwara Eliya","Egodakanda","500","100.00"
"Colombo","Nuwara Eliya","Manthrithanna","500","100.00"
"Colombo","Nuwara Eliya","Udupusallawa","500","100.00"
"Colombo","Nuwara Eliya","Munwatta","500","100.00"
"Colombo","Nuwara Eliya","Keerthibandarapura","500","100.00"
"Colombo","Nuwara Eliya","Naranthalawa","500","100.00"
"Colombo","Nuwara Eliya","Liyanwela","500","100.00"
"Colombo","Badulla","Ambagasdowa","500","100.00"
"Colombo","Badulla","Amunumulla","500","100.00"
"Colombo","Badulla","Bambarapana","500","100.00"
"Colombo","Badulla","Bogahakumbura","500","100.00"
"Colombo","Badulla","Boralanda","500","100.00"
"Colombo","Badulla","Bowela","500","100.00"
"Colombo","Badulla","Dikkapitiya","500","100.00"
"Colombo","Badulla","Galedanda","500","100.00"
"Colombo","Badulla","Gurutalawa","500","100.00"
"Colombo","Badulla","Hewanakumbura","500","100.00"
"Colombo","Badulla","Kalubululanda","500","100.00"
"Colombo","Badulla","Keppetipola","500","100.00"
"Colombo","Badulla","Lunuwatta","500","100.00"
"Colombo","Badulla","Maspanna","500","100.00"
"Colombo","Badulla","Mirahawatta","500","100.00"
"Colombo","Badulla","Nugatalawa","500","100.00"
"Colombo","Badulla","Ohiya","500","100.00"
"Colombo","Badulla","Puhulpola","500","100.00"
"Colombo","Badulla","Silmiyapura","500","100.00"
"Colombo","Badulla","Uvaparanagama","500","100.00"
"Colombo","Badulla","Uva Paranagama","500","100.00"
"Colombo","Badulla","Welimada","500","100.00"
"Colombo","Badulla","Lunuwaththa","500","100.00"
"Colombo","Badulla","Mirahawaththa","500","100.00"
"Colombo","Badulla","Rathkarawwa","500","100.00"
"Colombo","Badulla","Dambawinna","500","100.00"
"Colombo","Badulla","Keppetipola","500","100.00"
"Colombo","Badulla","Divithotawela","500","100.00"
"Colombo","Badulla","Yalpathwela","500","100.00"
"Colombo","Badulla","Sappu Kade","500","100.00"
"Colombo","Badulla","Mirahawatta","500","100.00"
"Colombo","Badulla","Sappukade","500","100.00"
"Colombo","Badulla","Dimuthugama","500","100.00"
"Colombo","Badulla","Vidurupola","500","100.00"
"Colombo","Badulla","Gawarammana","500","100.00"
"Colombo","Badulla","Padinawela","500","100.00"
"Colombo","Badulla","Balumgala","500","100.00"
"Colombo","Badulla","Nawela","500","100.00"
"Colombo","Badulla","Rathamba","500","100.00"
"Colombo","Badulla","Madawela","500","100.00"
"Colombo","Badulla","Bomburuella","500","100.00"
"Colombo","Badulla","pannalawela","500","100.00"
"Colombo","Badulla","Gampaha estate","500","100.00"
"Colombo","Badulla","Kotawera","500","100.00"
"Colombo","Badulla","welimada town","500","100.00"
"Colombo","Badulla","Galahagama","500","100.00"
"Colombo","Badulla","Habaragala","500","100.00"
"Colombo","Badulla","Kabillegama","500","100.00"
"Colombo","Badulla","Gawarammanaya","500","100.00"
"Colombo","Badulla","Widurupola","500","100.00"
"Colombo","Badulla","Rendapola","500","100.00"
"Colombo","Badulla","Hinnarangolla","500","100.00"
"Colombo","Badulla","Dabawinna","500","100.00"
"Colombo","Badulla","Yalpaththwela","500","100.00"
"Colombo","Badulla","Dayaraba","500","100.00"
"Colombo","Badulla","Rathaba","500","100.00"
"Colombo","Badulla","Dawuldena","500","100.00"
"Colombo","Badulla","Koradekumbura","500","100.00"
"Colombo","Badulla","Madahinna","500","100.00"
"Colombo","Badulla","Katagoda","500","100.00"
"Colombo","Badulla","Udaperuwa","500","100.00"
"Colombo","Badulla","kahatathalawa","500","100.00"
"Colombo","Badulla","Yahalarawa","500","100.00"
"Colombo","Badulla","Nahakadiya","500","100.00"
"Colombo","Badulla","Sapugolla","500","100.00"
"Colombo","Badulla","Wekumbura","500","100.00"
"Colombo","Badulla","Laki Land","500","100.00"
"Colombo","Badulla","rahupola","500","100.00"
"Colombo","Badulla","Bamabarapana","500","100.00"
"Colombo","Badulla","Podimilla","500","100.00"
"Colombo","Badulla","Madipokuna","500","100.00"
"Colombo","Badulla","wawegama","500","100.00"
"Colombo","Badulla","Galaniya","500","100.00"
"Colombo","Badulla","Alagolla","500","100.00"
"Colombo","Badulla","Diwrumgamuwa","500","100.00"
"Colombo","Badulla","Udubadana","500","100.00"
"Colombo","Badulla","Kalubullanda","500","100.00"
"Colombo","Badulla","Madowita","500","100.00"
"Colombo","Badulla","Alugolla","500","100.00"
"Colombo","Ratnapura","Kaltota","500","100.00"
"Colombo","Monaragala","Kotawehera Mankada","500","100.00"
"Colombo","Ratnapura","Imbulpe","500","100.00"
"Colombo","Ratnapura","Balangoda","500","100.00"
"Colombo","Ratnapura","Kalthota","500","100.00"
"Colombo","Ratnapura","Wewelwaththa","500","100.00"
"Colombo","Ratnapura","Ella Arawa","500","100.00"
"Colombo","Ratnapura","Morathota","500","100.00"
"Colombo","Ratnapura","Pettigala","500","100.00"
"Colombo","Ratnapura","Randola","500","100.00"
"Colombo","Ratnapura","Massenna","500","100.00"
"Colombo","Ratnapura","Akkara 18","500","100.00"
"Colombo","Ratnapura","Keselkotuwa","500","100.00"
"Colombo","Ratnapura","Kapugala","500","100.00"
"Colombo","Ratnapura","Kirimetithenna","500","100.00"
"Colombo","Ratnapura","Hatharabage","500","100.00"
"Colombo","Ratnapura","Amupitiya","500","100.00"
"Colombo","Ratnapura","Digadura","500","100.00"
"Colombo","Ratnapura","Ihalagalagama","500","100.00"
"Colombo","Ratnapura","Kinchigunea","500","100.00"
"Colombo","Ratnapura","Kuuragala","500","100.00"
"Colombo","Ratnapura","Rathmalavinna","500","100.00"
"Colombo","Ratnapura","Welioya ratnapura Division","500","100.00"
"Colombo","Ratnapura","Thumbatenna","500","100.00"
"Colombo","Badulla","Pabahinna ,haldamulla, rassagala,gurubewilagama,seethagala,udakanda,kolketiya,weligepola,hatangala,kotimulwala,welige pola,hadagiriya,panana,iluk kubura, wheli oya,wheli oya,aluth wewa,, damwelodaya, welipathayaya,kalthota,pinnawala, marathenna, thorawel","500","100.00"
"Colombo","Ratnapura","Wealioya","500","100.00"
"Colombo","Ratnapura","Aluthwewa","500","100.00"
"Colombo","Ratnapura","Damwelodaya","500","100.00"
"Colombo","Ratnapura","Welipathayaya","500","100.00"
"Colombo","Ratnapura","Medabedda","500","100.00"
"Colombo","Ratnapura","Mulgama","500","100.00"
"Colombo","Ratnapura","Rassagala","500","100.00"
"Colombo","Ratnapura","Gurubewilagama","500","100.00"
"Colombo","Ratnapura","Seethagala","500","100.00"
"Colombo","Ratnapura","Udakanda","500","100.00"
"Colombo","Ratnapura","Meddekanda","500","100.00"
"Colombo","Ratnapura","Bulathgama","500","100.00"
"Colombo","Ratnapura","Uwella","500","100.00"
"Colombo","Ratnapura","Kolketiya","500","100.00"
"Colombo","Ratnapura","Halpe","500","100.00"
"Colombo","Ratnapura","Hatharabage,ulupitiya","500","100.00"
"Colombo","Ratnapura","Passaramulla","500","100.00"
"Colombo","Ratnapura","Laduyaya","500","100.00"
"Colombo","Ratnapura","Pambahinna","500","100.00"
"Colombo","Ratnapura","Muththettugama","500","100.00"
"Colombo","Ratnapura","Belihuloya","500","100.00"
"Colombo","Ratnapura","Karagasthalawa","500","100.00"
"Colombo","Ratnapura","Nonperial","500","100.00"
"Colombo","Ratnapura","Seelagama","500","100.00"
"Colombo","Ratnapura","Weligepola","500","100.00"
"Colombo","Ratnapura","Hatangala","500","100.00"
"Colombo","Ratnapura","Kottimulwala","500","100.00"
"Colombo","Ratnapura","Hadagiriya","500","100.00"
"Colombo","Ratnapura","Panana","500","100.00"
"Colombo","Ratnapura","Illukkumbura","500","100.00"
"Colombo","Ratnapura","Dahamana","500","100.00"
"Colombo","Ratnapura","Gawaranhena","500","100.00"
"Colombo","Ratnapura","Galinna","500","100.00"
"Colombo","Ratnapura","Mawela","500","100.00"
"Colombo","Ratnapura","Ellapola","500","100.00"
"Colombo","Ratnapura","Horaketiya","500","100.00"
"Colombo","Ratnapura","Morathenna","500","100.00"
"Colombo","Ratnapura","Thorawelkanda","500","100.00"
"Colombo","Ratnapura","Morahela","500","100.00"
"Colombo","Ratnapura","Ellearawa","500","100.00"
"Colombo","Ratnapura","Oluganthota","500","100.00"
"Colombo","Ratnapura","Karadiyamulla","500","100.00"
"Colombo","Ratnapura","Miriswatta","500","100.00"
"Colombo","Ratnapura","Kahatapitiya","500","100.00"
"Colombo","Ratnapura","Batugammana","500","100.00"
"Colombo","Ratnapura","Dehigasthalawa","500","100.00"
"Colombo","Ratnapura","Bombuwa","500","100.00"
"Colombo","Ratnapura","Pahala massenna","500","100.00"
"Colombo","Ratnapura","Udumulla","500","100.00"
"Colombo","Ratnapura","Thumbagoda","500","100.00"
"Colombo","Ratnapura","Weliharanawa","500","100.00"
"Colombo","Trincomalee","Bankiyawaththa","500","100.00"
"Colombo","Ratnapura","Waligepola","500","100.00"
"Colombo","Ratnapura","samanalawatta","500","100.00"
"Colombo","Ratnapura","mahawala thanna","500","100.00"
"Colombo","Ratnapura","pabahinna","500","100.00"
"Colombo","Ratnapura","Gurubawilagama","500","100.00"
"Colombo","Ratnapura","madabadda","500","100.00"
"Colombo","Ratnapura","pudukatuwa","500","100.00"
"Colombo","Ratnapura","galagama","500","100.00"
"Colombo","Ratnapura","sabaragamuwa university","500","100.00"
"Colombo","Ratnapura","Balangoda Town","500","100.00"
"Colombo","Ratnapura","Marathenna","500","100.00"
"Colombo","Ratnapura","Thorawelakanda","500","100.00"
"Colombo","Ratnapura","Waleboda","500","100.00"
"Colombo","Ratnapura","Nelliwala","500","100.00"
"Colombo","Ratnapura","Waleboda","500","100.00"
"Colombo","Ratnapura","Rewladola","500","100.00"
"Colombo","Ratnapura","Rathmalawinna","500","100.00"
"Colombo","Ratnapura","Mamalgaha","500","100.00"
"Colombo","Ratnapura","Agalagama","500","100.00"
"Colombo","Ratnapura","Landuyaya","500","100.00"
"Colombo","Ratnapura","Wikiliya","500","100.00"
"Colombo","Ratnapura","Bithugalgama","500","100.00"
"Colombo","Ratnapura","Rajawaka","500","100.00"
"Colombo","Ratnapura","Thanjanthanna","500","100.00"
"Colombo","Ratnapura","Thotupalathenna","500","100.00"
"Colombo","Ratnapura","Damahana","500","100.00"
"Colombo","Ratnapura","Koongasthenna","500","100.00"
"Colombo","Ratnapura","Pollamure","500","100.00"
"Colombo","Ratnapura","Imbulamura","500","100.00"
"Colombo","Ratnapura","Mahawalathenna","500","100.00"
"Colombo","Ratnapura","Handagiriya","500","100.00"
"Colombo","Ratnapura","Yatipasgamuwa","500","100.00"
"Colombo","Ratnapura","Samanalawaththa","500","100.00"
"Colombo","Gampaha","Dunkolawatta","500","100.00"
"Colombo","Gampaha","Kiwula","500","100.00"
"Colombo","Kurunegala","Alawatuwala","500","100.00"
"Colombo","Matale","Matale","500","100.00"
"Colombo","Matale","Rattota","500","100.00"
"Colombo","Matale","Ukuwela","500","100.00"
"Colombo","Matale","Yatawatta","500","100.00"
"Colombo","Matale","Alwaththa","500","100.00"
"Colombo","Matale","Ambanganga Korale","500","100.00"
"Colombo","Matale","Dullewa","500","100.00"
"Colombo","Matale","Dunkolawaththa","500","100.00"
"Colombo","Matale","Elkaduwa","500","100.00"
"Colombo","Matale","Gammaduwa","500","100.00"
"Colombo","Matale","Imbulgolla","500","100.00"
"Colombo","Matale","Kaikawala","500","100.00"
"Colombo","Matale","Katudeniya","500","100.00"
"Colombo","Matale","Kavudupelella","500","100.00"
"Colombo","Matale","Leliambe","500","100.00"
"Colombo","Matale","Madawala Ulpotha","500","100.00"
"Colombo","Matale","Mahawela","500","100.00"
"Colombo","Matale","Metihakka","500","100.00"
"Colombo","Matale","Muwandeniya","500","100.00"
"Colombo","Matale","Ovilikanda","500","100.00"
"Colombo","Matale","Palapathwela","500","100.00"
"Colombo","Matale","Raththota","500","100.00"
"Colombo","Matale","Selagama","500","100.00"
"Colombo","Matale","Udasgiriya","500","100.00"
"Colombo","Matale","Walawela","500","100.00"
"Colombo","Matale","Welangahawaththe","500","100.00"
"Colombo","Matale","Yatawaththa","500","100.00"
"Colombo","Matale","Mathale","500","100.00"
"Colombo","Matale","Deevilla","500","100.00"
"Colombo","Kurunegala","Palapathwala","500","100.00"
"Colombo","Matale","Thotagamuwa","500","100.00"
"Colombo","Matale","Kumbiyangoda","500","100.00"
"Colombo","Matale","halangoda","500","100.00"
"Colombo","Matale","matihakka","500","100.00"
"Colombo","Matale","thanna","500","100.00"
"Colombo","Matale","dankanda","500","100.00"
"Colombo","Matale","Alwatta","500","100.00"
"Colombo","Matale","Matale city","500","100.00"
"Colombo","Matale","Harasgama","500","100.00"
"Colombo","Matale","Agalawatta","500","100.00"
"Colombo","Matale","Hulangamuwa","500","100.00"
"Colombo","Matale","Dole Road","500","100.00"
"Colombo","Matale","Nagolla","500","100.00"
"Colombo","Matale","Kandy Road Matale","500","100.00"
"Colombo","Matale","Kohombiliwela","500","100.00"
"Colombo","Matale","WARAKANDA","500","100.00"
"Colombo","Matale","Warakamura","500","100.00"
"Colombo","Matale","Purijjala","500","100.00"
"Colombo","Matale","Kalapitiya","500","100.00"
"Colombo","Matale","Guralawela","500","100.00"
"Colombo","Matale","Marukona","500","100.00"
"Colombo","Matale","Elkaduwa","500","100.00"
"Colombo","Matale","Kiula","500","100.00"
"Colombo","Matale","Kandenuwara","500","100.00"
"Colombo","Matale","Bandarapola","500","100.00"
"Colombo","Matale","Neluwakanda","500","100.00"
"Colombo","Matale","Pitakanda","500","100.00"
"Colombo","Matale","thambalaga","500","100.00"
"Colombo","Matale","Laliambe","500","100.00"
"Colombo","Matale","Wahigala","500","100.00"
"Colombo","Matale","Sembuwatta","500","100.00"
"Colombo","Matale","Udupihille","500","100.00"
"Colombo","Matale","Kotuwegedara","500","100.00"
"Colombo","Matale","Kaludewala","500","100.00"
"Colombo","Matale","Kaikawela","500","100.00"
"Colombo","Matale","Weragama","500","100.00"
"Colombo","Matale","Rattota","500","100.00"
"Colombo","Matale","Babarakiriella","500","100.00"
"Colombo","Matale","Kubaloluwa","500","100.00"
"Colombo","Matale","Madawala Ulpotha","500","100.00"
"Colombo","Matale","Aluvihare","500","100.00"
"Colombo","Matale","Palapathwela","500","100.00"
"Colombo","Matale","Kawatayamuna","500","100.00"
"Colombo","Matale","Ankanda","500","100.00"
"Colombo","Matale","Mahawela","500","100.00"
"Colombo","Matale","Walewela","500","100.00"
"Colombo","Matale","Matalapitiya","500","100.00"
"Colombo","Matale","Devagiriya","500","100.00"
"Colombo","Matale","Kawudupelella","500","100.00"
"Colombo","Gampaha","Udatenna","500","100.00"
"Colombo","Badulla","Akkarasiyaya","500","100.00"
"Colombo","Badulla","Ambadandegama","500","100.00"
"Colombo","Badulla","Ballaketuwa","500","100.00"
"Colombo","Badulla","Demodara","500","100.00"
"Colombo","Badulla","Diganatenna","500","100.00"
"Colombo","Badulla","Diyatalawa","500","100.00"
"Colombo","Badulla","Dulgolla","500","100.00"
"Colombo","Badulla","Gawarawela","500","100.00"
"Colombo","Badulla","Heeloya","500","100.00"
"Colombo","Badulla","Helahalpe","500","100.00"
"Colombo","Badulla","Helapupula","500","100.00"
"Colombo","Badulla","Idalgashinna","500","100.00"
"Colombo","Badulla","Kalupahana","500","100.00"
"Colombo","Badulla","Kandepuhulpola","500","100.00"
"Colombo","Badulla","Kebillawela","500","100.00"
"Colombo","Badulla","Kiriwanagama","500","100.00"
"Colombo","Badulla","Liyangahawela","500","100.00"
"Colombo","Badulla","Makulella","500","100.00"
"Colombo","Badulla","Namunukula","500","100.00"
"Colombo","Badulla","Nikapotha","500","100.00"
"Colombo","Badulla","Pitapola","500","100.00"
"Colombo","Badulla","Ratkarawwa","500","100.00"
"Colombo","Badulla","Soragune","500","100.00"
"Colombo","Badulla","Uduhawara","500","100.00"
"Colombo","Badulla","Uva Tenna","500","100.00"
"Colombo","Badulla","Bandarawela","500","100.00"
"Colombo","Badulla","Haldummulla","500","100.00"
"Colombo","Badulla","Haputale","500","100.00"
"Colombo","Badulla","Bambaragama","500","100.00"
"Colombo","Badulla","Dewathura","500","100.00"
"Colombo","Badulla","Diganathenna","500","100.00"
"Colombo","Badulla","Diyathalawa","500","100.00"
"Colombo","Badulla","Ella","500","100.00"
"Colombo","Badulla","Guruthalawa","500","100.00"
"Colombo","Badulla","Haputhale","500","100.00"
"Colombo","Badulla","Ilukpelessa","500","100.00"
"Colombo","Badulla","Kaloogala","500","100.00"
"Colombo","Badulla","Nayabedda","500","100.00"
"Colombo","Badulla","Uva Thenna","500","100.00"
"Colombo","Badulla","Uva Uduwara","500","100.00"
"Colombo","Nuwara Eliya","Nugathalawa","500","100.00"
"Colombo","Badulla","Puhupola","500","100.00"
"Colombo","Badulla","Udukinda","500","100.00"
"Colombo","Badulla","kapatipola","500","100.00"
"Colombo","Badulla","Wangiyakumbura","500","100.00"
"Colombo","Gampaha","ambagahawatta","500","100.00"
"Colombo","Badulla","Liyanagahawela","500","100.00"
"Colombo","Badulla","Kabillawela","500","100.00"
"Colombo","Badulla","Ambagahawatte","500","100.00"
"Colombo","Badulla","Diganathanna","500","100.00"
"Colombo","Badulla","Landegama","500","100.00"
"Colombo","Badulla","Nugathalawa","500","100.00"
"Colombo","Badulla","Welimadagama","500","100.00"
"Colombo","Badulla","Girambe","500","100.00"
"Colombo","Badulla","Hingurugamuwa","500","100.00"
"Colombo","Badulla","Beragala","500","100.00"
"Colombo","Badulla","Koslanda","500","100.00"
"Colombo","Badulla","Amilagama","500","100.00"
"Colombo","Badulla","Hela Kadurugamuwa","500","100.00"
"Colombo","Badulla","kahagolla","500","100.00"
"Colombo","Badulla","Viharakale","500","100.00"
"Colombo","Badulla","Haputhalegama","500","100.00"
"Colombo","Badulla","Amunudowa","500","100.00"
"Colombo","Badulla","Pattiyagedara","500","100.00"
"Colombo","Badulla","Perahettiya","500","100.00"
"Colombo","Badulla","Hapathgamuwa","500","100.00"
"Colombo","Badulla","Helamuduna","500","100.00"
"Colombo","Badulla","Maduwelpathana","500","100.00"
"Colombo","Badulla","Kirioruwa","500","100.00"
"Colombo","Badulla","uthurukebillawela","500","100.00"
"Colombo","Badulla","kinigama","500","100.00"
"Colombo","Badulla","Bindunuwewa","500","100.00"
"Colombo","Badulla","Kumbalwela","500","100.00"
"Colombo","Badulla","dikarawa","500","100.00"
"Colombo","Badulla","Dowa","500","100.00"
"Colombo","Badulla","Millagama","500","100.00"
"Colombo","Badulla","Halpe","500","100.00"
"Colombo","Badulla","Walasbadda","500","100.00"
"Colombo","Badulla","Kithalella","500","100.00"
"Colombo","Badulla","Uva Maligatenna","500","100.00"
"Colombo","Ampara","Addalaichenai","500","100.00"
"Colombo","Ampara","Karativu","500","100.00"
"Colombo","Ampara","Komari","500","100.00"
"Colombo","Ampara","Malwatta","500","100.00"
"Colombo","Ampara","Marathamune","500","100.00"
"Colombo","Ampara","Nintavur","500","100.00"
"Colombo","Ampara","Oluvil","500","100.00"
"Colombo","Ampara","Palamunai","500","100.00"
"Colombo","Ampara","Panama","500","100.00"
"Colombo","Ampara","Periyaneelavanai","500","100.00"
"Colombo","Ampara","Sainthamaruthu","500","100.00"
"Colombo","Ampara","Tirukovil","500","100.00"
"Colombo","Ampara","Addalachchenai","500","100.00"
"Colombo","Ampara","Akkaraipattu","500","100.00"
"Colombo","Ampara","Kalmunai","500","100.00"
"Colombo","Ampara","Kalmunai Tamil Division","500","100.00"
"Colombo","Ampara","Karaitheevu","500","100.00"
"Colombo","Ampara","Navithanveli","500","100.00"
"Colombo","Ampara","Ninthavur","500","100.00"
"Colombo","Ampara","Sainthamarathu","500","100.00"
"Colombo","Ampara","Samanthurai","500","100.00"
"Colombo","Ampara","Sammanthurai","500","100.00"
"Colombo","Ampara","Thirukkovil","500","100.00"
"Colombo","Ampara","Alayadiwembu","500","100.00"
"Colombo","Ampara","Akkaraipaththu","500","100.00"
"Colombo","Ampara","Kanapathipuram","500","100.00"
"Colombo","Ampara","Karathivu","500","100.00"
"Colombo","Ampara","Parivatttam Putty","500","100.00"
"Colombo","Ampara","Pottuvil","500","100.00"
"Colombo","Ampara","Sorikalmunai","500","100.00"
"Colombo","Ampara","Weeramunai","500","100.00"
"Colombo","Ampara","Arugam Bay","500","100.00"
"Colombo","Ampara","Parivattam Putty","500","100.00"
"Colombo","Ampara","Lahugala","500","100.00"
"Colombo","Ampara","Thirikkovil","500","100.00"
"Colombo","Ampara","Karaitivu","500","100.00"
"Colombo","Batticaloa","PERIYAKALLAR","500","100.00"
"Colombo","Ampara","KOTTUKAL","500","100.00"
"Colombo","Ampara","ARUGAMBAY","500","100.00"
"Colombo","Ampara","Pasarichenai","500","100.00"
"Colombo","Ampara","ALIYAWALA","500","100.00"
"Colombo","Ampara","PUDUDUDIYIRUPPU","500","100.00"
"Colombo","Ampara","SANGAMANKANDA","500","100.00"
"Colombo","Ampara","Karalayankulam","500","100.00"
"Colombo","Ampara","Koraikkalappu","500","100.00"
"Colombo","Ampara","VINAYAGAPURAM","500","100.00"
"Colombo","Ampara","Gayathri Kiramam","500","100.00"
"Colombo","Ampara","THAMBILUVIL","500","100.00"
"Colombo","Ampara","MANDANAI","500","100.00"
"Colombo","Ampara","Kalliyantivu","500","100.00"
"Colombo","Ampara","Munaiyoor","500","100.00"
"Colombo","Ampara","Panamkadu","500","100.00"
"Colombo","Ampara","Periyamuhattuvaram","500","100.00"
"Colombo","Ampara","Sinnamuhattuvaram","500","100.00"
"Colombo","Ampara","Muhammathiyapuram","500","100.00"
"Colombo","Ampara","Aalamkulam","500","100.00"
"Colombo","Ampara","ADDALACHENAI","500","100.00"
"Colombo","Ampara","ADDAPALLAM","500","100.00"
"Colombo","Ampara","Arasady","500","100.00"
"Colombo","Ampara","Malkampiddy","500","100.00"
"Colombo","Ampara","Mavadipalli","500","100.00"
"Colombo","Ampara","Maligaikadu","500","100.00"
"Colombo","Ampara","Boliverian Village","500","100.00"
"Colombo","Ampara","Kalmunai Kudy","500","100.00"
"Colombo","Ampara","KalmunaiKudy","500","100.00"
"Colombo","Ampara","Natpiddimunai","500","100.00"
"Colombo","Ampara","Chenaikudiruppu","500","100.00"
"Colombo","Ampara","Pandiruppu","500","100.00"
"Colombo","Ampara","Thiravanthiyanmedu","500","100.00"
"Colombo","Ampara","Maruthamunai","500","100.00"
"Colombo","Ampara","Thuraineelavanai","500","100.00"
"Colombo","Ampara","Udanga","500","100.00"
"Colombo","Ampara","Veeramunai","500","100.00"
"Colombo","Ampara","kalmunei","500","100.00"
"Colombo","Ampara","Tirukkovil","500","100.00"
"Colombo","Ampara","Manatchenai","500","100.00"
"Colombo","Ampara","Neelavanai","500","100.00"
"Colombo","Ampara","Periyakallar","500","100.00"
"Colombo","Ampara","Natpiddimunai","500","100.00"
"Colombo","Ampara","Chenaikkudiyiruppu","500","100.00"
"Colombo","Ampara","Chavalakade","500","100.00"
"Colombo","Ampara","Sorikalmunai","500","100.00"
"Colombo","Ampara","Annamalai","500","100.00"
"Colombo","Ampara","Addappalam","500","100.00"
"Colombo","Ampara","Mavadippalli","500","100.00"
"Colombo","Ampara","Malwathai","500","100.00"
"Colombo","Ampara","Akkaraipattu","500","100.00"
"Colombo","Ampara","Pallikkudiyiruppu","500","100.00"
"Colombo","Ampara","Alim Nagar","500","100.00"
"Colombo","Ampara","Alayadivembu","500","100.00"
"Colombo","Ampara","panankadu","500","100.00"
"Colombo","Ampara","Aligambay","500","100.00"
"Colombo","Ampara","Kanchirankuda","500","100.00"
"Colombo","Ampara","Vinayagapuram","500","100.00"
"Colombo","Ampara","Thambiluvil","500","100.00"
"Colombo","Ampara","Thandiyadi","500","100.00"
"Colombo","Ampara","Sangaman Kandy","500","100.00"
"Colombo","Ampara","Urani","500","100.00"
"Colombo","Kurunegala","Ataragalla","500","100.00"
"Colombo","Kurunegala","Balalla","500","100.00"
"Colombo","Kurunegala","Digannewa","500","100.00"
"Colombo","Kurunegala","Divullegoda","500","100.00"
"Colombo","Kurunegala","Embogama","500","100.00"
"Colombo","Kurunegala","Gallewa","500","100.00"
"Colombo","Kurunegala","Karambe","500","100.00"
"Colombo","Kurunegala","Mahananneriya","500","100.00"
"Colombo","Kurunegala","Makulewa","500","100.00"
"Colombo","Kurunegala","Moragollagama","500","100.00"
"Colombo","Kurunegala","Nagollagama","500","100.00"
"Colombo","Kurunegala","Palukadawala","500","100.00"
"Colombo","Kurunegala","Polpitigama","500","100.00"
"Colombo","Kurunegala","Ridibendiella","500","100.00"
"Colombo","Kurunegala","Sirisetagama","500","100.00"
"Colombo","Kurunegala","Thalakolawewa","500","100.00"
"Colombo","Kurunegala","Ulpotha Pallekele","500","100.00"
"Colombo","Kurunegala","Wannikudawewa","500","100.00"
"Colombo","Kurunegala","Wannilhalagama","500","100.00"
"Colombo","Kurunegala","Wannirasnayakapura","500","100.00"
"Colombo","Kurunegala","Ehetuwewa","500","100.00"
"Colombo","Puttalam","Kotavehera","500","100.00"
"Colombo","Kurunegala","Maho","500","100.00"
"Colombo","Kurunegala","Polpithigama","500","100.00"
"Colombo","Kurunegala","Atharagalla","500","100.00"
"Colombo","Kurunegala","Galgamuwa","500","100.00"
"Colombo","Kurunegala","Nagollagama","500","100.00"
"Colombo","Kurunegala","Keththapahuwa Junction","500","100.00"
"Colombo","Kurunegala","Ambanpola","500","100.00"
"Colombo","Kurunegala","Dodangollegama","500","100.00"
"Colombo","Kurunegala","Buduruwakanda","500","100.00"
"Colombo","Anuradhapura","Mahawa","500","100.00"
"Colombo","Kurunegala","nanneriya","500","100.00"
"Colombo","Kurunegala","kasikote","500","100.00"
"Colombo","Kurunegala","madagalla","500","100.00"
"Colombo","Anuradhapura","iginimitiya","500","100.00"
"Colombo","Kurunegala","welawa","500","100.00"
"Colombo","Kurunegala","Sirisethagama","500","100.00"
"Colombo","Kurunegala","Ambanpola","500","100.00"
"Colombo","Kurunegala","Daladagama","500","100.00"
"Colombo","Kurunegala","Keththapahuwa","500","100.00"
"Colombo","Kurunegala","Mahawa","500","100.00"
"Colombo","Kurunegala","Maho","500","100.00"
"Colombo","Kurunegala","Randenigama","500","100.00"
"Colombo","Kurunegala","Ehetuwewa Road","500","100.00"
"Colombo","Kurunegala","Abakola Wewa","500","100.00"
"Colombo","Kurunegala","Yapahuwa","500","100.00"
"Colombo","Kurunegala","Karambe","500","100.00"
"Colombo","Kurunegala","Galtenwewa","500","100.00"
"Colombo","Kurunegala","Mahapitiya","500","100.00"
"Colombo","Kurunegala","Pothuwila","500","100.00"
"Colombo","Kurunegala","Konwewa","500","100.00"
"Colombo","Kurunegala","saliyagama juntion","500","100.00"
"Colombo","Kurunegala","Heelogama","500","100.00"
"Colombo","Kurunegala","Diullegoda","500","100.00"
"Colombo","Kurunegala","Diul Wewa","500","100.00"
"Colombo","Kurunegala","Inginimitiya","500","100.00"
"Colombo","Kurunegala","Digannewa","500","100.00"
"Colombo","Kurunegala","Meewallewa","500","100.00"
"Colombo","Kurunegala","Saliyagama","500","100.00"
"Colombo","Kurunegala","Thalawa","500","100.00"
"Colombo","Kurunegala","Siyabalangamuwa","500","100.00"
"Colombo","Kurunegala","Amunukole","500","100.00"
"Colombo","Kurunegala","Palukandewa","500","100.00"
"Colombo","Kurunegala","Mahananneriya","500","100.00"
"Colombo","Kurunegala","Ambanpola","500","100.00"
"Colombo","Kandy","Atabage","500","100.00"
"Colombo","Kandy","Gampola","500","100.00"
"Colombo","Kandy","Gelioya","500","100.00"
"Colombo","Kandy","Gonawalapatana","500","100.00"
"Colombo","Kandy","Hondiyadeniya","500","100.00"
"Colombo","Kandy","Ketakumbura","500","100.00"
"Colombo","Kandy","Leemagahakotuwa","500","100.00"
"Colombo","Kandy","Mapakanda","500","100.00"
"Colombo","Kandy","Meetalawa","500","100.00"
"Colombo","Kandy","Muruthagahamulla","500","100.00"
"Colombo","Kandy","Nugaliyadda","500","100.00"
"Colombo","Kandy","Panwilatenna","500","100.00"
"Colombo","Kandy","Paradeka","500","100.00"
"Colombo","Kandy","Pasbage","500","100.00"
"Colombo","Kandy","Pattitalawa","500","100.00"
"Colombo","Kandy","Pupuressa","500","100.00"
"Colombo","Kandy","Pussellawa","500","100.00"
"Colombo","Kandy","Udahentenna","500","100.00"
"Colombo","Kandy","Ulapane","500","100.00"
"Colombo","Kandy","Velamboda","500","100.00"
"Colombo","Kandy","Weligalla","500","100.00"
"Colombo","Nuwara Eliya","Ambagamuwa Udabulathgama","500","100.00"
"Colombo","Nuwara Eliya","Hapugastalawa","500","100.00"
"Colombo","Nuwara Eliya","Harangalagama","500","100.00"
"Colombo","Nuwara Eliya","Katukitula","500","100.00"
"Colombo","Nuwara Eliya","Ketaboola","500","100.00"
"Colombo","Nuwara Eliya","Kotmale","500","100.00"
"Colombo","Nuwara Eliya","Nawathispane","500","100.00"
"Colombo","Nuwara Eliya","Nayapana Janapadaya","500","100.00"
"Colombo","Nuwara Eliya","Ramboda","500","100.00"
"Colombo","Kegalle","Seaforth Colony","500","100.00"
"Colombo","Nuwara Eliya","Ambagamuwa","500","100.00"
"Colombo","Polonnaruwa","Doluwa","500","100.00"
"Colombo","Kandy","Ganga Ihala Korale","500","100.00"
"Colombo","Kandy","Pasbage Korale","500","100.00"
"Colombo","Kandy","Udapalatha","500","100.00"
"Colombo","Badulla","Udunuwara","500","100.00"
"Colombo","Kandy","Panwilathenna","500","100.00"
"Colombo","Kandy","Waththappola","500","100.00"
"Colombo","Nuwara Eliya","Ambathalawa","500","100.00"
"Colombo","Nuwara Eliya","Kothmale","500","100.00"
"Colombo","Kandy","Welamboda","500","100.00"
"Colombo","Kandy","Watadeniya","500","100.00"
"Colombo","Kandy","Ganhatha","500","100.00"
"Colombo","Kandy","Kurunduwaththa","500","100.00"
"Colombo","Kandy","Uduwella","500","100.00"
"Colombo","Kandy","Cholankanda","500","100.00"
"Colombo","Kandy","Nawakadadora","500","100.00"
"Colombo","Kandy","Delta Gamunupura","500","100.00"
"Colombo","Kandy","Daskara","500","100.00"
"Colombo","Kandy","Mahakanda","500","100.00"
"Colombo","Kandy","Wegiriya","500","100.00"
"Colombo","Kandy","Nayapana","500","100.00"
"Colombo","Kandy","Dunukeulla","500","100.00"
"Colombo","Kandy","New Peckoce Estate","500","100.00"
"Colombo","Kandy","Bamabaradeniya","500","100.00"
"Colombo","Kandy","Koshinna","500","100.00"
"Colombo","Nuwara Eliya","Thispane","500","100.00"
"Colombo","Kandy","Mawathura","500","100.00"
"Colombo","Kandy","Waligalla","500","100.00"
"Colombo","Kandy","manikbowa","500","100.00"
"Colombo","Nuwara Eliya","Katukithula","500","100.00"
"Colombo","Kandy","NARANGWITA","500","100.00"
"Colombo","Kandy","Gampolawatta","500","100.00"
"Colombo","Kandy","KAWDUPITIYA","500","100.00"
"Colombo","Kandy","INGURUWATTA","500","100.00"
"Colombo","Kandy","RAJATHALAWA","500","100.00"
"Colombo","Kandy","STOR-FEIALD","500","100.00"
"Colombo","Kandy","ANGAMMANA","500","100.00"
"Colombo","Kandy","DELPITIYA","500","100.00"
"Colombo","Kandy","Wahugupitiya","500","100.00"
"Colombo","Kandy","DORAGALA","500","100.00"
"Colombo","Kandy","DELTAGEMUNUPURA","500","100.00"
"Colombo","Kandy","Delta Gemunupura","500","100.00"
"Colombo","Kandy","KOTHMALGAMA","500","100.00"
"Colombo","Kandy","HELASIRIGAMA","500","100.00"
"Colombo","Kandy","MAWELA","500","100.00"
"Colombo","Kandy","WATAKEDENIYA","500","100.00"
"Colombo","Kandy","DOLASBAGE","500","100.00"
"Colombo","Kandy","Pathithalawa","500","100.00"
"Colombo","Kandy","GALPAYA","500","100.00"
"Colombo","Kandy","MEETHALAWA-","500","100.00"
"Colombo","Kandy","MEETHALAWA","500","100.00"
"Colombo","Kandy","UDAHENTHENNA","500","100.00"
"Colombo","Kandy","IMBOLPITIYA","500","100.00"
"Colombo","Kandy","Ethgala","500","100.00"
"Colombo","Kandy","Pallegama","500","100.00"
"Colombo","Kandy","Maswela","500","100.00"
"Colombo","Kandy","MORAGOLLA","500","100.00"
"Colombo","Nuwara Eliya","Thawalanthenna","500","100.00"
"Colombo","Kandy","Warakawa","500","100.00"
"Colombo","Kandy","Soysakale","500","100.00"
"Colombo","Nuwara Eliya","Delunthalamada","500","100.00"
"Colombo","Nuwara Eliya","Galboda","500","100.00"
"Colombo","Nuwara Eliya","Udabulathgama","500","100.00"
"Colombo","Nuwara Eliya","agaraoya","500","100.00"
"Colombo","Nuwara Eliya","ketaboolawa","500","100.00"
"Colombo","Kandy","Gampola city","500","100.00"
"Colombo","Kandy","Illawathura","500","100.00"
"Colombo","Kandy","kandy road gampola","500","100.00"
"Colombo","Kandy","kadugannawa road gampola","500","100.00"
"Colombo","Kandy","Keerapane","500","100.00"
"Colombo","Kandy","Hapugaspitiya","500","100.00"
"Colombo","Kandy","Weeguluwaththa","500","100.00"
"Colombo","Kandy","nawalapitiya road gampola","500","100.00"
"Colombo","Kandy","Kudamake","500","100.00"
"Colombo","Kandy","Mariyawaththa","500","100.00"
"Colombo","Kandy","Wallahagoda","500","100.00"
"Colombo","Kandy","Halagama","500","100.00"
"Colombo","Kandy","Jayamalapura","500","100.00"
"Colombo","Kandy","New Peacock Tea Estate","500","100.00"
"Colombo","Kandy","Kahatapitiya","500","100.00"
"Colombo","Kandy","Bothalapitiya","500","100.00"
"Colombo","Kandy","Galgediyawa","500","100.00"
"Colombo","Kandy","Hinnarandeniya","500","100.00"
"Colombo","Kandy","Uda Aludeniya","500","100.00"
"Colombo","Kandy","Giragama","500","100.00"
"Colombo","Kandy","Thalawathura","500","100.00"
"Colombo","Kandy","Polgahanga","500","100.00"
"Colombo","Kandy","Pitawalawaththa","500","100.00"
"Colombo","Kandy","Gurudeniya","500","100.00"
"Colombo","Kandy","Kotakedeniya","500","100.00"
"Colombo","Kandy","Muruthagahamula","500","100.00"
"Colombo","Kandy","Buwelikada","500","100.00"
"Colombo","Kandy","Kamburadeniya","500","100.00"
"Colombo","Kandy","Kamburadeniya","500","100.00"
"Colombo","Kandy","Karamada","500","100.00"
"Colombo","Kandy","nuwaraeliya road gampola","500","100.00"
"Colombo","Kandy","Ihalawela","500","100.00"
"Colombo","Kandy","Naranwita","500","100.00"
"Colombo","Kandy","Doluwa","500","100.00"
"Colombo","Kandy","Godawela","500","100.00"
"Colombo","Kandy","Gurukele","500","100.00"
"Colombo","Kandy","Masgolla","500","100.00"
"Colombo","Kandy","Panvilathenna","500","100.00"
"Colombo","Kandy","Samarakoon Hena","500","100.00"
"Colombo","Kandy","Dalpitiya","500","100.00"
"Colombo","Kandy","Galatha","500","100.00"
"Colombo","Kandy","Storefield","500","100.00"
"Colombo","Kandy","Paradeka","500","100.00"
"Colombo","Kandy","Wahugapitiya","500","100.00"
"Colombo","Kandy","Sogama Estate","500","100.00"
"Colombo","Kandy","Kadadora","500","100.00"
"Colombo","Kandy","Katukithula","500","100.00"
"Colombo","Kandy","Helboda Ella","500","100.00"
"Colombo","Kandy","Thawalanthenna","500","100.00"
"Colombo","Kandy","Kotmale","500","100.00"
"Colombo","Kandy","Ramboda","500","100.00"
"Colombo","Kandy","Bluefield state","500","100.00"
"Colombo","Kandy","Nagasthenna","500","100.00"
"Colombo","Kandy","Hunugaloya","500","100.00"
"Colombo","Kandy","Sinhapitiya","500","100.00"
"Colombo","Kandy","Karagala","500","100.00"
"Colombo","Kandy","Thelihunna","500","100.00"
"Colombo","Kandy","Giraulla","500","100.00"
"Colombo","Kandy","Wetakedeniya","500","100.00"
"Colombo","Kandy","Berawila","500","100.00"
"Colombo","Kandy","Patithalawa","500","100.00"
"Colombo","Kandy","Asupini Ella","500","100.00"
"Colombo","Kandy","Unambuwa","500","100.00"
"Colombo","Kandy","Bowala","500","100.00"
"Colombo","Kandy","Bambaragahaela","500","100.00"
"Colombo","Kandy","Rekawalpola","500","100.00"
"Colombo","Kandy","Kooradeniya","500","100.00"
"Colombo","Kandy","Haloya","500","100.00"
"Colombo","Nuwara Eliya","Agarapathana","500","100.00"
"Colombo","Nuwara Eliya","Bogawantalawa","500","100.00"
"Colombo","Nuwara Eliya","Bopattalawa","500","100.00"
"Colombo","Nuwara Eliya","Dagampitiya","500","100.00"
"Colombo","Nuwara Eliya","Dayagama Bazaar","500","100.00"
"Colombo","Nuwara Eliya","Dikoya","500","100.00"
"Colombo","Nuwara Eliya","Dunukedeniya","500","100.00"
"Colombo","Nuwara Eliya","Ginigathena","500","100.00"
"Colombo","Nuwara Eliya","Hangarapitiya","500","100.00"
"Colombo","Nuwara Eliya","Hedunuwewa","500","100.00"
"Colombo","Nuwara Eliya","Hitigegama","500","100.00"
"Colombo","Nuwara Eliya","Kelanigama","500","100.00"
"Colombo","Nuwara Eliya","Kotagala","500","100.00"
"Colombo","Nuwara Eliya","Kottellena","500","100.00"
"Colombo","Nuwara Eliya","Laxapana","500","100.00"
"Colombo","Nuwara Eliya","Lindula","500","100.00"
"Colombo","Nuwara Eliya","Maldeniya","500","100.00"
"Colombo","Nuwara Eliya","Maskeliya","500","100.00"
"Colombo","Nuwara Eliya","Morahenagama","500","100.00"
"Colombo","Nuwara Eliya","Nissanka Uyana","500","100.00"
"Colombo","Nuwara Eliya","Norwood","500","100.00"
"Colombo","Nuwara Eliya","Pundaluoya","500","100.00"
"Colombo","Nuwara Eliya","Rozella","500","100.00"
"Colombo","Nuwara Eliya","Talawakele","500","100.00"
"Colombo","Nuwara Eliya","Widulipura","500","100.00"
"Colombo","Nuwara Eliya","Wijebahukanda","500","100.00"
"Colombo","Nuwara Eliya","Hatton","500","100.00"
"Colombo","Nuwara Eliya","Bogawanthalawa","500","100.00"
"Colombo","Nuwara Eliya","Bopaththalawa","500","100.00"
"Colombo","Nuwara Eliya","Pathana","500","100.00"
"Colombo","Nuwara Eliya","Thalawakele","500","100.00"
"Colombo","Nuwara Eliya","Bogawanthalwa","500","100.00"
"Colombo","Matale","Watagoda","500","100.00"
"Colombo","Nuwara Eliya","Norton","500","100.00"
"Colombo","Nuwara Eliya","Rawanagoda","500","100.00"
"Colombo","Nuwara Eliya","Nallathanniya","500","100.00"
"Colombo","Nuwara Eliya","Dehigasthenna","500","100.00"
"Colombo","Nuwara Eliya","Kalapitiya","500","100.00"
"Colombo","Nuwara Eliya","Dayagama","500","100.00"
"Colombo","Nuwara Eliya","patana","500","100.00"
"Colombo","Nuwara Eliya","kotagale","500","100.00"
"Colombo","Nuwara Eliya","Ruwanpura","500","100.00"
"Colombo","Nuwara Eliya","champion","500","100.00"
"Colombo","Nuwara Eliya","petrasol town","500","100.00"
"Colombo","Nuwara Eliya","puliyawatta","500","100.00"
"Colombo","Nuwara Eliya","upcot","500","100.00"
"Colombo","Ratnapura","Watawala","500","100.00"
"Colombo","Nuwara Eliya","Agarapatana","500","100.00"
"Colombo","Nuwara Eliya","Ginigathhena","500","100.00"
"Colombo","Nuwara Eliya","Watawala","500","100.00"
"Colombo","Nuwara Eliya","Dimbula","500","100.00"
"Colombo","Nuwara Eliya","Malliappuwa","500","100.00"
"Colombo","Nuwara Eliya","Hatton town","500","100.00"
"Colombo","Nuwara Eliya","Diyagama West","500","100.00"
"Colombo","Nuwara Eliya","Dayagama West","500","100.00"
"Colombo","Nuwara Eliya","Nagasena","500","100.00"
"Colombo","Nuwara Eliya","Raniwatta","500","100.00"
"Colombo","Nuwara Eliya","Devon Palace","500","100.00"
"Colombo","Nuwara Eliya","Holyrood Estate","500","100.00"
"Colombo","Nuwara Eliya","Watagoda","500","100.00"
"Colombo","Nuwara Eliya","Kumbaloluwa","500","100.00"
"Colombo","Nuwara Eliya","Madakumbura","500","100.00"
"Colombo","Nuwara Eliya","Halpola","500","100.00"
"Colombo","Nuwara Eliya","Pundaluoya","500","100.00"
"Colombo","Nuwara Eliya","Halgolla","500","100.00"
"Colombo","Nuwara Eliya","Kehelgamu Oya","500","100.00"
"Colombo","Nuwara Eliya","galboda","500","100.00"
"Colombo","Nuwara Eliya","Galboda","500","100.00"
"Colombo","Nuwara Eliya","Kiriwan Eliya","500","100.00"
"Colombo","Nuwara Eliya","Bogawana","500","100.00"
"Colombo","Nuwara Eliya","Norton Bridge","500","100.00"
"Colombo","Nuwara Eliya","Laxapana","500","100.00"
"Colombo","Nuwara Eliya","Dickoya","500","100.00"
"Colombo","Nuwara Eliya","Fetteresso Estate","500","100.00"
"Colombo","Nuwara Eliya","Campion Estate","500","100.00"
"Colombo","Nuwara Eliya","Kotiyagala Estate","500","100.00"
"Colombo","Nuwara Eliya","Bogawantalawa","500","100.00"
"Colombo","Nuwara Eliya","Nallathanni","500","100.00"
"Colombo","Nuwara Eliya","Gartmore","500","100.00"
"Colombo","Nuwara Eliya","Maussakelle","500","100.00"
"Colombo","Nuwara Eliya","Maskeliya","500","100.00"
"Colombo","Nuwara Eliya","Maskeliya town","500","100.00"
"Colombo","Nuwara Eliya","Ambatalawa","500","100.00"
"Colombo","Nuwara Eliya","Gonakele","500","100.00"
"Colombo","Nuwara Eliya","Haggala","500","100.00"
"Colombo","Nuwara Eliya","Halgranoya","500","100.00"
"Colombo","Nuwara Eliya","Kandapola","500","100.00"
"Colombo","Nuwara Eliya","Kumbukwela","500","100.00"
"Colombo","Nuwara Eliya","Kurupanawela","500","100.00"
"Colombo","Nuwara Eliya","Labukele","500","100.00"
"Colombo","Nuwara Eliya","Mipanawa","500","100.00"
"Colombo","Nuwara Eliya","Mipilimana","500","100.00"
"Colombo","Nuwara Eliya","Nanuoya","500","100.00"
"Colombo","Nuwara Eliya","Rupaha","500","100.00"
"Colombo","Nuwara Eliya","Ruwaneliya","500","100.00"
"Colombo","Nuwara Eliya","Santhipura","500","100.00"
"Colombo","Nuwara Eliya","Teripeha","500","100.00"
"Colombo","Nuwara Eliya","Udapussallawa","500","100.00"
"Colombo","Badulla","Dimbulana","500","100.00"
"Colombo","Badulla","Hangunnawa","500","100.00"
"Colombo","Badulla","Medawela Udukinda","500","100.00"
"Colombo","Badulla","Perawella","500","100.00"
"Colombo","Badulla","Yalagamuwa","500","100.00"
"Colombo","Nuwara Eliya","Nuwara Eliya","500","100.00"
"Colombo","Nuwara Eliya","Katumana","500","100.00"
"Colombo","Nuwara Eliya","Kalaganwaththa","500","100.00"
"Colombo","Nuwara Eliya","Seetha Eliya","500","100.00"
"Colombo","Nuwara Eliya","Hawa-Eliya","500","100.00"
"Colombo","Nuwara Eliya","Black pool","500","100.00"
"Colombo","Nuwara Eliya","High Forest","500","100.00"
"Colombo","Nuwara Eliya","Yatimadura","500","100.00"
"Colombo","Nuwara Eliya","Arukwaththa","500","100.00"
"Colombo","Nuwara Eliya","Wadawala","500","100.00"
"Colombo","Nuwara Eliya","Galuke","500","100.00"
"Colombo","Nuwara Eliya","Pinnaketiya","500","100.00"
"Colombo","Nuwara Eliya","Kotamba","500","100.00"
"Colombo","Nuwara Eliya","Galketiwela","500","100.00"
"Colombo","Nuwara Eliya","Bulugolla","500","100.00"
"Colombo","Nuwara Eliya","Manakola","500","100.00"
"Colombo","Nuwara Eliya","Alakolawewa","500","100.00"
"Colombo","Nuwara Eliya","Landupita","500","100.00"
"Colombo","Badulla","Boragasketiya","500","100.00"
"Colombo","Badulla","Ambagahawaththa","500","100.00"
"Colombo","Nuwara Eliya","Halgaranoya","500","100.00"
"Colombo","Nuwara Eliya","nuwaraeliya","500","100.00"
"Colombo","Nuwara Eliya","Meepilimana","500","100.00"
"Colombo","Nuwara Eliya","BLACKPOOL","500","100.00"
"Colombo","Nuwara Eliya","MOONPLAINS","500","100.00"
"Colombo","Nuwara Eliya","KANDELA","500","100.00"
"Colombo","Nuwara Eliya","AMBEWELA","500","100.00"
"Colombo","Nuwara Eliya","PATTIPOLA","500","100.00"
"Colombo","Nuwara Eliya","KELEGALA","500","100.00"
"Colombo","Nuwara Eliya","BORAGASPITIYA","500","100.00"
"Colombo","Nuwara Eliya","Seethaeliya","500","100.00"
"Colombo","Nuwara Eliya","Shanthipura","500","100.00"
"Colombo","Nuwara Eliya","Bambaragahaela","500","100.00"
"Colombo","Nuwara Eliya","Niyangandora","500","100.00"
"Colombo","Nuwara Eliya","MAHAKUDAOYA","500","100.00"
"Colombo","Nuwara Eliya","HIGH-FOREST","500","100.00"
"Colombo","Nuwara Eliya","LOVER'S LEAP","500","100.00"
"Colombo","Nuwara Eliya","PERAKUMBURA","500","100.00"
"Colombo","Nuwara Eliya","Kotambe","500","100.00"
"Colombo","Nuwara Eliya","Radella","500","100.00"
"Colombo","Nuwara Eliya","Boragas","500","100.00"
"Colombo","Nuwara Eliya","Hawa Eliya","500","100.00"
"Colombo","Nuwara Eliya","Kalagamwatta","500","100.00"
"Colombo","Nuwara Eliya","Kalagamwaththa","500","100.00"
"Colombo","Nuwara Eliya","Sadathenna","500","100.00"
"Colombo","Nuwara Eliya","Hakgala","500","100.00"
"Colombo","Nuwara Eliya","Bambarakelle","500","100.00"
"Colombo","Nuwara Eliya","Halgran Oya","500","100.00"
"Colombo","Nuwara Eliya","Labookelle","500","100.00"
"Colombo","Nuwara Eliya","Magasthota","500","100.00"
"Colombo","Nuwara Eliya","Watagoda Hanspattuwa","500","100.00"
"Colombo","Nuwara Eliya","Nuwaraeliya town","500","100.00"
"Colombo","Nuwara Eliya","Palena","500","100.00"
"Colombo","Badulla","Hawanakumbura","500","100.00"
"Colombo","Badulla","Gadunna","500","100.00"
"Colombo","Nuwara Eliya","Kalukele","500","100.00"
"Colombo","Nuwara Eliya","Seetha Eliya","500","100.00"
"Colombo","Nuwara Eliya","Rendapola","500","100.00"
"Colombo","Nuwara Eliya","Galahagama","500","100.00"
"Colombo","Nuwara Eliya","Padinawela","500","100.00"
"Colombo","Nuwara Eliya","Toppass","500","100.00"
"Colombo","Nuwara Eliya","Kalapura","500","100.00"
"Colombo","Nuwara Eliya","Kikiliyamana","500","100.00"
"Colombo","Nuwara Eliya","Kondagala","500","100.00"
"Colombo","Nuwara Eliya","Wedamulla","500","100.00"
"Colombo","Nuwara Eliya","Palagolla","500","100.00"
"Colombo","Nuwara Eliya","Nuwara-Eliya City","500","100.00"
"Colombo","Nuwara Eliya","Bangalahatha","500","100.00"
"Colombo","Nuwara Eliya","Bangalahatha","500","100.00"
"Colombo","Nuwara Eliya","Upper Radella","500","100.00"
"Colombo","Nuwara Eliya","Perakumpura","500","100.00"
"Colombo","Nuwara Eliya","BAMBARAKELE","500","100.00"
"Colombo","Nuwara Eliya","Hawaeliya","500","100.00"
"Colombo","Nuwara Eliya","Binganthalawa","500","100.00"
"Colombo","Nuwara Eliya","Mahakudagala","500","100.00"
"Colombo","Nuwara Eliya","Palalpathana","500","100.00"
"Colombo","Nuwara Eliya","HERATHPURA","500","100.00"
"Colombo","Nuwara Eliya","Halgranoya","500","100.00"
"Colombo","Nuwara Eliya","Sooriyagahapatana","500","100.00"
"Colombo","Nuwara Eliya","Meepanawa","500","100.00"
"Colombo","Nuwara Eliya","Kumbukwela","500","100.00"
"Colombo","Nuwara Eliya","Nelugaha","500","100.00"
"Colombo","Kalutara","Thiniyawala","500","100.00"
"Colombo","Galle","Halvitigala Colony","500","100.00"
"Colombo","Galle","Hiniduma","500","100.00"
"Colombo","Galle","Malgalla Talangalla","500","100.00"
"Colombo","Galle","Panangala","500","100.00"
"Colombo","Galle","Pannimulla Panagoda","500","100.00"
"Colombo","Galle","Tawalama","500","100.00"
"Colombo","Matara","Alapaladeniya","500","100.00"
"Colombo","Matara","Dellawa","500","100.00"
"Colombo","Matara","Derangala","500","100.00"
"Colombo","Matara","Kalubowitiyana","500","100.00"
"Colombo","Matara","Maliduwa","500","100.00"
"Colombo","Matara","Urumutta","500","100.00"
"Colombo","Galle","Neluwa","500","100.00"
"Colombo","Galle","Thawalama","500","100.00"
"Colombo","Kalutara","lhala hewessa","500","100.00"
"Colombo","Galle","Malgalla Thalangalla","500","100.00"
"Colombo","Galle","Kalubovitiyana","500","100.00"
"Colombo","Galle","kadihingala","500","100.00"
"Colombo","Galle","Batuwangala","500","100.00"
"Colombo","Galle","Danagala","500","100.00"
"Colombo","Galle","Weerapana","500","100.00"
"Colombo","Galle","Mavita","500","100.00"
"Colombo","Galle","kosmulla","500","100.00"
"Colombo","Galle","Warukandeniya","500","100.00"
"Colombo","Galle","Lankagama","500","100.00"
"Colombo","Galle","Mandalapura","500","100.00"
"Colombo","Kalutara","Yattapatha","500","100.00"
"Colombo","Galle","Batahena","500","100.00"
"Colombo","Galle","Diyadola","500","100.00"
"Colombo","Galle","katukenda","500","100.00"
"Colombo","Matara","Pitabeddara","500","100.00"
"Colombo","Matara","Hulandawa","500","100.00"
"Colombo","Matara","Urumuththa","500","100.00"
"Colombo","Galle","Opatha Banagala","500","100.00"
"Colombo","Galle","Opatha","500","100.00"
"Colombo","Galle","Udugama","500","100.00"
"Colombo","Galle","Ukovita","500","100.00"
"Colombo","Galle","Gonadeniya","500","100.00"
"Colombo","Galle","Panangala east","500","100.00"
"Colombo","Galle","Udugama South","500","100.00"
"Colombo","Matara","Edandukitha","500","100.00"
"Colombo","Matara","Lenama","500","100.00"
"Colombo","Galle","Neluwa","500","100.00"
"Colombo","Galle","Neluwa town","500","100.00"
"Colombo","Galle","Lelwala","500","100.00"
"Colombo","Galle","Magahena","500","100.00"
"Colombo","Galle","Dellawa","500","100.00"
"Colombo","Galle","Miyanawathura","500","100.00"
"Colombo","Galle","Kadihingala","500","100.00"
"Colombo","Galle","Pannimulla","500","100.00"
"Colombo","Galle","Happitiya","500","100.00"
"Colombo","Galle","Batuwangala","500","100.00"
"Colombo","Galle","Danawala","500","100.00"
"Colombo","Galle","Thiniyawala","500","100.00"
"Colombo","Galle","Mawanana","500","100.00"
"Colombo","Galle","Thalangalla","500","100.00"
"Colombo","Galle","Banagala","500","100.00"
"Colombo","Galle","Lankagama","500","100.00"
"Colombo","Galle","Dammala","500","100.00"
"Colombo","Galle","Malgalla","500","100.00"
"Colombo","Galle","Madugeta","500","100.00"
"Colombo","Galle","Warukandeniya","500","100.00"
"Colombo","Galle","Pitadeniya","500","100.00"
"Colombo","Galle","Ihala Hewessa","500","100.00"
"Colombo","Galle","Ketagoda","500","100.00"
"Colombo","Galle","PANANGALA","500","100.00"
"Colombo","Galle","Kanneliya","500","100.00"
"Colombo","Galle","Gallandala","500","100.00"
"Colombo","Galle","Bangama","500","100.00"
"Colombo","Galle","Dangala","500","100.00"
"Colombo","Galle","Derangala","500","100.00"
"Colombo","Galle","Pitabeddara","500","100.00"
"Colombo","Galle","Hulandawa","500","100.00"
"Colombo","Galle","Lenama","500","100.00"
"Colombo","Galle","Dediyagala","500","100.00"
"Colombo","Galle","Bangama","500","100.00"
"Colombo","Galle","Ketanvila","500","100.00"
"Colombo","Galle","Maliduwa","500","100.00"
"Colombo","Galle","Diyalape","500","100.00"
"Colombo","Galle","Urumuththa","500","100.00"
"Colombo","Galle","Diyadawa","500","100.00"
"Colombo","Galle","Kandadola","500","100.00"
"Colombo","Galle","Elamaldeniya","500","100.00"
"Colombo","Galle","Banagala","500","100.00"
"Colombo","Matara","Diyalape","500","100.00"
"Colombo","Matara","Kiriweldola","500","100.00"
"Colombo","Matara","Kiriwelkele","500","100.00"
"Colombo","Matara","Mediripitiya","500","100.00"
"Colombo","Matara","Pahala Millawa","500","100.00"
"Colombo","Matara","Siyambalagoda","500","100.00"
"Colombo","Matara","Viharahena","500","100.00"
"Colombo","Matara","Gomila mawarala","500","100.00"
"Colombo","Matara","Kodikaragoda","500","100.00"
"Colombo","Matara","Mederipitiya","500","100.00"
"Colombo","Matara","kirilipana","500","100.00"
"Colombo","Matara","kirilapana","500","100.00"
"Colombo","Hambantota","Beralapenathara","500","100.00"
"Colombo","Hambantota","Urubokka","500","100.00"
"Colombo","Matara","waralla","500","100.00"
"Colombo","Matara","kotapola","500","100.00"
"Colombo","Matara","deniyaya","500","100.00"
"Colombo","Matara","Panilkanda","500","100.00"
"Colombo","Matara","ulindawawa","500","100.00"
"Colombo","Matara","morawaka","500","100.00"
"Colombo","Matara","kolawenigama","500","100.00"
"Colombo","Matara","beralapanathara","500","100.00"
"Colombo","Matara","urubokka","500","100.00"
"Colombo","Matara","pasgoda","500","100.00"
"Colombo","Matara","mulatiyana","500","100.00"
"Colombo","Matara","mawarala","500","100.00"
"Colombo","Matara","heiswatta","500","100.00"
"Colombo","Matara","buthkanda","500","100.00"
"Colombo","Matara","aliwadiya","500","100.00"
"Colombo","Matara","rotumba","500","100.00"
"Colombo","Matara","paragala","500","100.00"
"Colombo","Matara","ehelkanda polpitiya","500","100.00"
"Colombo","Matara","bengamuwa","500","100.00"
"Colombo","Matara","dampahala","500","100.00"
"Colombo","Matara","kekundeniya","500","100.00"
"Colombo","Matara","pattigala","500","100.00"
"Colombo","Matara","udanapura","500","100.00"
"Colombo","Matara","kosmodara","500","100.00"
"Colombo","Matara","mologgamuwa","500","100.00"
"Colombo","Matara","poddeniya","500","100.00"
"Colombo","Matara","hulankanda","500","100.00"
"Colombo","Matara","bodeniya","500","100.00"
"Colombo","Matara","diyaduwa","500","100.00"
"Colombo","Matara","Molokgamuwa","500","100.00"
"Colombo","Matara","Ehalakanda","500","100.00"
"Colombo","Matara","Panakaduwa","500","100.00"
"Colombo","Matara","Urawa","500","100.00"
"Colombo","Matara","Napaath ella","500","100.00"
"Colombo","Matara","Adaluwa","500","100.00"
"Colombo","Matara","Kolawenigma","500","100.00"
"Colombo","Matara","Dehigaspa","500","100.00"
"Colombo","Matara","Diyadawa","500","100.00"
"Colombo","Matara","Deniyaya Town","500","100.00"
"Colombo","Matara","Yatulla","500","100.00"
"Colombo","Matara","Thalapalakanda","500","100.00"
"Colombo","Matara","Ullinduwawa","500","100.00"
"Colombo","Matara","KIRIWELDOLA","500","100.00"
"Colombo","Matara","Batayaya","500","100.00"
"Colombo","Matara","Andaradeniya","500","100.00"
"Colombo","Matara","Enasalwaththa","500","100.00"
"Colombo","Matara","Bewaraliya","500","100.00"
"Colombo","Matara","Morawaka","500","100.00"
"Colombo","Matara","Morawaka town","500","100.00"
"Colombo","Matara","Hingurupanagala","500","100.00"
"Colombo","Matara","Porupitiya","500","100.00"
"Colombo","Matara","Weliwa","500","100.00"
"Colombo","Matara","Kosnilgoda","500","100.00"
"Colombo","Matara","Moragala Kirillapone","500","100.00"
"Colombo","Matara","Kakundeniya","500","100.00"
"Colombo","Matara","Ginnaliya","500","100.00"
"Colombo","Matara","Kiripitiya","500","100.00"
"Colombo","Matara","Kiripitiya Poddana","500","100.00"
"Colombo","Matara","Makiliyathenna","500","100.00"
"Colombo","Matara","Alupothdeniya","500","100.00"
"Colombo","Matara","Rotumba","500","100.00"
"Colombo","Matara","Gombaddala","500","100.00"
"Colombo","Matara","Dabogala","500","100.00"
"Colombo","Ampara","Namaloya","500","100.00"
"Colombo","Polonnaruwa","Aralaganwila","500","100.00"
"Colombo","Polonnaruwa","Damminna","500","100.00"
"Colombo","Polonnaruwa","Dewagala","500","100.00"
"Colombo","Polonnaruwa","Nuwaragala","500","100.00"
"Colombo","Polonnaruwa","Pimburattewa","500","100.00"
"Colombo","Badulla","Dehiattakandiya","500","100.00"
"Colombo","Polonnaruwa","Dimbulagala","500","100.00"
"Colombo","Polonnaruwa","Aralaganwila-Mahawanawela","500","100.00"
"Colombo","Polonnaruwa","Bandanagala","500","100.00"
"Colombo","Polonnaruwa","Dalukana","500","100.00"
"Colombo","Polonnaruwa","Damanewewa","500","100.00"
"Colombo","Polonnaruwa","Ellewewa","500","100.00"
"Colombo","Polonnaruwa","Galthalawa","500","100.00"
"Colombo","Polonnaruwa","Kalukele","500","100.00"
"Colombo","Polonnaruwa","Mahadamana","500","100.00"
"Colombo","Polonnaruwa","Maithrigama","500","100.00"
"Colombo","Polonnaruwa","Medagama Dewagala","500","100.00"
"Colombo","Polonnaruwa","Namalgama","500","100.00"
"Colombo","Polonnaruwa","Paragaswewa","500","100.00"
"Colombo","Polonnaruwa","Pimburaththewa","500","100.00"
"Colombo","Polonnaruwa","Rathmalkandiya","500","100.00"
"Colombo","Polonnaruwa","Rathmalkandura","500","100.00"
"Colombo","Polonnaruwa","Weheragala","500","100.00"
"Colombo","Polonnaruwa","Yakkure","500","100.00"
"Colombo","Badulla","Dehiaththakandiya","500","100.00"
"Colombo","Ampara","Dehiaththakaandiya","500","100.00"
"Colombo","Polonnaruwa","Aluth Oya","500","100.00"
"Colombo","Ampara","Sandunpura","500","100.00"
"Colombo","Ampara","Diyawiddagama","500","100.00"
"Colombo","Ampara","WARAPITIYA","500","100.00"
"Colombo","Ampara","Ruhunugama","500","100.00"
"Colombo","Badulla","Henanigala","500","100.00"
"Colombo","Badulla","Mawanagama","500","100.00"
"Colombo","Badulla","LAKPADURA","500","100.00"
"Colombo","Badulla","Damunnaruva","500","100.00"
"Colombo","Badulla","uththalapura","500","100.00"
"Colombo","Badulla","Webadagama","500","100.00"
"Colombo","Badulla","Salpila Gama","500","100.00"
"Colombo","Badulla","Nagaswewa","500","100.00"
"Colombo","Badulla","muvagammana","500","100.00"
"Colombo","Badulla","Bakmeedeniya","500","100.00"
"Colombo","Badulla","Ranhelagama","500","100.00"
"Colombo","Badulla","Hungamalagama","500","100.00"
"Colombo","Badulla","MUDUNKADAWALA","500","100.00"
"Colombo","Badulla","pallegama","500","100.00"
"Colombo","Badulla","Dolakanda","500","100.00"
"Colombo","Badulla","Kadirapura","500","100.00"
"Colombo","Badulla","Kudagala","500","100.00"
"Colombo","Badulla","Samanalathanna","500","100.00"
"Colombo","Badulla","Bihirisorouwa","500","100.00"
"Colombo","Badulla","Muwapetigewela","500","100.00"
"Colombo","Badulla","Nikavathalanda","500","100.00"
"Colombo","Badulla","Sandagalathenna","500","100.00"
"Colombo","Badulla","Serupitiya","500","100.00"
"Colombo","Polonnaruwa","Aralaganwila town","500","100.00"
"Colombo","Polonnaruwa","Maduru Oya","500","100.00"
"Colombo","Polonnaruwa","Kekuluwela","500","100.00"
"Colombo","Polonnaruwa","Siripura","500","100.00"
"Colombo","Badulla","Nagasthalawa","500","100.00"
"Colombo","Badulla","Wijayapura","500","100.00"
"Colombo","Badulla","Thuwaragala","500","100.00"
"Colombo","Badulla","Mahawanawela","500","100.00"
"Colombo","Badulla","Weralanda","500","100.00"
"Colombo","Badulla","Kajuwaththa","500","100.00"
"Colombo","Badulla","Gal Eliya","500","100.00"
"Colombo","Polonnaruwa","arunapura","500","100.00"
"Colombo","Polonnaruwa","Meewathpura","500","100.00"
"Colombo","Ampara","Lihiniyagama","500","100.00"
"Colombo","Anuradhapura","Angamuwa","500","100.00"
"Colombo","Anuradhapura","Awukana","500","100.00"
"Colombo","Anuradhapura","Eppawala","500","100.00"
"Colombo","Anuradhapura","Galadivulwewa","500","100.00"
"Colombo","Anuradhapura","Horiwila","500","100.00"
"Colombo","Anuradhapura","Hurigaswewa","500","100.00"
"Colombo","Anuradhapura","Kagama","500","100.00"
"Colombo","Anuradhapura","Kalakarambewa","500","100.00"
"Colombo","Anuradhapura","Kalankuttiya","500","100.00"
"Colombo","Anuradhapura","Kalaoya","500","100.00"
"Colombo","Anuradhapura","Kiralogama","500","100.00"
"Colombo","Anuradhapura","lhala Halmillewa","500","100.00"
"Colombo","Anuradhapura","lpologama","500","100.00"
"Colombo","Anuradhapura","Mahailluppallama","500","100.00"
"Colombo","Anuradhapura","Malwanagama","500","100.00"
"Colombo","Anuradhapura","Negampaha","500","100.00"
"Colombo","Anuradhapura","Pahala Halmillewa","500","100.00"
"Colombo","Anuradhapura","Pahala Maragahawe","500","100.00"
"Colombo","Anuradhapura","Talawa","500","100.00"
"Colombo","Anuradhapura","Tambuttegama","500","100.00"
"Colombo","Anuradhapura","Telhiriyawa","500","100.00"
"Colombo","Kurunegala","Kudakatnoruwa","500","100.00"
"Colombo","Kurunegala","Meegalawa","500","100.00"
"Colombo","Kurunegala","Pahalagiribawa","500","100.00"
"Colombo","Kurunegala","Saliya Asokapura","500","100.00"
"Colombo","Kurunegala","Tambutta","500","100.00"
"Colombo","Kurunegala","Usgala Siyabmalangamuwa","500","100.00"
"Colombo","Puttalam","Saliyawewa Junction","500","100.00"
"Colombo","Anuradhapura","Nochchiyagama","500","100.00"
"Colombo","Anuradhapura","Thalawa","500","100.00"
"Colombo","Anuradhapura","Thambuttegama","500","100.00"
"Colombo","Anuradhapura","Galnewa","500","100.00"
"Colombo","Anuradhapura","Senapura","500","100.00"
"Colombo","Anuradhapura","Siyambalewa","500","100.00"
"Colombo","Anuradhapura","Thambuththegama","500","100.00"
"Colombo","Anuradhapura","Thelhiriyawa","500","100.00"
"Colombo","Anuradhapura","Udunuwara Colony","500","100.00"
"Colombo","Anuradhapura","Vijithapura","500","100.00"
"Colombo","Kurunegala","Kudakathnoruwa","500","100.00"
"Colombo","Anuradhapura","Pahala maragahawewa","500","100.00"
"Colombo","Anuradhapura","Pahalamaragahawewa","500","100.00"
"Colombo","Anuradhapura","Sinharagama","500","100.00"
"Colombo","Anuradhapura","Bulnawa","500","100.00"
"Colombo","Anuradhapura","Sirimapura","500","100.00"
"Colombo","Anuradhapura","Pahamunegama","500","100.00"
"Colombo","Anuradhapura","Konwewa","500","100.00"
"Colombo","Kurunegala","Thambuththa","500","100.00"
"Colombo","Anuradhapura","Eliyadivulwewa","500","100.00"
"Colombo","Anuradhapura","Mawathawewa","500","100.00"
"Colombo","Anuradhapura","Koonwewa","500","100.00"
"Colombo","Anuradhapura","Agunochchiya","500","100.00"
"Colombo","Puttalam","saliyawewa","500","100.00"
"Colombo","Anuradhapura","nallachchiya","500","100.00"
"Colombo","Anuradhapura","oththappuwa","500","100.00"
"Colombo","Anuradhapura","pahalagama","500","100.00"
"Colombo","Anuradhapura","malwanegama","500","100.00"
"Colombo","Anuradhapura","kothmalpura","500","100.00"
"Colombo","Anuradhapura","thispanepura","500","100.00"
"Colombo","Anuradhapura","endagala","500","100.00"
"Colombo","Anuradhapura","eriyagama","500","100.00"
"Colombo","Anuradhapura","solama","500","100.00"
"Colombo","Anuradhapura","bellankadawala","500","100.00"
"Colombo","Anuradhapura","Aukana","500","100.00"
"Colombo","Anuradhapura","Galadiulwewa","500","100.00"
"Colombo","Anuradhapura","Ihala halmillewa","500","100.00"
"Colombo","Anuradhapura","Nagampaha","500","100.00"
"Colombo","Anuradhapura","Pahala halmillawa","500","100.00"
"Colombo","Anuradhapura","Udunuwara colaniya","500","100.00"
"Colombo","Anuradhapura","Thammannawewa","500","100.00"
"Colombo","Anuradhapura","Bulnewa","500","100.00"
"Colombo","Anuradhapura","Eliyadiulwewa","500","100.00"
"Colombo","Anuradhapura","Edagala","500","100.00"
"Colombo","Anuradhapura","MAHAGALKADAWALA","500","100.00"
"Colombo","Anuradhapura","MADAGAMA","500","100.00"
"Colombo","Anuradhapura","AMUNUKOLE","500","100.00"
"Colombo","Anuradhapura","THAMBUTTA","500","100.00"
"Colombo","Anuradhapura","MAILEWA","500","100.00"
"Colombo","Anuradhapura","ALIYAWETUNAWEWA","500","100.00"
"Colombo","Anuradhapura","SOLEWEWA","500","100.00"
"Colombo","Anuradhapura","WARAWEWA","500","100.00"
"Colombo","Anuradhapura","PAHALA GIRIBAWA","500","100.00"
"Colombo","Anuradhapura","IHALA GIRIBAWA","500","100.00"
"Colombo","Anuradhapura","SALIYA ASHOKAPURA","500","100.00"
"Colombo","Anuradhapura","08 KANUWA","500","100.00"
"Colombo","Anuradhapura","SOLEPURA","500","100.00"
"Colombo","Anuradhapura","SANGABOPURA","500","100.00"
"Colombo","Anuradhapura","HASTHIKUCHCHIYA","500","100.00"
"Colombo","Anuradhapura","PALUWEWA","500","100.00"
"Colombo","Anuradhapura","RAJANGANAYA WAM IURA","500","100.00"
"Colombo","Anuradhapura","MEEGALEWA","500","100.00"
"Colombo","Anuradhapura","KATHNORUWA","500","100.00"
"Colombo","Anuradhapura","WELIYAWA","500","100.00"
"Colombo","Anuradhapura","THAMMITAGAMA","500","100.00"
"Colombo","Anuradhapura","giribawa","500","100.00"
"Colombo","Anuradhapura","thmbuththa","500","100.00"
"Colombo","Anuradhapura","usgala siyabalangamuwa","500","100.00"
"Colombo","Anuradhapura","Rajanganaya","500","100.00"
"Colombo","Anuradhapura","Ranorawa","500","100.00"
"Colombo","Anuradhapura","Ipalogama","500","100.00"
"Colombo","Anuradhapura","Kallanchiyagama","500","100.00"
"Colombo","Anuradhapura","Ranajayapura","500","100.00"
"Colombo","Anuradhapura","wijithapura","500","100.00"
"Colombo","Anuradhapura","Katiyawa","500","100.00"
"Colombo","Anuradhapura","Andagala","500","100.00"
"Colombo","Anuradhapura","Bulnewa","500","100.00"
"Colombo","Anuradhapura","Kala Wewa","500","100.00"
"Colombo","Anuradhapura","Gonapathirawa","500","100.00"
"Colombo","Anuradhapura","Kukulkatuwa","500","100.00"
"Colombo","Anuradhapura","wilpaththuwa","500","100.00"
"Colombo","Anuradhapura","Andarawewa","500","100.00"
"Colombo","Anuradhapura","Pahala Thalawa","500","100.00"
"Colombo","Anuradhapura","Rajanganaya Track 01 - Track 18","500","100.00"
"Colombo","Anuradhapura","Merungoda","500","100.00"
"Colombo","Anuradhapura","Saliyawewa","500","100.00"
"Colombo","Anuradhapura","Neelabemma","500","100.00"
"Colombo","Badulla","Hingurukaduwa","500","100.00"
"Colombo","Badulla","Koslanda","500","100.00"
"Colombo","Badulla","Uva Karandagolla","500","100.00"
"Colombo","Badulla","Uva Mawelagama","500","100.00"
"Colombo","Monaragala","Balaharuwa","500","100.00"
"Colombo","Monaragala","Ettiliwewa","500","100.00"
"Colombo","Monaragala","Moretuwegama","500","100.00"
"Colombo","Monaragala","Okkampitiya","500","100.00"
"Colombo","Monaragala","Uva Kudaoya","500","100.00"
"Colombo","Monaragala","Weherayaya Handapanagala","500","100.00"
"Colombo","Monaragala","Buttala","500","100.00"
"Colombo","Badulla","Badalkumbura","500","100.00"
"Colombo","Badulla","Hunuketiya","500","100.00"
"Colombo","Monaragala","Ethiliwewa","500","100.00"
"Colombo","Monaragala","Uva Pelwaththa","500","100.00"
"Colombo","Monaragala","Maligawila","500","100.00"
"Colombo","Monaragala","Thelulla","500","100.00"
"Colombo","Monaragala","wellawaya","500","100.00"
"Colombo","Monaragala","wallawaya","500","100.00"
"Colombo","Monaragala","wallavaya","500","100.00"
"Colombo","Monaragala","buththala","500","100.00"
"Colombo","Monaragala","badalkubura","500","100.00"
"Colombo","Monaragala","Uva Pelwatta","500","100.00"
"Colombo","Monaragala","Uvapelwatta","500","100.00"
"Colombo","Monaragala","Kukurampola","500","100.00"
"Colombo","Monaragala","Siyambalagune","500","100.00"
"Colombo","Monaragala","Kuda oya","500","100.00"
"Colombo","Monaragala","Kudaoya","500","100.00"
"Colombo","Monaragala","Handapanagala","500","100.00"
"Colombo","Badulla","uma oya","500","100.00"
"Colombo","Badulla","karadagolla","500","100.00"
"Colombo","Badulla","Umaoya","500","100.00"
"Colombo","Badulla","Kurugama","500","100.00"
"Colombo","Monaragala","Wellawaya Thissa Road","500","100.00"
"Colombo","Monaragala","Wellawaya Town","500","100.00"
"Colombo","Monaragala","mahawela mulla","500","100.00"
"Colombo","Monaragala","Yalabowa","500","100.00"
"Colombo","Monaragala","Maha Ara","500","100.00"
"Colombo","Monaragala","Theliulla","500","100.00"
"Colombo","Monaragala","Koslanda Road","500","100.00"
"Colombo","Monaragala","Heewelkadura","500","100.00"
"Colombo","Monaragala","Kelipanawala","500","100.00"
"Colombo","Monaragala","Koslanda","500","100.00"
"Colombo","Monaragala","Bandarawela Ella Road","500","100.00"
"Colombo","Monaragala","Karandagolla","500","100.00"
"Colombo","Monaragala","mallaththawela","500","100.00"
"Colombo","Monaragala","Anapallama","500","100.00"
"Colombo","Monaragala","Hingurukaduwa","500","100.00"
"Colombo","Monaragala","Uda Arawa","500","100.00"
"Colombo","Monaragala","Horabokka","500","100.00"
"Colombo","Monaragala","Higurukaduwa hospital","500","100.00"
"Colombo","Monaragala","Lunugala Kolaniya","500","100.00"
"Colombo","Monaragala","Buthtala katharagama Road","500","100.00"
"Colombo","Monaragala","Waguruwela","500","100.00"
"Colombo","Monaragala","Konketiya","500","100.00"
"Colombo","Monaragala","Badallkumbura  Road","500","100.00"
"Colombo","Monaragala","Andampahuwa","500","100.00"
"Colombo","Monaragala","Badalkumbura","500","100.00"
"Colombo","Monaragala","badulu para Alupoth","500","100.00"
"Colombo","Monaragala","Monaragala para  -Madukotanarawa","500","100.00"
"Colombo","Monaragala","Buttala","500","100.00"
"Colombo","Monaragala","Monaragala Road wellawaya","500","100.00"
"Colombo","Monaragala","Buttala town","500","100.00"
"Colombo","Monaragala","Mahagodayaya","500","100.00"
"Colombo","Monaragala","Okkampitiya","500","100.00"
"Colombo","Monaragala","Monaragala Road ,  2 kanuwa","500","100.00"
"Colombo","Monaragala","Galtemmandiya","500","100.00"
"Colombo","Monaragala","Niyadella","500","100.00"
"Colombo","Monaragala","Ranthiri Wewa","500","100.00"
"Colombo","Monaragala","Kukurmpola  Road","500","100.00"
"Colombo","Monaragala","Kukurmpola","500","100.00"
"Colombo","Monaragala","Bloc 4,9, 12,14,15,16","500","100.00"
"Colombo","Monaragala","sinisamagama","500","100.00"
"Colombo","Trincomalee","Dehiwatte","500","100.00"
"Colombo","Trincomalee","Echchilampattai","500","100.00"
"Colombo","Trincomalee","Kantalai","500","100.00"
"Colombo","Trincomalee","Kantalai Sugar Factory","500","100.00"
"Colombo","Trincomalee","Kiliveddy","500","100.00"
"Colombo","Trincomalee","Lankapatuna","500","100.00"
"Colombo","Trincomalee","Mullipothana","500","100.00"
"Colombo","Trincomalee","Serunuwara","500","100.00"
"Colombo","Trincomalee","Seruwila","500","100.00"
"Colombo","Trincomalee","Sirajnagar","500","100.00"
"Colombo","Trincomalee","Somapura","500","100.00"
"Colombo","Trincomalee","Kantale","500","100.00"
"Colombo","Trincomalee","Seruvila","500","100.00"
"Colombo","Trincomalee","Dehiwaththe","500","100.00"
"Colombo","Trincomalee","Kanthalai","500","100.00"
"Colombo","Trincomalee","Thampalakamam","500","100.00"
"Colombo","Trincomalee","Mullipotana","500","100.00"
"Colombo","Trincomalee","GANTALAWA","500","100.00"
"Colombo","Trincomalee","SERUWAWILA","500","100.00"
"Colombo","Trincomalee","VERUGAL","500","100.00"
"Colombo","Trincomalee","Raja ela","500","100.00"
"Colombo","Trincomalee","Bathiyagama","500","100.00"
"Colombo","Trincomalee","Peraru","500","100.00"
"Colombo","Trincomalee","Peraru south","500","100.00"
"Colombo","Trincomalee","Peraru north","500","100.00"
"Colombo","Trincomalee","Kalla kombu villu","500","100.00"
"Colombo","Trincomalee","Galugas gammanaya","500","100.00"
"Colombo","Trincomalee","Vendesampura","500","100.00"
"Colombo","Trincomalee","kanthale","500","100.00"
"Colombo","Trincomalee","Kanthalei","500","100.00"
"Colombo","Trincomalee","ganthalawa","500","100.00"
"Colombo","Trincomalee","Saliyapura","500","100.00"
"Colombo","Trincomalee","Mollipothana","500","100.00"
"Colombo","Trincomalee","Siraj nagar","500","100.00"
"Colombo","Trincomalee","Gemunupura","500","100.00"
"Colombo","Trincomalee","Thambalagamuwa","500","100.00"
"Colombo","Trincomalee","Agbopura","500","100.00"
"Colombo","Trincomalee","Galoya junction","500","100.00"
"Colombo","Trincomalee","galoya","500","100.00"
"Colombo","Trincomalee","Kithuluthuwa","500","100.00"
"Colombo","Trincomalee","sinhagama","500","100.00"
"Colombo","Trincomalee","Hathares kotuwa","500","100.00"
"Colombo","Trincomalee","Echchalampaththu","500","100.00"
"Colombo","Trincomalee","Dehiwaththa","500","100.00"
"Colombo","Trincomalee","Kantale","500","100.00"
"Colombo","Trincomalee","Kantale city","500","100.00"
"Colombo","Trincomalee","Wendrasanpura","500","100.00"
"Colombo","Trincomalee","Meeranagar","500","100.00"
"Colombo","Trincomalee","GALMETTIYAWA","500","100.00"
"Colombo","Trincomalee","91 junction kanthale","500","100.00"
"Colombo","Trincomalee","92 junction kanthale","500","100.00"
"Colombo","Trincomalee","93 junction kanthale","500","100.00"
"Colombo","Trincomalee","94 junction kanthale","500","100.00"
"Colombo","Trincomalee","95 junction kanthale","500","100.00"
"Colombo","Trincomalee","96 junction kanthale","500","100.00"
"Colombo","Trincomalee","Dehiwatta","500","100.00"
"Colombo","Trincomalee","Lanka Putuna","500","100.00"
"Colombo","Trincomalee","Kiliveddi","500","100.00"
"Colombo","Trincomalee","Agbopura","500","100.00"
"Colombo","Trincomalee","Wan-Ela","500","100.00"
"Colombo","Trincomalee","wan ela","500","100.00"
"Colombo","Trincomalee","Kantale city","500","100.00"
"Colombo","Trincomalee","Kantale city","500","100.00"
"Colombo","Anuradhapura","Bogahawewa","500","100.00"
"Colombo","Anuradhapura","Etawatunuwewa","500","100.00"
"Colombo","Anuradhapura","Gonahaddenawa","500","100.00"
"Colombo","Anuradhapura","Halmillawetiya","500","100.00"
"Colombo","Anuradhapura","Horawpatana","500","100.00"
"Colombo","Anuradhapura","Kahatagollewa","500","100.00"
"Colombo","Anuradhapura","Kalawedi Ulpotha","500","100.00"
"Colombo","Anuradhapura","Kapugallawa","500","100.00"
"Colombo","Anuradhapura","Mailagaswewa","500","100.00"
"Colombo","Anuradhapura","Morakewa","500","100.00"
"Colombo","Anuradhapura","Mulkiriyawa","500","100.00"
"Colombo","Anuradhapura","Padavi Maithripura","500","100.00"
"Colombo","Anuradhapura","Padavi Parakramapura","500","100.00"
"Colombo","Anuradhapura","Padavi Sripura","500","100.00"
"Colombo","Anuradhapura","Padavi Sritissapura","500","100.00"
"Colombo","Anuradhapura","Parakumpura","500","100.00"
"Colombo","Anuradhapura","Tittagonewa","500","100.00"
"Colombo","Anuradhapura","Welioya Project","500","100.00"
"Colombo","Vavuniya","Horowpothana","500","100.00"
"Colombo","Trincomalee","Padavi Sri Pura","500","100.00"
"Colombo","Vavuniya","Anganochchiyawewa","500","100.00"
"Colombo","Vavuniya","Bogawewa","500","100.00"
"Colombo","Vavuniya","Eropothana","500","100.00"
"Colombo","Vavuniya","Etambagaskada","500","100.00"
"Colombo","Vavuniya","Kirigalwewa","500","100.00"
"Colombo","Vavuniya","Mukkurawewa","500","100.00"
"Colombo","Vavuniya","Parakkramapura","500","100.00"
"Colombo","Vavuniya","Rathmalgawewa","500","100.00"
"Colombo","Vavuniya","Wahalkada","500","100.00"
"Colombo","Vavuniya","Weli-oya","500","100.00"
"Colombo","Anuradhapura","Ethaweeragollewa","500","100.00"
"Colombo","Anuradhapura","Horawpathana","500","100.00"
"Colombo","Anuradhapura","Padaviya","500","100.00"
"Colombo","Anuradhapura","Padavi Srithissapura","500","100.00"
"Colombo","Anuradhapura","Pihimbiyagolewa","500","100.00"
"Colombo","Anuradhapura","Rampathwila","500","100.00"
"Colombo","Anuradhapura","Rathmalgahawewa","500","100.00"
"Colombo","Anuradhapura","Thiththagonewa","500","100.00"
"Colombo","Anuradhapura","Walahaviddawewa","500","100.00"
"Colombo","Anuradhapura","Ranpathwila","500","100.00"
"Colombo","Anuradhapura","kahatagsdigiliya","500","100.00"
"Colombo","Anuradhapura","Mahadiulwewa","500","100.00"
"Colombo","Anuradhapura","Kapugollewa","500","100.00"
"Colombo","Vavuniya","Horowpathana","500","100.00"
"Colombo","Anuradhapura","perakumpura","500","100.00"
"Colombo","Vavuniya","Nanumillewa","500","100.00"
"Colombo","Vavuniya","MUKKARAWEWA","500","100.00"
"Colombo","Vavuniya","PARANGIYAWADIYA","500","100.00"
"Colombo","Vavuniya","KAPUGOLLAWA","500","100.00"
"Colombo","Vavuniya","WELIMUWAPOTHANA","500","100.00"
"Colombo","Vavuniya","ataweeragollewa","500","100.00"
"Colombo","Vavuniya","Etaweeragollewa","500","100.00"
"Colombo","Vavuniya","Welioya","500","100.00"
"Colombo","Vavuniya","Velioya","500","100.00"
"Colombo","Anuradhapura","bogaswewa","500","100.00"
"Colombo","Anuradhapura","sripura","500","100.00"
"Colombo","Vavuniya","janakapura","500","100.00"
"Colombo","Vavuniya","mukariyawa","500","100.00"
"Colombo","Anuradhapura","kabithigollawa","500","100.00"
"Colombo","Anuradhapura","Kahatagasdigiliya","500","100.00"
"Colombo","Anuradhapura","Kebithigollewa","500","100.00"
"Colombo","Anuradhapura","Padavi Siripura","500","100.00"
"Colombo","Anuradhapura","Padavi Siritissapura","500","100.00"
"Colombo","Anuradhapura","Rotawewa","500","100.00"
"Colombo","Vavuniya","Kiriibbanwewa","500","100.00"
"Colombo","Vavuniya","Walahawiddawewa","500","100.00"
"Colombo","Vavuniya","Kidagalegama","500","100.00"
"Colombo","Vavuniya","Kirigallewa","500","100.00"
"Colombo","Vavuniya","Wewalketiya","500","100.00"
"Colombo","Vavuniya","Kokatiyagollewa","500","100.00"
"Colombo","Vavuniya","Pihimbiyagollewa","500","100.00"
"Colombo","Vavuniya","Moragoda","500","100.00"
"Colombo","Vavuniya","Atambagaskada","500","100.00"
"Colombo","Vavuniya","Hirallugama","500","100.00"
"Colombo","Vavuniya","Puhudivula","500","100.00"
"Colombo","Vavuniya","Etakada","500","100.00"
"Colombo","Vavuniya","Athakada","500","100.00"
"Colombo","Vavuniya","Ethakada","500","100.00"
"Colombo","Vavuniya","Etabagaskada","500","100.00"
"Colombo","Vavuniya","Koongollewa","500","100.00"
"Colombo","Vavuniya","Galegama","500","100.00"
"Colombo","Anuradhapura","Ihalathammennawa","500","100.00"
"Colombo","Anuradhapura","Gurukandegama","500","100.00"
"Colombo","Anuradhapura","Wewelketiya","500","100.00"
"Colombo","Vavuniya","Pihibiyagollewa","500","100.00"
"Colombo","Anuradhapura","Urapinuwewa","500","100.00"
"Colombo","Anuradhapura","Unagaswewa","500","100.00"
"Colombo","Anuradhapura","Thabalagollewa","500","100.00"
"Colombo","Vavuniya","Galleligama","500","100.00"
"Colombo","Anuradhapura","Etaviragollawa","500","100.00"
"Colombo","Anuradhapura","Puhudivulla","500","100.00"
"Colombo","Anuradhapura","Parana halmillwa","500","100.00"
"Colombo","Anuradhapura","Aluth halmillwa","500","100.00"
"Colombo","Anuradhapura","Kongollawa","500","100.00"
"Colombo","Anuradhapura","Horowpothana","500","100.00"
"Colombo","Anuradhapura","Mahanetiyawa","500","100.00"
"Colombo","Anuradhapura","Bogahawewa","500","100.00"
"Colombo","Anuradhapura","Sapumalthenna","500","100.00"
"Colombo","Anuradhapura","Janakapura","500","100.00"
"Colombo","Anuradhapura","Welioya","500","100.00"
"Colombo","Anuradhapura","Nelugollewa","500","100.00"
"Colombo","Anuradhapura","Kohobagaskada","500","100.00"
"Colombo","Anuradhapura","Gonumeriyawa","500","100.00"
"Colombo","Anuradhapura","Wiharahalmillewa","500","100.00"
"Colombo","Anuradhapura","Wahalkada","500","100.00"
"Colombo","Anuradhapura","Parangiyawadiya","500","100.00"
"Colombo","Anuradhapura","Agunochchiya","500","100.00"
"Colombo","Anuradhapura","Nabadawewa","500","100.00"
"Colombo","Anuradhapura","Aiyathigewewa","500","100.00"
"Colombo","Vavuniya","Sampathnuwara","500","100.00"
"Colombo","Anuradhapura","kadanekutanawa","500","100.00"
"Colombo","Anuradhapura","moraghawela","500","100.00"
"Colombo","Anuradhapura","katukeliyawa","500","100.00"
"Colombo","Anuradhapura","hetikatiya","500","100.00"
"Colombo","Anuradhapura","kiriibbawa","500","100.00"
"Colombo","Anuradhapura","kaluvaragasawawa","500","100.00"
"Colombo","Anuradhapura","ranpathvila","500","100.00"
"Colombo","Anuradhapura","kudakulumimakada","500","100.00"
"Colombo","Anuradhapura","nayakapuwawa","500","100.00"
"Colombo","Anuradhapura","bethkawa","500","100.00"
"Colombo","Anuradhapura","rotapokuna","500","100.00"
"Colombo","Anuradhapura","mahapathana","500","100.00"
"Colombo","Jaffna","Allaipiddi","500","100.00"
"Colombo","Jaffna","Allaveddi","500","100.00"
"Colombo","Jaffna","Alvai","500","100.00"
"Colombo","Jaffna","Anaicoddai","500","100.00"
"Colombo","Jaffna","Analaitivu","500","100.00"
"Colombo","Jaffna","Atchuveli","500","100.00"
"Colombo","Jaffna","Chankanai","500","100.00"
"Colombo","Jaffna","Chavakachcheri","500","100.00"
"Colombo","Jaffna","Chullipuram","500","100.00"
"Colombo","Jaffna","Chundikuli","500","100.00"
"Colombo","Jaffna","Chunnakam","500","100.00"
"Colombo","Jaffna","DelftWest","500","100.00"
"Colombo","Jaffna","Eluvaitivu","500","100.00"
"Colombo","Jaffna","Erlalai","500","100.00"
"Colombo","Jaffna","Kaitadi","500","100.00"
"Colombo","Jaffna","Kankesanthurai","500","100.00"
"Colombo","Jaffna","Karaveddi","500","100.00"
"Colombo","Jaffna","Kayts","500","100.00"
"Colombo","Jaffna","Kodikamam","500","100.00"
"Colombo","Jaffna","Kokuvil","500","100.00"
"Colombo","Jaffna","Kondavil","500","100.00"
"Colombo","Jaffna","Kopay","500","100.00"
"Colombo","Jaffna","Kudatanai","500","100.00"
"Colombo","Jaffna","llavalai","500","100.00"
"Colombo","Jaffna","Mallakam","500","100.00"
"Colombo","Jaffna","Manipay","500","100.00"
"Colombo","Jaffna","Mathagal","500","100.00"
"Colombo","Jaffna","Meesalai","500","100.00"
"Colombo","Jaffna","Mirusuvil","500","100.00"
"Colombo","Jaffna","Nagar Kovil","500","100.00"
"Colombo","Jaffna","Nainathivu","500","100.00"
"Colombo","Jaffna","Neervely","500","100.00"
"Colombo","Jaffna","Pandaterippu","500","100.00"
"Colombo","Jaffna","Point Pedro","500","100.00"
"Colombo","Jaffna","Pungudutivu","500","100.00"
"Colombo","Jaffna","Putur","500","100.00"
"Colombo","Jaffna","Sandilipay","500","100.00"
"Colombo","Jaffna","Sandilipay","500","100.00"
"Colombo","Jaffna","Sithankemy","500","100.00"
"Colombo","Jaffna","Tellippallai","500","100.00"
"Colombo","Jaffna","Thondamanaru","500","100.00"
"Colombo","Jaffna","Urumpirai","500","100.00"
"Colombo","Jaffna","Vaddukoddai","500","100.00"
"Colombo","Jaffna","Vaddukoddai","500","100.00"
"Colombo","Jaffna","Valvettithurai","500","100.00"
"Colombo","Jaffna","Vannarponnai","500","100.00"
"Colombo","Jaffna","Varany","500","100.00"
"Colombo","Jaffna","Vasavilan","500","100.00"
"Colombo","Jaffna","Velanai","500","100.00"
"Colombo","Jaffna","Delft","500","100.00"
"Colombo","Jaffna","Island North","500","100.00"
"Colombo","Jaffna","Island South","500","100.00"
"Colombo","Jaffna","Jaffna","500","100.00"
"Colombo","Jaffna","Karainagar","500","100.00"
"Colombo","Jaffna","Thenmarachchy","500","100.00"
"Colombo","Jaffna","Valikamam East","500","100.00"
"Colombo","Jaffna","Valikamam North","500","100.00"
"Colombo","Jaffna","Valikamam South","500","100.00"
"Colombo","Jaffna","Valikamam South -West","500","100.00"
"Colombo","Jaffna","Valikamam West","500","100.00"
"Colombo","Jaffna","Analaithivu","500","100.00"
"Colombo","Jaffna","Kaithadi","500","100.00"
"Colombo","Jaffna","Kudathanai","500","100.00"
"Colombo","Jaffna","Mandathivu","500","100.00"
"Colombo","Jaffna","Moolai","500","100.00"
"Colombo","Jaffna","Pannagam","500","100.00"
"Colombo","Jaffna","Pandatherippu","500","100.00"
"Colombo","Jaffna","Ponnalai","500","100.00"
"Colombo","Jaffna","Punguduthivu","500","100.00"
"Colombo","Jaffna","Siruppidy","500","100.00"
"Colombo","Jaffna","Thellippallai","500","100.00"
"Colombo","Jaffna","Vadamarachchy East","500","100.00"
"Colombo","Jaffna","Vadamarachchy North","500","100.00"
"Colombo","Jaffna","Vadamarachchy South-west","500","100.00"
"Colombo","Jaffna","Punkuduthivu","500","100.00"
"Colombo","Jaffna","Nelliady","500","100.00"
"Colombo","Jaffna","Eluthmadduval","500","100.00"
"Colombo","Jaffna","Inuvil","500","100.00"
"Colombo","Jaffna","Nunavil","500","100.00"
"Colombo","Jaffna","Nunavil","500","100.00"
"Colombo","Jaffna","Colombuthurai","500","100.00"
"Colombo","Jaffna","Kuppilan","500","100.00"
"Colombo","Jaffna","Manalkadu","500","100.00"
"Colombo","Jaffna","Thunnalai","500","100.00"
"Colombo","Jaffna","Suruvil","500","100.00"
"Colombo","Jaffna","Saravanai","500","100.00"
"Colombo","Jaffna","Puliyankoodal","500","100.00"
"Colombo","Jaffna","Araly","500","100.00"
"Colombo","Jaffna","Vallipuram","500","100.00"
"Colombo","Jaffna","Ampan","500","100.00"
"Colombo","Jaffna","Palali","500","100.00"
"Colombo","Jaffna","Maviddapuram","500","100.00"
"Colombo","Jaffna","ACHCHELU","500","100.00"
"Colombo","Jaffna","Alaveddy","500","100.00"
"Colombo","Jaffna","ALAVI","500","100.00"
"Colombo","Jaffna","ANAIPANTHI","500","100.00"
"Colombo","Jaffna","Ariyalai","500","100.00"
"Colombo","Jaffna","CHULIPURAM","500","100.00"
"Colombo","Jaffna","COLUMBUTHURAI","500","100.00"
"Colombo","Jaffna","Commantharai","500","100.00"
"Colombo","Jaffna","DAMBAKOLAPATUNA","500","100.00"
"Colombo","Jaffna","DELFT ISLAND","500","100.00"
"Colombo","Jaffna","EARLALAI","500","100.00"
"Colombo","Jaffna","ELUDUMATTUWAN","500","100.00"
"Colombo","Jaffna","ELUVAITHIVU","500","100.00"
"Colombo","Jaffna","Guru Nagar","500","100.00"
"Colombo","Jaffna","ILAVALAI","500","100.00"
"Colombo","Jaffna","KADURUGODA","500","100.00"
"Colombo","Jaffna","Kaithady","500","100.00"
"Colombo","Jaffna","KALAIYADI","500","100.00"
"Colombo","Jaffna","KALAPOOMY","500","100.00"
"Colombo","Jaffna","KALVIYANKADU","500","100.00"
"Colombo","Jaffna","IDAIKKADU","500","100.00"
"Colombo","Jaffna","KANNAPUTTI","500","100.00"
"Colombo","Jaffna","KANNATHIDDY","500","100.00"
"Colombo","Jaffna","KANTHARMADAM","500","100.00"
"Colombo","Jaffna","KANTHIYOOR","500","100.00"
"Colombo","Jaffna","KARANAVAI","500","100.00"
"Colombo","Jaffna","KIRAI KULAM","500","100.00"
"Colombo","Jaffna","KOYILAKKANDI","500","100.00"
"Colombo","Jaffna","Punkudutivu","500","100.00"
"Colombo","Jaffna","KURICHCHIKADU","500","100.00"
"Colombo","Jaffna","KURIKADDUWAN","500","100.00"
"Colombo","Jaffna","Madduvil Nunavil","500","100.00"
"Colombo","Jaffna","Mandaitivu","500","100.00"
"Colombo","Jaffna","NADUTURITTI","500","100.00"
"Colombo","Jaffna","NAGADEEPAYA","500","100.00"
"Colombo","Jaffna","NAINATIVU","500","100.00"
"Colombo","Jaffna","NAVINDIL","500","100.00"
"Colombo","Jaffna","Neduntheevu","500","100.00"
"Colombo","Jaffna","Neduntheevu","500","100.00"
"Colombo","Jaffna","PALAITIVU","500","100.00"
"Colombo","Jaffna","Pandatharippu","500","100.00"
"Colombo","Jaffna","PANIPPULAM","500","100.00"
"Colombo","Jaffna","PASSAIYOOR","500","100.00"
"Colombo","Jaffna","PASSAIYOOR","500","100.00"
"Colombo","Jaffna","PILLAIYAR","500","100.00"
"Colombo","Jaffna","PIRAMPADY","500","100.00"
"Colombo","Jaffna","POLIKANDY","500","100.00"
"Colombo","Jaffna","Puloly North","500","100.00"
"Colombo","Jaffna","PUTTUR","500","100.00"
"Colombo","Jaffna","SINTHUPURAM","500","100.00"
"Colombo","Jaffna","TELLIPPALAI","500","100.00"
"Colombo","Jaffna","THAMANTHODDAM","500","100.00"
"Colombo","Jaffna","Thampasidy","500","100.00"
"Colombo","Jaffna","Thirunavaloor","500","100.00"
"Colombo","Jaffna","THONDAIMANARU","500","100.00"
"Colombo","Jaffna","UDUVIL","500","100.00"
"Colombo","Jaffna","Vandikudiyiruppu","500","100.00"
"Colombo","Jaffna","Vannarpannai","500","100.00"
"Colombo","Jaffna","Puloly","500","100.00"
"Colombo","Jaffna","Jaffna Town","500","100.00"
"Colombo","Jaffna","Vadamaradchy","500","100.00"
"Colombo","Jaffna","Aliyavalai","500","100.00"
"Colombo","Jaffna","NAVANTHURAI","500","100.00"
"Colombo","Jaffna","Kankesanthurai","500","100.00"
"Colombo","Jaffna","Thavady","500","100.00"
"Colombo","Jaffna","Kokkuvil","500","100.00"
"Colombo","Jaffna","Kondavil West","500","100.00"
"Colombo","Jaffna","Kokkuvil","500","100.00"
"Colombo","Jaffna","Maruthanarmadam","500","100.00"
"Colombo","Jaffna","Mallakam","500","100.00"
"Colombo","Jaffna","Keerimalai","500","100.00"
"Colombo","Jaffna","Palali","500","100.00"
"Colombo","Jaffna","palali west","500","100.00"
"Colombo","Jaffna","Alaveddi","500","100.00"
"Colombo","Jaffna","Tellippalai","500","100.00"
"Colombo","Jaffna","Vasavilan","500","100.00"
"Colombo","Jaffna","Point Pedro","500","100.00"
"Colombo","Jaffna","Kudaththanai","500","100.00"
"Colombo","Jaffna","Nagar Kovil","500","100.00"
"Colombo","Jaffna","Manatkadu","500","100.00"
"Colombo","Jaffna","Alvai","500","100.00"
"Colombo","Jaffna","Thirunelveli","500","100.00"
"Colombo","Jaffna","Kondavil East","500","100.00"
"Colombo","Jaffna","Kokuvil East","500","100.00"
"Colombo","Jaffna","Urumpirai","500","100.00"
"Colombo","Jaffna","Punnalaikadduvan","500","100.00"
"Colombo","Jaffna","Palai","500","100.00"
"Colombo","Jaffna","Jaffna City","500","100.00"
"Colombo","Jaffna","Kurunagar","500","100.00"
"Colombo","Jaffna","Kolumbuththurai","500","100.00"
"Colombo","Jaffna","Ariyalai","500","100.00"
"Colombo","Jaffna","Oddumadam","500","100.00"
"Colombo","Jaffna","Nallur","500","100.00"
"Colombo","Jaffna","Kalviyankadu","500","100.00"
"Colombo","Jaffna","Nallur","500","100.00"
"Colombo","Jaffna","Semmani","500","100.00"
"Colombo","Jaffna","itupalai","500","100.00"
"Colombo","Jaffna","Koppay","500","100.00"
"Colombo","Jaffna","Udupiddy","500","100.00"
"Colombo","Jaffna","Siruppiddy","500","100.00"
"Colombo","Jaffna","Neervely","500","100.00"
"Colombo","Jaffna","Valvettithurai","500","100.00"
"Colombo","Jaffna","Arukalmadam","500","100.00"
"Colombo","Jaffna","Anaikoddai","500","100.00"
"Colombo","Jaffna","Chulipuram","500","100.00"
"Colombo","Jaffna","Sankaraththai","500","100.00"
"Colombo","Jaffna","Moolai","500","100.00"
"Colombo","Jaffna","sithankeni","500","100.00"
"Colombo","Jaffna","Pandatharipu","500","100.00"
"Colombo","Jaffna","Mathagal","500","100.00"
"Colombo","Jaffna","Periyavillan","500","100.00"
"Colombo","Jaffna","Nedunkulam","500","100.00"
"Colombo","Jaffna","Navatkuli","500","100.00"
"Colombo","Jaffna","Chavakachcheri","500","100.00"
"Colombo","Jaffna","Eluthumadduval","500","100.00"
"Colombo","Jaffna","kks","500","100.00"
"Colombo","Jaffna","Sankuveli","500","100.00"
"Colombo","Gampaha","Kibissa","500","100.00"
"Colombo","Gampaha","Lenadora","500","100.00"
"Colombo","Gampaha","Mananwatta","500","100.00"
"Colombo","Gampaha","Talagoda Junction","500","100.00"
"Colombo","Gampaha","Talakiriyagama","500","100.00"
"Colombo","Gampaha","Wahacotte","500","100.00"
"Colombo","Anuradhapura","Andiyagala","500","100.00"
"Colombo","Anuradhapura","Galkiriyagama","500","100.00"
"Colombo","Anuradhapura","Ganewalpola","500","100.00"
"Colombo","Anuradhapura","Halmillawa Dambulla","500","100.00"
"Colombo","Anuradhapura","Kitulhitiyawa","500","100.00"
"Colombo","Anuradhapura","lhalagama","500","100.00"
"Colombo","Anuradhapura","Madatugama","500","100.00"
"Colombo","Anuradhapura","Maha Elagamuwa","500","100.00"
"Colombo","Anuradhapura","Maneruwa","500","100.00"
"Colombo","Polonnaruwa","Kottapitiya","500","100.00"
"Colombo","Polonnaruwa","Orubendi Siyambalawa","500","100.00"
"Colombo","Matale","Dambulla","500","100.00"
"Colombo","Polonnaruwa","Elahera","500","100.00"
"Colombo","Anuradhapura","Kekirawa","500","100.00"
"Colombo","Matale","Naula","500","100.00"
"Colombo","Matale","Pallepola","500","100.00"
"Colombo","Matale","Akuramboda","500","100.00"
"Colombo","Matale","Atharagallewa","500","100.00"
"Colombo","Matale","Bambaragaswewa","500","100.00"
"Colombo","Matale","Dewahuwa","500","100.00"
"Colombo","Matale","Erawula Junction","500","100.00"
"Colombo","Matale","Ethanawala","500","100.00"
"Colombo","Matale","Gangala Puwakpitiya","500","100.00"
"Colombo","Matale","Inamaluwa","500","100.00"
"Colombo","Matale","Kalundawa","500","100.00"
"Colombo","Matale","Kandalama","500","100.00"
"Colombo","Matale","Kimbissa","500","100.00"
"Colombo","Matale","Kongahawela","500","100.00"
"Colombo","Matale","Lendora","500","100.00"
"Colombo","Matale","Madipola","500","100.00"
"Colombo","Matale","Mananwaththa","500","100.00"
"Colombo","Matale","Melipitiya","500","100.00"
"Colombo","Matale","Millawana","500","100.00"
"Colombo","Matale","Nalanda","500","100.00"
"Colombo","Matale","Opalgala","500","100.00"
"Colombo","Matale","Sigiriya","500","100.00"
"Colombo","Matale","Thalagoda Junction","500","100.00"
"Colombo","Matale","Thalakiriyagama","500","100.00"
"Colombo","Matale","Wahakotte","500","100.00"
"Colombo","Matale","Wewalawewa","500","100.00"
"Colombo","Vavuniya","Kirindiyakollawa","500","100.00"
"Colombo","Anuradhapura","Pubbogama","500","100.00"
"Colombo","Matale","Damunumulla Galewela","500","100.00"
"Colombo","Polonnaruwa","Moragaswewa","500","100.00"
"Colombo","Polonnaruwa","Atharagallawa","500","100.00"
"Colombo","Matale","Pattiwela","500","100.00"
"Colombo","Polonnaruwa","Habarana","500","100.00"
"Colombo","Matale","Silwathgala","500","100.00"
"Colombo","Matale","Mahakade","500","100.00"
"Colombo","Matale","Pibidunugama","500","100.00"
"Colombo","Matale","Weragalawaththa","500","100.00"
"Colombo","Matale","Namadagahawathha","500","100.00"
"Colombo","Matale","Pathkolagolla","500","100.00"
"Colombo","Matale","Kanadana","500","100.00"
"Colombo","Matale","Janakagama","500","100.00"
"Colombo","Matale","Wahara Junction","500","100.00"
"Colombo","Matale","Ihala Bambawa","500","100.00"
"Colombo","Matale","Pahala Bambawa","500","100.00"
"Colombo","Matale","Wasalakotte","500","100.00"
"Colombo","Matale","Monaravila","500","100.00"
"Colombo","Matale","Maningamuwa","500","100.00"
"Colombo","Matale","Kirioruwa","500","100.00"
"Colombo","Matale","Ekamuthugama","500","100.00"
"Colombo","Matale","Heeratiya","500","100.00"
"Colombo","Anuradhapura","Madathugama","500","100.00"
"Colombo","Anuradhapura","Thibbatuwewa","500","100.00"
"Colombo","Anuradhapura","Palagala","500","100.00"
"Colombo","Anuradhapura","Palugaswewa","500","100.00"
"Colombo","Matale","kumaraella","500","100.00"
"Colombo","Matale","Hunganwela","500","100.00"
"Colombo","Matale","Kithulhitiyawa","500","100.00"
"Colombo","Matale","Bakamuna","500","100.00"
"Colombo","Matale","Ambana","500","100.00"
"Colombo","Matale","Na ula","500","100.00"
"Colombo","Matale","Galewela","500","100.00"
"Colombo","Anuradhapura","Moragaswewa","500","100.00"
"Colombo","Matale","palwehera","500","100.00"
"Colombo","Matale","Dambulla town","500","100.00"
"Colombo","Matale","Aluthwatta","500","100.00"
"Colombo","Matale","Galwatiyawa","500","100.00"
"Colombo","Matale","Wewala-Wewa","500","100.00"
"Colombo","Matale","Erawula","500","100.00"
"Colombo","Matale","Mirisgoniyawa","500","100.00"
"Colombo","Matale","Kekirawa  Town","500","100.00"
"Colombo","Matale","Madatugama","500","100.00"
"Colombo","Matale","Olukarada","500","100.00"
"Colombo","Matale","Ganewalpola","500","100.00"
"Colombo","Matale","Kirimatiyawa","500","100.00"
"Colombo","Matale","Ipalogama","500","100.00"
"Colombo","Matale","Galkiriyagama","500","100.00"
"Colombo","Matale","Palagala","500","100.00"
"Colombo","Matale","Adiyagala","500","100.00"
"Colombo","Matale","Pubbogama","500","100.00"
"Colombo","Matale","Dambulu Halmillawewa","500","100.00"
"Colombo","Matale","HABARATHTHEWALA","500","100.00"
"Colombo","Matale","Maneruwa","500","100.00"
"Colombo","Matale","Balaluwewa","500","100.00"
"Colombo","Matale","Galewela Town","500","100.00"
"Colombo","Matale","Dewahuwa","500","100.00"
"Colombo","Matale","Bambaragaswewa","500","100.00"
"Colombo","Matale","Nilagama","500","100.00"
"Colombo","Matale","Bambawa","500","100.00"
"Colombo","Matale","Kalugala","500","100.00"
"Colombo","Matale","Habarana","500","100.00"
"Colombo","Matale","Habarana town","500","100.00"
"Colombo","Matale","Sigiriya","500","100.00"
"Colombo","Matale","Digampathaha","500","100.00"
"Colombo","Matale","Kashyapagama","500","100.00"
"Colombo","Matale","Namalpura","500","100.00"
"Colombo","Matale","Palugaswewa","500","100.00"
"Colombo","Matale","Audangawa","500","100.00"
"Colombo","Matale","Bakamuna","500","100.00"
"Colombo","Matale","Damanayaya","500","100.00"
"Colombo","Matale","Kottapitiya","500","100.00"
"Colombo","Matale","Elahara","500","100.00"
"Colombo","Matale","Kiri Oya","500","100.00"
"Colombo","Matale","Buduruwayaya","500","100.00"
"Colombo","Matale","Naula","500","100.00"
"Colombo","Matale","Dambulu Oya","500","100.00"
"Colombo","Matale","Pannampitiya","500","100.00"
"Colombo","Matale","nalanda","500","100.00"
"Colombo","Matale","Lenadora","500","100.00"
"Colombo","Matale","Kongahawela","500","100.00"
"Colombo","Matale","Murutholuwa","500","100.00"
"Colombo","Matale","Opalgala","500","100.00"
"Colombo","Matale","Yapagama","500","100.00"
"Colombo","Matale","Pallepola","500","100.00"
"Colombo","Matale","Madipola","500","100.00"
"Colombo","Matale","Welamitiyawa","500","100.00"
"Colombo","Matale","Millawana","500","100.00"
"Colombo","Colombo","Habarana","500","100.00"
"Colombo","Anuradhapura","Habarana","500","100.00"
"Colombo","Gampaha","Batuwatta","450","100.00"
"Colombo","Gampaha","Dalugama","450","100.00"
"Colombo","Gampaha","GonawalaWP","450","100.00"
"Colombo","Gampaha","Gonawala","450","100.00"
"Colombo","Gampaha","Hendala","450","100.00"
"Colombo","Gampaha","Kiribathgoda","450","100.00"
"Colombo","Gampaha","Peliyagoda","450","100.00"
"Colombo","Gampaha","Ragama","450","100.00"
"Colombo","Gampaha","Welisara","450","100.00"
"Colombo","Gampaha","Kelaniya","450","100.00"
"Colombo","Gampaha","Wattala","450","100.00"
"Colombo","Gampaha","Batuwaththa","450","100.00"
"Colombo","Gampaha","Kerawalapitiya","450","100.00"
"Colombo","Gampaha","Matagoda","450","100.00"
"Colombo","Gampaha","Parana Ambalama","450","100.00"
"Colombo","Gampaha","Preethipura","450","100.00"
"Colombo","Gampaha","Hekitta","450","100.00"
"Colombo","Gampaha","Aniyakanda","450","100.00"
"Colombo","Gampaha","Podiweekumbura","450","100.00"
"Colombo","Gampaha","Kurukulawa","450","100.00"
"Colombo","Gampaha","Nathuduwa","450","100.00"
"Colombo","Gampaha","Galborella","450","100.00"
"Colombo","Gampaha","Rampitiya","450","100.00"
"Colombo","Gampaha","Hekiththa","450","100.00"
"Colombo","Gampaha","hunupitiya","450","100.00"
"Colombo","Gampaha","wanawasala","450","100.00"
"Colombo","Gampaha","pethiyagoda","450","100.00"
"Colombo","Gampaha","gonawala","450","100.00"
"Colombo","Gampaha","walisara","450","100.00"
"Colombo","Gampaha","Mahabage","450","100.00"
"Colombo","Gampaha","Peralanda","450","100.00"
"Colombo","Gampaha","paliyagoda","450","100.00"
"Colombo","Gampaha","Mabole","450","100.00"
"Colombo","Gampaha","Enderamulla","450","100.00"
"Colombo","Gampaha","Eriyawetiya","450","100.00"
"Colombo","Gampaha","Pattivila","450","100.00"
"Colombo","Gampaha","Bollegala","450","100.00"
"Colombo","Gampaha","Thalwatta","450","100.00"
"Colombo","Gampaha","Pamunuwila","450","100.00"
"Colombo","Gampaha","Kohalwila","450","100.00"
"Colombo","Gampaha","Maguruwila","450","100.00"
"Colombo","Gampaha","Thorana Junction","450","100.00"
"Colombo","Gampaha","Bulugaha Junction","450","100.00"
"Colombo","Gampaha","Himbutuwelgoda","450","100.00"
"Colombo","Gampaha","Nungamugoda","450","100.00"
"Colombo","Gampaha","Sinharamulla","450","100.00"
"Colombo","Gampaha","Pilapitiya","450","100.00"
"Colombo","Gampaha","Pattiya Junction","450","100.00"
"Colombo","Gampaha","Weliamuna Road","450","100.00"
"Colombo","Gampaha","Elakanda","450","100.00"
"Colombo","Gampaha","Dikovita","450","100.00"
"Colombo","Gampaha","Oliyamulla","450","100.00"
"Colombo","Gampaha","Thelangapatha","450","100.00"
"Colombo","Gampaha","Thelangapatha","450","100.00"
"Colombo","Gampaha","Wewelduwa","450","100.00"
"Colombo","Gampaha","Akbar Town","450","100.00"
"Colombo","Gampaha","Gongithota","450","100.00"
"Colombo","Gampaha","Welikadamulla Road","450","100.00"
"Colombo","Gampaha","Nawaloka Junction","450","100.00"
"Colombo","Gampaha","Magulpokuna","450","100.00"
"Colombo","Gampaha","Ragama Junction","450","100.00"
"Colombo","Gampaha","Ragama","450","100.00"
"Colombo","Gampaha","Siriwardahana Road ragama","450","100.00"
"Colombo","Gampaha","Thalagolla","450","100.00"
"Colombo","Gampaha","dambuwa","450","100.00"
"Colombo","Gampaha","lanka matha road ragama","450","100.00"
"Colombo","Gampaha","Kadawatha road ragama","450","100.00"
"Colombo","Gampaha","Delpe junction","450","100.00"
"Colombo","Gampaha","Naligama junction","450","100.00"
"Colombo","Gampaha","Prison road ragama","450","100.00"
"Colombo","Gampaha","Galwala junction","450","100.00"
"Colombo","Gampaha","Welipillewa","450","100.00"
"Colombo","Gampaha","Thuduwegedara","450","100.00"
"Colombo","Gampaha","nagoda kandana","450","100.00"
"Colombo","Gampaha","Linton Ground","450","100.00"
"Colombo","Gampaha","Thewatta","450","100.00"
"Colombo","Gampaha","vihara mawatha Thewatta","450","100.00"
"Colombo","Gampaha","Narangoda Paluwa","450","100.00"
"Colombo","Gampaha","Batuwatta","450","100.00"
"Colombo","Gampaha","Walpola","450","100.00"
"Colombo","Gampaha","Jayasrigama","450","100.00"
"Colombo","Gampaha","Boystown ragama","450","100.00"
"Colombo","Gampaha","Podiveekumbura","450","100.00"
"Colombo","Gampaha","Mabola","450","100.00"
"Colombo","Gampaha","Mabole","450","100.00"
"Colombo","Gampaha","Elapitiwala","450","100.00"
"Colombo","Gampaha","Welikadamulla","450","100.00"
"Colombo","Gampaha","Halanduruwa","450","100.00"
"Colombo","Gampaha","Mattumagala","450","100.00"
"Colombo","Gampaha","Appugewatta","450","100.00"
"Colombo","Gampaha","THELAGAPATHA","450","100.00"
"Colombo","Gampaha","Wewalduwa","450","100.00"
"Colombo","Gampaha","AWERIYAWATTA ROAD","450","100.00"
"Colombo","Gampaha","CHURCH RD WATTALA","450","100.00"
"Colombo","Gampaha","CHURCH ROAD WATTALA","450","100.00"
"Colombo","Gampaha","ALWIS TOWN WATTALA","450","100.00"
"Colombo","Gampaha","Dippitigoda","450","100.00"
"Colombo","Gampaha","Governors Park WATTALA","450","100.00"
"Colombo","Gampaha","Padiliyathuduwa","450","100.00"
"Colombo","Gampaha","Waragoda","450","100.00"
"Colombo","Gampaha","Wedamulla","450","100.00"
"Colombo","Gampaha","Nungamugoda","450","100.00"
"Colombo","Gampaha","KELANIYA VIHARA MAWATHA","450","100.00"
"Colombo","Gampaha","WARAGODA ESTATE","450","100.00"
"Colombo","Gampaha","Naramminiya","450","100.00"
"Colombo","Gampaha","BIYAGAMA RD KELANIYA","450","100.00"
"Colombo","Gampaha","NAYAKAKANDA","450","100.00"
"Colombo","Gampaha","Palliyawatta","450","100.00"
"Colombo","Gampaha","MARADANA ROAD WATTALA","450","100.00"
"Colombo","Gampaha","Awarakotuwa","450","100.00"
"Colombo","Gampaha","Weliamuna","450","100.00"
"Colombo","Gampaha","KADAWATHA ROAD","450","100.00"
"Colombo","Gampaha","Kendaliyaddapaluwa","450","100.00"
"Colombo","Gampaha","Lenchiyawatta","450","100.00"
"Colombo","Gampaha","RAGAMA TOWN","450","100.00"
"Colombo","Gampaha","Narangodapaluwa","450","100.00"
"Colombo","Gampaha","Pattiwila","450","100.00"
"Colombo","Gampaha","Bathalahenawatta","450","100.00"
"Colombo","Gampaha","hospital road kiribathgoda","450","100.00"
"Colombo","Gampaha","Heenkenda","450","100.00"
"Colombo","Kandy","Ambagahapelessa","500","100.00"
"Colombo","Kandy","Barawardhana Oya","500","100.00"
"Colombo","Kandy","Batumulla","500","100.00"
"Colombo","Kandy","Handaganawa","500","100.00"
"Colombo","Kandy","Hasalaka","500","100.00"
"Colombo","Kandy","Kolongoda","500","100.00"
"Colombo","Kandy","Rantembe","500","100.00"
"Colombo","Kandy","Ulpothagama","500","100.00"
"Colombo","Kandy","Weragantota","500","100.00"
"Colombo","Gampaha","Devagiriya","500","100.00"
"Colombo","Gampaha","Etanawala","500","100.00"
"Colombo","Gampaha","Hattota Amuna","500","100.00"
"Colombo","Gampaha","Perakanatta","500","100.00"
"Colombo","Ampara","Damanewela","500","100.00"
"Colombo","Ampara","Dorakumbura","500","100.00"
"Colombo","Ampara","Kolamanthalawa","500","100.00"
"Colombo","Ampara","Mawanagama","500","100.00"
"Colombo","Ampara","Nawamedagama","500","100.00"
"Colombo","Ampara","Padiyatalawa","500","100.00"
"Colombo","Ampara","Siripura","500","100.00"
"Colombo","Badulla","Aluketiyawa","500","100.00"
"Colombo","Badulla","Aluttaramma","500","100.00"
"Colombo","Badulla","Arawa","500","100.00"
"Colombo","Badulla","Arawatta","500","100.00"
"Colombo","Badulla","Baduluoya","500","100.00"
"Colombo","Badulla","Dambana","500","100.00"
"Colombo","Badulla","Divulapelessa","500","100.00"
"Colombo","Badulla","Galporuyaya","500","100.00"
"Colombo","Badulla","Girandurukotte","500","100.00"
"Colombo","Badulla","Hebarawa","500","100.00"
"Colombo","Badulla","Kandaketya","500","100.00"
"Colombo","Badulla","Keselpotha","500","100.00"
"Colombo","Badulla","Kuruwitenna","500","100.00"
"Colombo","Badulla","Malgoda","500","100.00"
"Colombo","Badulla","Mapakadawewa","500","100.00"
"Colombo","Badulla","Pahalarathkinda","500","100.00"
"Colombo","Badulla","Sorabora Colony","500","100.00"
"Colombo","Badulla","Uva Tissapura","500","100.00"
"Colombo","Badulla","Wewatta","500","100.00"
"Colombo","Badulla","Mahiyanganaya","500","100.00"
"Colombo","Badulla","Minipe","500","100.00"
"Colombo","Kandy","Weraganthota","500","100.00"
"Colombo","Matale","Dunuwilapitiya","500","100.00"
"Colombo","Matale","Handungamuwa","500","100.00"
"Colombo","Matale","Laggala Pallegama","500","100.00"
"Colombo","Matale","lllukkumbura","500","100.00"
"Colombo","Matale","Nugagolla","500","100.00"
"Colombo","Matale","Ranamuregama","500","100.00"
"Colombo","Badulla","Aluththaramma","500","100.00"
"Colombo","Badulla","Arawaththa","500","100.00"
"Colombo","Badulla","Badulu Oya","500","100.00"
"Colombo","Badulla","Uva Thissapura","500","100.00"
"Colombo","Badulla","Wewaththa","500","100.00"
"Colombo","Badulla","Kuruwithenna","500","100.00"
"Colombo","Ampara","Dhiaththakandiya","500","100.00"
"Colombo","Badulla","Andaulpotha","500","100.00"
"Colombo","Kandy","Morayaya","500","100.00"
"Colombo","Kandy","Pallewaththa","500","100.00"
"Colombo","Ampara","Uththalapura","500","100.00"
"Colombo","Ampara","Bakmeedeniya","500","100.00"
"Colombo","Ampara","Theldeniyaya","500","100.00"
"Colombo","Ampara","Kadirapura","500","100.00"
"Colombo","Matale","Wilgamuwa","500","100.00"
"Colombo","Ampara","padiyathalawa","500","100.00"
"Colombo","Ampara","Navamedagama","500","100.00"
"Colombo","Ampara","NUWARAGALATHENNA","500","100.00"
"Colombo","Ampara","PALATURUELLA","500","100.00"
"Colombo","Ampara","SERANKADA","500","100.00"
"Colombo","Ampara","Beligalla","500","100.00"
"Colombo","Badulla","Ranamure","500","100.00"
"Colombo","Badulla","guruwela","500","100.00"
"Colombo","Badulla","Laggala","500","100.00"
"Colombo","Badulla","kalugaga","500","100.00"
"Colombo","Badulla","haththota amuna","500","100.00"
"Colombo","Badulla","maoya","500","100.00"
"Colombo","Badulla","thorapitiya","500","100.00"
"Colombo","Badulla","dewaladeniya","500","100.00"
"Colombo","Badulla","wallewela","500","100.00"
"Colombo","Badulla","leloya","500","100.00"
"Colombo","Badulla","kalugaga dam","500","100.00"
"Colombo","Badulla","hadungamuwa","500","100.00"
"Colombo","Badulla","dewagiriya","500","100.00"
"Colombo","Badulla","wasgamuwa","500","100.00"
"Colombo","Badulla","perakanaththa","500","100.00"
"Colombo","Badulla","Barawardhanaoya","500","100.00"
"Colombo","Badulla","Mahiyangana","500","100.00"
"Colombo","Ampara","kiriwana","500","100.00"
"Colombo","Ampara","kehelulla","500","100.00"
"Colombo","Ampara","holike","500","100.00"
"Colombo","Ampara","marangala","500","100.00"
"Colombo","Ampara","Palathuruwella","500","100.00"
"Colombo","Ampara","Pulungasmulla","500","100.00"
"Colombo","Ampara","harasgala","500","100.00"
"Colombo","Badulla","Sorabora","500","100.00"
"Colombo","Badulla","Haddaththeva","500","100.00"
"Colombo","Badulla","Meegahahena","500","100.00"
"Colombo","Badulla","Aluththarama","500","100.00"
"Colombo","Badulla","Bathalayaya","500","100.00"
"Colombo","Badulla","Milleththewa","500","100.00"
"Colombo","Badulla","Giradurukotte","500","100.00"
"Colombo","Badulla","Agale Oya","500","100.00"
"Colombo","Badulla","Hobariyawa","500","100.00"
"Colombo","Badulla","Rathhinda","500","100.00"
"Colombo","Badulla","Ulhitiya","500","100.00"
"Colombo","Badulla","Theldeniyaya","500","100.00"
"Colombo","Badulla","Diyaviddagama","500","100.00"
"Colombo","Badulla","Wewugama","500","100.00"
"Colombo","Badulla","Nawamedagama","500","100.00"
"Colombo","Badulla","Sadunpura","500","100.00"
"Colombo","Badulla","damanewela","500","100.00"
"Colombo","Badulla","Lihiniyagama","500","100.00"
"Colombo","Badulla","Sandamadulla","500","100.00"
"Colombo","Badulla","siripura","500","100.00"
"Colombo","Badulla","Laggala pallegama","500","100.00"
"Colombo","Badulla","Thuvaragala","500","100.00"
"Colombo","Badulla","Diulapelessa","500","100.00"
"Colombo","Badulla","Naminigama","500","100.00"
"Colombo","Badulla","Wilgamuwa","500","100.00"
"Colombo","Badulla","Nugagolla","500","100.00"
"Colombo","Badulla","Bathgampala","500","100.00"
"Colombo","Badulla","Devagiriya","500","100.00"
"Colombo","Badulla","Handungamuwa","500","100.00"
"Colombo","Badulla","Maraka","500","100.00"
"Colombo","Badulla","raththotayaya","500","100.00"
"Colombo","Badulla","Wiranagama","500","100.00"
"Colombo","Badulla","Ginnoruwa","500","100.00"
"Colombo","Badulla","Laggala-Pallegama","500","100.00"
"Colombo","Badulla","Laggala","500","100.00"
"Colombo","Badulla","Devaladeniya","500","100.00"
"Colombo","Badulla","Ridikotaliya","500","100.00"
"Colombo","Badulla","Mahiyangana Puja Nagaraya","500","100.00"
"Colombo","Badulla","Dambarawa","500","100.00"
"Colombo","Badulla","Pagaragammana","500","100.00"
"Colombo","Badulla","Senavigama","500","100.00"
"Colombo","Badulla","Mapakada","500","100.00"
"Colombo","Badulla","Dikkendayaya","500","100.00"
"Colombo","Badulla","thissapura","500","100.00"
"Colombo","Badulla","aluketiyava","500","100.00"
"Colombo","Badulla","adaulpatha","500","100.00"
"Colombo","Badulla","Medayaya","500","100.00"
"Colombo","Badulla","Kuruvithenna","500","100.00"
"Colombo","Badulla","Ritigaharawa","500","100.00"
"Colombo","Badulla","Buddankotte","500","100.00"
"Colombo","Badulla","Meegahapitiya","500","100.00"
"Colombo","Badulla","Dehigolla","500","100.00"
"Colombo","Badulla","Kudagalayaya","500","100.00"
"Colombo","Badulla","aravaththa","500","100.00"
"Colombo","Badulla","Orubendiwewa","500","100.00"
"Colombo","Badulla","Beligalla","500","100.00"
"Colombo","Badulla","Kirawana","500","100.00"
"Colombo","Badulla","Padiyathalawa","500","100.00"
"Colombo","Badulla","Galode","500","100.00"
"Colombo","Badulla","Serankada","500","100.00"
"Colombo","Badulla","Harasgala","500","100.00"
"Colombo","Badulla","Wahawa","500","100.00"
"Colombo","Badulla","Kehelulla","500","100.00"
"Colombo","Badulla","Morayaya","500","100.00"
"Colombo","Badulla","Ambahapelessa","500","100.00"
"Colombo","Badulla","Rantambe","500","100.00"
"Colombo","Badulla","Hasalaka","500","100.00"
"Colombo","Badulla","Gurulupotha","500","100.00"
"Colombo","Badulla","Ulpathagama","500","100.00"
"Colombo","Badulla","Udathwewa","500","100.00"
"Colombo","Badulla","Heen gaga","500","100.00"
"Colombo","Badulla","Kolongoda","500","100.00"
"Colombo","Badulla","Ikiriyagoda","500","100.00"
"Colombo","Mullaitivu","Alampil","500","100.00"
"Colombo","Mullaitivu","Kokkilai","500","100.00"
"Colombo","Mullaitivu","Mullativu","500","100.00"
"Colombo","Mullaitivu","Mullivaikkal","500","100.00"
"Colombo","Mullaitivu","Muthauyan Kaddakulam","500","100.00"
"Colombo","Mullaitivu","Odduchudan","500","100.00"
"Colombo","Mullaitivu","Udayarkaddu","500","100.00"
"Colombo","Mullaitivu","Maritimepattu","500","100.00"
"Colombo","Mullaitivu","Thanniyuththu","500","100.00"
"Colombo","Mullaitivu","Iranaippalai","500","100.00"
"Colombo","Mullaitivu","Vadduvakal","500","100.00"
"Colombo","Mullaitivu","Vellamullivaikal","500","100.00"
"Colombo","Mullaitivu","Valayanmadam","500","100.00"
"Colombo","Mullaitivu","Pirappuvedduvan","500","100.00"
"Colombo","Mullaitivu","Muththaiyankaddukulam","500","100.00"
"Colombo","Mullaitivu","Nedunkerny","500","100.00"
"Colombo","Mullaitivu","Keppapilavu","500","100.00"
"Colombo","Mullaitivu","Moongilaru","500","100.00"
"Colombo","Mullaitivu","Mukathuvaram","500","100.00"
"Colombo","Mullaitivu","semmalai","500","100.00"
"Colombo","Mullaitivu","semmalei","500","100.00"
"Colombo","Mullaitivu","Vattappalai","500","100.00"
"Colombo","Mullaitivu","Manatkudiyiruppu","500","100.00"
"Colombo","Mullaitivu","Mulliyawalai","500","100.00"
"Colombo","Mullaitivu","Mulliyavalai","500","100.00"
"Colombo","Mullaitivu","KARUVALANKANDAL","500","100.00"
"Colombo","Mullaitivu","Oddusuddan","500","100.00"
"Colombo","Mullaitivu","Kachilamadu","500","100.00"
"Colombo","Mullaitivu","Mannankandal","500","100.00"
"Colombo","Mullaitivu","Muthuiyankaddu","500","100.00"
"Colombo","Mullaitivu","Rampakulam","500","100.00"
"Colombo","Mullaitivu","Karuvalankandal","500","100.00"
"Colombo","Mullaitivu","Kachilamadu","500","100.00"
"Colombo","Mullaitivu","Mannakandal","500","100.00"
"Colombo","Mullaitivu","Muthuiyankaddu","500","100.00"
"Colombo","Mullaitivu","Rampakulam","500","100.00"
"Colombo","Mullaitivu","Katkulam","500","100.00"
"Colombo","Mullaitivu","Palampaasi","500","100.00"
"Colombo","Mullaitivu","Thanduvan","500","100.00"
"Colombo","Mullaitivu","Kallikadu","500","100.00"
"Colombo","Mullaitivu","SIVANAKAR","500","100.00"
"Colombo","Mullaitivu","Maamoolai","500","100.00"
"Colombo","Mullaitivu","Kanukkeni","500","100.00"
"Colombo","Mullaitivu","Kumarapuram","500","100.00"
"Colombo","Mullaitivu","Neeravipiddy","500","100.00"
"Colombo","Mullaitivu","Vattapalai","500","100.00"
"Colombo","Mullaitivu","Selvapuram","500","100.00"
"Colombo","Mullaitivu","Mullivaikkal","500","100.00"
"Colombo","Mullaitivu","Uduppukulam","500","100.00"
"Colombo","Mullaitivu","Uppumaaveli","500","100.00"
"Colombo","Mullaitivu","Kokkuththoduvai","500","100.00"
"Colombo","Mullaitivu","nayaaru","500","100.00"
"Colombo","Mullaitivu","Puliyamunai","500","100.00"
"Colombo","Mullaitivu","Thankapuram","500","100.00"
"Colombo","Mullaitivu","Puthanvayal","500","100.00"
"Colombo","Mullaitivu","Vattapalai","500","100.00"
"Colombo","Mullaitivu","Puthukkudiyiruppu","500","100.00"
"Colombo","Mullaitivu","Iranaippalai","500","100.00"
"Colombo","Mullaitivu","Puthumathalan","500","100.00"
"Colombo","Mullaitivu","Manthuvil","500","100.00"
"Colombo","Mullaitivu","Suthanthirapuram","500","100.00"
"Colombo","Mullaitivu","Udayarkattu","500","100.00"
"Colombo","Mullaitivu","Theraavil","500","100.00"
"Colombo","Mullaitivu","Pokkanai","500","100.00"
"Colombo","Galle","Ahangama","450","100.00"
"Colombo","Galle","Anangoda","450","100.00"
"Colombo","Galle","Angulugaha","450","100.00"
"Colombo","Galle","Ankokkawala","450","100.00"
"Colombo","Galle","Dikkumbura","450","100.00"
"Colombo","Galle","Ginimellagaha","450","100.00"
"Colombo","Galle","Gintota","450","100.00"
"Colombo","Galle","Gonamulla Junction","450","100.00"
"Colombo","Galle","Gonapinuwala","450","100.00"
"Colombo","Galle","Hapugala","450","100.00"
"Colombo","Galle","Hawpe","450","100.00"
"Colombo","Galle","Hinatigala","450","100.00"
"Colombo","Galle","Hiyare","450","100.00"
"Colombo","Galle","Ihala Walpola","450","100.00"
"Colombo","Galle","Kananke Bazaar","450","100.00"
"Colombo","Galle","Karagoda","450","100.00"
"Colombo","Galle","Karapitiya","450","100.00"
"Colombo","Galle","Koggala","450","100.00"
"Colombo","Galle","Kottawagama","450","100.00"
"Colombo","Galle","lmaduwa","450","100.00"
"Colombo","Galle","Magedara","450","100.00"
"Colombo","Galle","Meda-Keembiya","450","100.00"
"Colombo","Galle","Parana ThanaYamgoda","450","100.00"
"Colombo","Galle","Ratgama","450","100.00"
"Colombo","Galle","Talpe","450","100.00"
"Colombo","Galle","Tiranagama","450","100.00"
"Colombo","Galle","Udalamatta","450","100.00"
"Colombo","Galle","Uluvitike","450","100.00"
"Colombo","Galle","Unawatuna","450","100.00"
"Colombo","Galle","Unanwitiya","450","100.00"
"Colombo","Galle","Wakwella","450","100.00"
"Colombo","Galle","Walahanduwa","450","100.00"
"Colombo","Galle","Wanchawela","450","100.00"
"Colombo","Galle","Akmeemana","450","100.00"
"Colombo","Galle","Ginthota","450","100.00"
"Colombo","Galle","Nakiyadeniya","450","100.00"
"Colombo","Galle","Rathgama","450","100.00"
"Colombo","Galle","Thalpe","450","100.00"
"Colombo","Galle","Thiranagama","450","100.00"
"Colombo","Galle","Keembiya","450","100.00"
"Colombo","Galle","Keembiya","450","100.00"
"Colombo","Galle","Dadella","450","100.00"
"Colombo","Galle","Dadella","450","100.00"
"Colombo","Galle","Mahamodara","450","100.00"
"Colombo","Galle","Yaddehimulla","450","100.00"
"Colombo","Galle","Thiththagalla","450","100.00"
"Colombo","Galle","Batuwanhena","450","100.00"
"Colombo","Galle","Pinnaduwa","450","100.00"
"Colombo","Galle","Udamaththa","450","100.00"
"Colombo","Galle","Yatalamaththa","450","100.00"
"Colombo","Galle","Athumale","450","100.00"
"Colombo","Galle","Katugoda","450","100.00"
"Colombo","Galle","kaluwella","450","100.00"
"Colombo","Galle","kadurugashena","450","100.00"
"Colombo","Galle","Mampitiya","450","100.00"
"Colombo","Galle","bataduwa","450","100.00"
"Colombo","Galle","Galle","450","100.00"
"Colombo","Galle","Malamura","450","100.00"
"Colombo","Galle","Galle town","450","100.00"
"Colombo","Galle","Ketandola","450","100.00"
"Colombo","Galle","Madakumburamulla","450","100.00"
"Colombo","Galle","Wackwella","450","100.00"
"Colombo","Galle","Talagampola","450","100.00"
"Colombo","Galle","Thalagampola","450","100.00"
"Colombo","Galle","Magalla","450","100.00"
"Colombo","Galle","Waulagala","450","100.00"
"Colombo","Galle","Dadalla","450","100.00"
"Colombo","Galle","Boossa","450","100.00"
"Colombo","Galle","Katudampe","450","100.00"
"Colombo","Galle","Ranapanadeniya","450","100.00"
"Colombo","Galle","Rejjipura","450","100.00"
"Colombo","Galle","Rathna Udagama","450","100.00"
"Colombo","Galle","Maha Hapugala","450","100.00"
"Colombo","Galle","Yakgaha","450","100.00"
"Colombo","Galle","Southern Court","450","100.00"
"Colombo","Galle","Manavila","450","100.00"
"Colombo","Galle","Udugama Road","450","100.00"
"Colombo","Galle","Haliwala","450","100.00"
"Colombo","Galle","Jambuketiya","450","100.00"
"Colombo","Galle","Mapalagama Road","450","100.00"
"Colombo","Galle","Talgasyaya","450","100.00"
"Colombo","Galle","Keebiya","450","100.00"
"Colombo","Galle","Meda Keembiya","450","100.00"
"Colombo","Galle","Bovitiyamulla","450","100.00"
"Colombo","Galle","Udalamaththa","450","100.00"
"Colombo","Galle","Gammeddegoda","450","100.00"
"Colombo","Galle","Aluth Ihala","450","100.00"
"Colombo","Galle","Aluth Pahala","450","100.00"
"Colombo","Galle","Urala","450","100.00"
"Colombo","Galle","Gonamulla","450","100.00"
"Colombo","Galle","Ihala Keembiya","450","100.00"
"Colombo","Galle","Thalgampola","450","100.00"
"Colombo","","","150.1","100.00"
"Colombo","","","500","100.00"
"Colombo","Kurunegala","Iriyagolla","500","100.00"
"Colombo","Kurunegala","Kumbukwewa","500","100.00"
"Colombo","Kurunegala","Madahapola","500","100.00"
"Colombo","Kurunegala","Melsiripura","500","100.00"
"Colombo","Kurunegala","Panagamuwa","500","100.00"
"Colombo","Kurunegala","Panliyadda","500","100.00"
"Colombo","Kurunegala","Pansiyagama","500","100.00"
"Colombo","Kurunegala","Pihimbuwa","500","100.00"
"Colombo","Kurunegala","Ibbagamuwa","500","100.00"
"Colombo","Kurunegala","Rideegama","500","100.00"
"Colombo","Matale","Beligamuwa","500","100.00"
"Colombo","Kurunegala","Keppitigala","500","100.00"
"Colombo","Kurunegala","Katiyawa","500","100.00"
"Colombo","Kurunegala","Thalgodapitiya","500","100.00"
"Colombo","Kurunegala","Ipalawa","500","100.00"
"Colombo","Kurunegala","Kadulawa","500","100.00"
"Colombo","Kurunegala","Rambe","500","100.00"
"Colombo","Kurunegala","Maeliya","500","100.00"
"Colombo","Kurunegala","Rambadagalla","500","100.00"
"Colombo","Kurunegala","Dodangaslanda","500","100.00"
"Colombo","Kurunegala","Gokarella","500","100.00"
"Colombo","Kurunegala","Omaragolla","500","100.00"
"Colombo","Kurunegala","Kumbukwewa","500","100.00"
"Colombo","Kurunegala","Madahapola","500","100.00"
"Colombo","Kurunegala","Melsiripura","500","100.00"
"Colombo","Kurunegala","Panagamuwa","500","100.00"
"Colombo","Kurunegala","Panliyadda","500","100.00"
"Colombo","Kurunegala","Pansiyagama","500","100.00"
"Colombo","Kurunegala","Pihimbuwa","500","100.00"
"Colombo","Kurunegala","Ibbagamuwa","500","100.00"
"Colombo","Kurunegala","Rideegama","500","100.00"
"Colombo","Kurunegala","Keppitigala","500","100.00"
"Colombo","Kurunegala","Katiyawa","500","100.00"
"Colombo","Kurunegala","Thalgodapitiya","500","100.00"
"Colombo","Kurunegala","Ipalawa","500","100.00"
"Colombo","Kurunegala","Kadulawa","500","100.00"
"Colombo","Kurunegala","Rambe","500","100.00"
"Colombo","Kurunegala","Maeliya","500","100.00"
"Colombo","Kurunegala","Rambadagalla","500","100.00"
"Colombo","Kurunegala","Dodangaslanda","500","100.00"
"Colombo","Kurunegala","Dodangaslanda","500","100.00"
"Colombo","Kurunegala","Gokarella","500","100.00"
"Colombo","Kurunegala","Omaragolla","500","100.00"
"Colombo","Kurunegala","Maeliya","500","100.00"
"Colombo","Kurunegala","Pangolla","500","100.00"
"Colombo","Kurunegala","Pelakumbura","500","100.00"
"Colombo","Kurunegala","Kiribamuna","500","100.00"
"Colombo","Kurunegala","Thihawa","500","100.00"
"Colombo","Kurunegala","Manapaha","500","100.00"
"Colombo","Kurunegala","Galewela","500","100.00"
"Colombo","Kurunegala","Diythure","500","100.00"
"Colombo","Kurunegala","Dodamgaslanda","500","100.00"
"Colombo","Matale","Eriyagolla","500","100.00"
"Colombo","Kurunegala","Wegama","500","100.00"
"Colombo","Matale","Ussawa","500","100.00"
"Colombo","Kurunegala","Alipallama","500","100.00"
"Colombo","Anuradhapura","Medawachchiya","500","100.00"
"Colombo","Anuradhapura","Wahamalgollewa","500","100.00"
"Colombo","Anuradhapura","ataweeragollawa","500","100.00"
"Colombo","Anuradhapura","ulpathgama","500","100.00"
"Colombo","Anuradhapura","Ikirigollewa","500","100.00"
"Colombo","Anuradhapura","kallanchiya","500","100.00"
"Colombo","Anuradhapura","welioya juntion","500","100.00"
"Colombo","Vavuniya","Medawachchiya","500","100.00"
"Colombo","Vavuniya","Poonewa","500","100.00"
"Colombo","Vavuniya","Medawachchiya","500","100.00"
"Colombo","Vavuniya","Poonewa","500","100.00"
"Colombo","Vavuniya","Poonewa","500","100.00"
"Colombo","Anuradhapura","Kubugollawa","500","100.00"
"Colombo","Vavuniya","Sangilikanadarawewa","500","100.00"
"Colombo","Anuradhapura","Isinbessegala","500","100.00"
"Colombo","Anuradhapura","pallankulama","500","100.00"
"Colombo","Anuradhapura","Walahamalewa","500","100.00"
"Colombo","Anuradhapura","Malsalawa Road","500","100.00"
"Colombo","Anuradhapura","Katuwela","500","100.00"
"Colombo","Anuradhapura","Kubugollawa","500","100.00"
"Colombo","Anuradhapura","Kanadarewa","500","100.00"
"Colombo","Anuradhapura","Sangilikanadarawewa","500","100.00"
"Colombo","Anuradhapura","Ekirikanda","500","100.00"
"Colombo","Anuradhapura","Isinbessegala","500","100.00"
"Colombo","Anuradhapura","Wasanapura","500","100.00"
"Colombo","Anuradhapura","Dambuwewa","500","100.00"
"Colombo","Anuradhapura","Ulpathgama","500","100.00"
"Colombo","Anuradhapura","Helambagaswewa","500","100.00"
"Colombo","Anuradhapura","Angunochchiya","500","100.00"
"Colombo","Anuradhapura","lenadiulwewa","500","100.00"
"Colombo","Anuradhapura","kidalgalegama","500","100.00"
"Colombo","Anuradhapura","Ihala Thammannawa","500","100.00"
"Colombo","Anuradhapura","Guru Kandegama","500","100.00"
"Colombo","Anuradhapura","Puhudivula","500","100.00"
"Colombo","Anuradhapura","Galegama","500","100.00"
"Colombo","Anuradhapura","Kongollewa","500","100.00"
"Colombo","Anuradhapura","Aluth Halmillawa","500","100.00"
"Colombo","Anuradhapura","Parana Halmillawewa","500","100.00"
"Colombo","Anuradhapura","Bellankadawala","500","100.00"
"Colombo","Kurunegala","Bamunukotuwa","450","100.00"
"Colombo","Kurunegala","Bandara Koswatta","450","100.00"
"Colombo","Kurunegala","Hengamuwa","450","100.00"
"Colombo","Kurunegala","Kanattewewa","450","100.00"
"Colombo","Kurunegala","Kosdeniya","450","100.00"
"Colombo","Kurunegala","Malagane","450","100.00"
"Colombo","Kurunegala","Minuwangete","450","100.00"
"Colombo","Kurunegala","Mirihanagama","450","100.00"
"Colombo","Kurunegala","Padeniya","450","100.00"
"Colombo","Kurunegala","Panadaragama","450","100.00"
"Colombo","Kurunegala","Tuttiripitigama","450","100.00"
"Colombo","Kurunegala","Wellawa","450","100.00"
"Colombo","Kurunegala","Bamunakotuwa","450","100.00"
"Colombo","Kurunegala","Kobeigane","450","100.00"
"Colombo","Kurunegala","Wariyapola","450","100.00"
"Colombo","Kurunegala","Bandara Koswaththa","450","100.00"
"Colombo","Kurunegala","Kanaththewewa","450","100.00"
"Colombo","Kurunegala","Minuwangethe","450","100.00"
"Colombo","Kurunegala","Mahakeliya","450","100.00"
"Colombo","Kurunegala","Mirihanegama","450","100.00"
"Colombo","Kurunegala","Withikuliya","450","100.00"
"Colombo","Kurunegala","Vithikuliya","450","100.00"
"Colombo","Kurunegala","Thuththiripitigama.","450","100.00"
"Colombo","Kurunegala","Withikuliya","450","100.00"
"Colombo","Kurunegala","Raba Wewa","450","100.00"
"Colombo","Kurunegala","Wariyapola - Puttalam Road","450","100.00"
"Colombo","Kurunegala","Aulegama","450","100.00"
"Colombo","Kurunegala","Malagane","450","100.00"
"Colombo","Kurunegala","Minuwangate","450","100.00"
"Colombo","Kurunegala","THUTHTHIRIPITIGAMA","450","100.00"
"Colombo","Kurunegala","BANDARAKOSWATHTHA","450","100.00"
"Colombo","Kurunegala","Madige Midiyala","450","100.00"
"Colombo","Kurunegala","Bamunugama","450","100.00"
"Colombo","Kurunegala","Pannawa","450","100.00"
"Colombo","Kurunegala","Yakadapatha","450","100.00"
"Colombo","Kurunegala","Wellawa","450","100.00"
"Colombo","Kurunegala","katumuluwa","450","100.00"
"Colombo","Kurunegala","wilbagedara","450","100.00"
"Colombo","Kurunegala","habarawa","450","100.00"
"Colombo","Kurunegala","Henegedara","450","100.00"
"Colombo","Gampaha","Hiswella","450","100.00"
"Colombo","Gampaha","Kirindiwela","450","100.00"
"Colombo","Gampaha","Mandawala","450","100.00"
"Colombo","Gampaha","Mithirigala","450","100.00"
"Colombo","Gampaha","Pepiliyawala","450","100.00"
"Colombo","Gampaha","Radawana","450","100.00"
"Colombo","Gampaha","Urapola","450","100.00"
"Colombo","Gampaha","Walgammulla","450","100.00"
"Colombo","Gampaha","Meethirigala","450","100.00"
"Colombo","Gampaha","Dangalla","450","100.00"
"Colombo","Gampaha","Ranwala","450","100.00"
"Colombo","Gampaha","Pingamuwa","450","100.00"
"Colombo","Gampaha","Mailawalana","450","100.00"
"Colombo","Gampaha","Meddegama","450","100.00"
"Colombo","Gampaha","Pugoda","450","100.00"
"Colombo","Gampaha","KERAGALA","450","100.00"
"Colombo","Gampaha","keragala","450","100.00"
"Colombo","Gampaha","Mahena","450","100.00"
"Colombo","Gampaha","Wilibula","450","100.00"
"Colombo","Gampaha","Papiliyawala","450","100.00"
"Colombo","Gampaha","Jerman Watta","450","100.00"
"Colombo","Gampaha","Wedagama","450","100.00"
"Colombo","Gampaha","Walgammulla","450","100.00"
"Colombo","Gampaha","Diyawala","450","100.00"
"Colombo","Gampaha","Urapola","450","100.00"
"Colombo","Gampaha","Walgammulla","450","100.00"
"Colombo","Gampaha","keragala","450","100.00"
"Colombo","Gampaha","Ratambale","450","100.00"
"Colombo","Gampaha","Naduwaththa","450","100.00"
"Colombo","Gampaha","millathe","450","100.00"
"Colombo","Polonnaruwa","Divulankadawala","500","100.00"
"Colombo","Polonnaruwa","Diyabeduma","500","100.00"
"Colombo","Polonnaruwa","Diyasenpura","500","100.00"
"Colombo","Polonnaruwa","Lakshauyana","500","100.00"
"Colombo","Polonnaruwa","Maha Ambagaswewa","500","100.00"
"Colombo","Polonnaruwa","Meegaswewa","500","100.00"
"Colombo","Polonnaruwa","Minneriya","500","100.00"
"Colombo","Polonnaruwa","Wijayabapura","500","100.00"
"Colombo","Polonnaruwa","Medirigiriya","500","100.00"
"Colombo","Polonnaruwa","Hingurakgoda","500","100.00"
"Colombo","Polonnaruwa","Higurakgoda","500","100.00"
"Colombo","Polonnaruwa","Yudaganawa","500","100.00"
"Colombo","Polonnaruwa","Athumalpitiya","500","100.00"
"Colombo","Polonnaruwa","Galamuna","500","100.00"
"Colombo","Polonnaruwa","Medirigiriya town","500","100.00"
"Colombo","Polonnaruwa","Ambagaswewa","500","100.00"
"Colombo","Polonnaruwa","Hingurakgoda town","500","100.00"
"Colombo","Polonnaruwa","Katukeliyawa","500","100.00"
"Colombo","Polonnaruwa","Doradeka","500","100.00"
"Colombo","Polonnaruwa","pansalgodella","500","100.00"
"Colombo","Polonnaruwa","Wadigawewa","500","100.00"
"Colombo","Polonnaruwa","Hingurakgoda town","500","100.00"
"Colombo","Polonnaruwa","Hingurakgoda town","500","100.00"
"Colombo","Polonnaruwa","batuoya","500","100.00"
"Colombo","Polonnaruwa","Maharathamale","500","100.00"
"Colombo","Polonnaruwa","Kaduruwewa","500","100.00"
"Colombo","Polonnaruwa","Samaranadigama","500","100.00"
"Colombo","Polonnaruwa","BOTHALKARAWANGUWA","500","100.00"
"Colombo","Ratnapura","Daugala","500","100.00"
"Colombo","Ratnapura","Delwala","500","100.00"
"Colombo","Ratnapura","Gawaragiriya","500","100.00"
"Colombo","Ratnapura","Nawalakanda","500","100.00"
"Colombo","Ratnapura","Panapola","500","100.00"
"Colombo","Ratnapura","Pebotuwa","500","100.00"
"Colombo","Ratnapura","Ayagama","500","100.00"
"Colombo","Ratnapura","Kalawana","500","100.00"
"Colombo","Ratnapura","Wathurawa","500","100.00"
"Colombo","Ratnapura","Weddagala","500","100.00"
"Colombo","Ratnapura","Nikagoda","500","100.00"
"Colombo","Ratnapura","Kodippili Kanda","500","100.00"
"Colombo","Ratnapura","Karawita","500","100.00"
"Colombo","Ratnapura","Yakdehiwatta","500","100.00"
"Colombo","Ratnapura","Kukulegama","500","100.00"
"Colombo","Ratnapura","Pothupitiya","500","100.00"
"Colombo","Ratnapura","Medagalathura","500","100.00"
"Colombo","Ratnapura","Pimbura","500","100.00"
"Colombo","Ratnapura","Wewalkadura","500","100.00"
"Colombo","Ratnapura","Manana","500","100.00"
"Colombo","Ratnapura","Mipagama","500","100.00"
"Colombo","Ratnapura","Kelinkanda","500","100.00"
"Colombo","Ratnapura","Rambuka","500","100.00"
"Colombo","Ratnapura","Sinhalagoda","500","100.00"
"Colombo","Ratnapura","Tea janapadaya","500","100.00"
"Colombo","Ratnapura","koddippilikanda","500","100.00"
"Colombo","Ratnapura","Kukulegama dam","500","100.00"
"Colombo","Ratnapura","Athwelthota","500","100.00"
"Colombo","Kurunegala","Alahengama","450","100.00"
"Colombo","Kurunegala","Alahitiyawa","450","100.00"
"Colombo","Kurunegala","Awulegama","450","100.00"
"Colombo","Kurunegala","Bogamulla","450","100.00"
"Colombo","Kurunegala","Dambadeniya","450","100.00"
"Colombo","Kurunegala","Horambawa","450","100.00"
"Colombo","Kurunegala","Ihala Katugampala","450","100.00"
"Colombo","Kurunegala","Kalugamuwa","450","100.00"
"Colombo","Kurunegala","Karagahagedara","450","100.00"
"Colombo","Kurunegala","Katupota","450","100.00"
"Colombo","Kurunegala","Kekunagolla","450","100.00"
"Colombo","Kurunegala","Kirimetiyawa","450","100.00"
"Colombo","Kurunegala","Lonahettiya","450","100.00"
"Colombo","Kurunegala","Metiyagane","450","100.00"
"Colombo","Kurunegala","Moragane","450","100.00"
"Colombo","Kurunegala","Muruthenge","450","100.00"
"Colombo","Kurunegala","Pahamune","450","100.00"
"Colombo","Kurunegala","Welawa Juncton","450","100.00"
"Colombo","Kurunegala","Wennoruwa","450","100.00"
"Colombo","Kurunegala","Narammala","450","100.00"
"Colombo","Kurunegala","Weerambugedara","450","100.00"
"Colombo","Kurunegala","Katupotha","450","100.00"
"Colombo","Kurunegala","Narmmala","450","100.00"
"Colombo","Kurunegala","Kadahapola","450","100.00"
"Colombo","Kurunegala","ihala katugampola","450","100.00"
"Colombo","Kurunegala","Bogahamulla","450","100.00"
"Colombo","Kurunegala","Siyabalagaskotuwa","450","100.00"
"Colombo","Kurunegala","mathawa","450","100.00"
"Colombo","Kurunegala","wellegala","450","100.00"
"Colombo","Kurunegala","vilakatupotha","450","100.00"
"Colombo","Kurunegala","Katupotha - Rabawewa road","450","100.00"
"Colombo","Kurunegala","Werella","450","100.00"
"Colombo","Kurunegala","Kanogama","450","100.00"
"Colombo","Kurunegala","Hammaliya","450","100.00"
"Colombo","Kurunegala","Telahera","450","100.00"
"Colombo","Kurunegala","Alahenegama","450","100.00"
"Colombo","Kurunegala","Mudalpola watta","450","100.00"
"Colombo","Kurunegala","Elavitigama","450","100.00"
"Colombo","Kurunegala","Piyumgalla","450","100.00"
"Colombo","Kurunegala","Waripola Town-Chilaw road","450","100.00"
"Colombo","Kurunegala","Galwanguwa","450","100.00"
"Colombo","Kurunegala","Penthenigoda","450","100.00"
"Colombo","Kurunegala","Polgahayaya","450","100.00"
"Colombo","Kurunegala","Narammala Town","450","100.00"
"Colombo","Kurunegala","Ranawaththa","450","100.00"
"Colombo","Kurunegala","Bemmullegedara","450","100.00"
"Colombo","Kurunegala","Sewendana","450","100.00"
"Colombo","Kurunegala","Meewewa","450","100.00"
"Colombo","Kurunegala","Kiralabokka","450","100.00"
"Colombo","Kurunegala","Weerambugedara","450","100.00"
"Colombo","Kurunegala","Karagahagedara","450","100.00"
"Colombo","Kurunegala","Katupotha","450","100.00"
"Colombo","Kurunegala","Kadahapola","450","100.00"
"Colombo","Kurunegala","Katupotha - Kadahapola","450","100.00"
"Colombo","Kurunegala","Horombawa","450","100.00"
"Colombo","Kurunegala","Nakkawatta","450","100.00"
"Colombo","Kurunegala","Manawa","450","100.00"
"Colombo","Kurunegala","Kirimetiyawa","450","100.00"
"Colombo","Kurunegala","Maviala","450","100.00"
"Colombo","Kurunegala","Dematawa","450","100.00"
"Colombo","Kurunegala","Damunawa","450","100.00"
"Colombo","Kurunegala","Narammala - Negambo Road","450","100.00"
"Colombo","Kurunegala","Halwella","450","100.00"
"Colombo","Kurunegala","DAMPELESSA","450","100.00"
"Colombo","Kurunegala","Giranakanda","450","100.00"
"Colombo","Kurunegala","Nakalagamuwa","450","100.00"
"Colombo","Kurunegala","Midellagolla","450","100.00"
"Colombo","Kurunegala","Kiulgalla","450","100.00"
"Colombo","Kurunegala","Muthugala","450","100.00"
"Colombo","Kurunegala","Dambadeniya","450","100.00"
"Colombo","Kurunegala","Katugampola","450","100.00"
"Colombo","Kurunegala","Dikirikewa","450","100.00"
"Colombo","Kurunegala","Horombawa","450","100.00"
"Colombo","Kurunegala","Lokahettiya","450","100.00"
"Colombo","Kandy","Dekinda","500","100.00"
"Colombo","Kandy","Dolosbage","500","100.00"
"Colombo","Kandy","Galaboda","500","100.00"
"Colombo","Kandy","Nawalapitiya","500","100.00"
"Colombo","Kandy","Rambukpitiya","500","100.00"
"Colombo","Kandy","Weligampola","500","100.00"
"Colombo","Kandy","Balanthota","500","100.00"
"Colombo","Kandy","Inguru Oya","500","100.00"
"Colombo","Kandy","Harangala","500","100.00"
"Colombo","Kandy","Hapugasthalawa","500","100.00"
"Colombo","Kandy","GORAKAOYA","500","100.00"
"Colombo","Kandy","BAWWAGAMA","500","100.00"
"Colombo","Kandy","UDABULATHGAMA","500","100.00"
"Colombo","Kandy","Mallanda","500","100.00"
"Colombo","Kandy","Shemrock","500","100.00"
"Colombo","Kandy","Ambagamuwa","500","100.00"
"Colombo","Kandy","Tispane","500","100.00"
"Colombo","Kandy","Ketabulawa","500","100.00"
"Colombo","Kandy","Ahaswewa","500","100.00"
"Colombo","Kandy","Gonawalapathana","500","100.00"
"Colombo","Kandy","selambridge","500","100.00"
"Colombo","Kandy","Inguru Oya","500","100.00"
"Colombo","Kandy","Donside","500","100.00"
"Colombo","Kandy","Thispane","500","100.00"
"Colombo","Kandy","Kadiyenlena","500","100.00"
"Colombo","Kandy","Imbulpitiya","500","100.00"
"Colombo","Kandy","Solankanda","500","100.00"
"Colombo","Kandy","Paragala","500","100.00"
"Colombo","Kandy","Rakshawa","500","100.00"
"Colombo","Kandy","Galamuduna","500","100.00"
"Colombo","Kandy","Montecristo Estate","500","100.00"
"Colombo","Kandy","Meepitiya","500","100.00"
"Colombo","Badulla","Ridimaliyadda","500","100.00"
"Colombo","Badulla","Uraniya","500","100.00"
"Colombo","Monaragala","Dambagalla","500","100.00"
"Colombo","Monaragala","Nannapurawa","500","100.00"
"Colombo","Monaragala","Bibile","500","100.00"
"Colombo","Badulla","Rideemaliyadda","500","100.00"
"Colombo","Monaragala","Bibila","500","100.00"
"Colombo","Monaragala","bakinigahawela","500","100.00"
"Colombo","Monaragala","medagama","500","100.00"
"Colombo","Monaragala","yalkumbura","500","100.00"
"Colombo","Monaragala","ekiriyankumbura","500","100.00"
"Colombo","Monaragala","pitakumbura","500","100.00"
"Colombo","Monaragala","kotagama","500","100.00"
"Colombo","Badulla","Yalwela","500","100.00"
"Colombo","Monaragala","Kotabowa","500","100.00"
"Colombo","Monaragala","Diviyapola","500","100.00"
"Colombo","Monaragala","Bibila junction","500","100.00"
"Colombo","Monaragala","Pitakumbura","500","100.00"
"Colombo","Monaragala","Bulupitiya","500","100.00"
"Colombo","Badulla","kandegama","500","100.00"
"Colombo","Monaragala","iwela","500","100.00"
"Colombo","Monaragala","kanulwela","500","100.00"
"Colombo","Monaragala","Dodamgolla","500","100.00"
"Colombo","Monaragala","Kuruwamba","500","100.00"
"Colombo","Monaragala","nagala","500","100.00"
"Colombo","Monaragala","Radaliyadda","500","100.00"
"Colombo","Monaragala","puwakpele","500","100.00"
"Colombo","Monaragala","Ambagolla","500","100.00"
"Colombo","Monaragala","wegama","500","100.00"
"Colombo","Monaragala","hepola","500","100.00"
"Colombo","Monaragala","yalwela","500","100.00"
"Colombo","Monaragala","KAUDELLA","500","100.00"
"Colombo","Monaragala","HEWELWELA","500","100.00"
"Colombo","Monaragala","UNAGOLLA","500","100.00"
"Colombo","Monaragala","YALKUBURA","500","100.00"
"Colombo","Monaragala","MUDIYALA","500","100.00"
"Colombo","Monaragala","KOTAGAMA","500","100.00"
"Colombo","Monaragala","BADULLAGAMMANA","500","100.00"
"Colombo","Monaragala","ussagala","500","100.00"
"Colombo","Monaragala","Ilukapathana","500","100.00"
"Colombo","Monaragala","Kanawegalla","500","100.00"
"Colombo","Monaragala","dehigama","500","100.00"
"Colombo","Monaragala","Dankumbura","500","100.00"
"Colombo","Monaragala","Karagahawela","500","100.00"
"Colombo","Monaragala","Pothubandana","500","100.00"
"Colombo","Monaragala","SENAPATHIYA","500","100.00"
"Colombo","Monaragala","BIBILEMULLA","500","100.00"
"Colombo","Monaragala","DAHAGONIYA","500","100.00"
"Colombo","Monaragala","KENDAWINNA","500","100.00"
"Colombo","Monaragala","sikuralanda","500","100.00"
"Colombo","Monaragala","Kokunnewa","500","100.00"
"Colombo","Monaragala","karadugala","500","100.00"
"Colombo","Gampaha","Dagonna","450","100.00"
"Colombo","Gampaha","Dewalapola","450","100.00"
"Colombo","Gampaha","Dunagaha","450","100.00"
"Colombo","Gampaha","Hinatiyana Madawala","450","100.00"
"Colombo","Gampaha","Horampella","450","100.00"
"Colombo","Gampaha","Hunumulla","450","100.00"
"Colombo","Gampaha","Madelgamuwa","450","100.00"
"Colombo","Gampaha","Marandagahamula","450","100.00"
"Colombo","Gampaha","Wegowwa","450","100.00"
"Colombo","Gampaha","Divulapitiya","450","100.00"
"Colombo","Gampaha","Korase","450","100.00"
"Colombo","Gampaha","Yagodamulla","450","100.00"
"Colombo","Gampaha","Galloluwa","450","100.00"
"Colombo","Gampaha","maradagahamula","450","100.00"
"Colombo","Gampaha","Uggalboda","450","100.00"
"Colombo","Gampaha","Minuwangoda","450","100.00"
"Colombo","Gampaha","pansilgoda","450","100.00"
"Colombo","Gampaha","yatiyana","450","100.00"
"Colombo","Gampaha","Paththaduwana","450","100.00"
"Colombo","Gampaha","Kamaragoda","450","100.00"
"Colombo","Gampaha","madampella","450","100.00"
"Colombo","Gampaha","Madawala","450","100.00"
"Colombo","Gampaha","Watinapaha","450","100.00"
"Colombo","Gampaha","Naiwella","450","100.00"
"Colombo","Gampaha","Airport Rd Minuwangoda","450","100.00"
"Colombo","Gampaha","Peellawatta","450","100.00"
"Colombo","Gampaha","Madampella","450","100.00"
"Colombo","Gampaha","Divulapitiya","450","100.00"
"Colombo","Gampaha","Nelligahamula","450","100.00"
"Colombo","Gampaha","Ballapana","450","100.00"
"Colombo","Gampaha","Yagodamulla","450","100.00"
"Colombo","Gampaha","Dewalapola","450","100.00"
"Colombo","Gampaha","Horampella","450","100.00"
"Colombo","Gampaha","Madelgamuwa","450","100.00"
"Colombo","Gampaha","Wegowwa","450","100.00"
"Colombo","Gampaha","Korase","450","100.00"
"Colombo","Gampaha","Yagodamulla","450","100.00"
"Colombo","Gampaha","Galloluwa","450","100.00"
"Colombo","Gampaha","Uggalboda","450","100.00"
"Colombo","Gampaha","Minuwangoda","450","100.00"
"Colombo","Gampaha","pansilgoda","450","100.00"
"Colombo","Gampaha","yatiyana","450","100.00"
"Colombo","Gampaha","Paththaduwana","450","100.00"
"Colombo","Gampaha","Kamaragoda","450","100.00"
"Colombo","Gampaha","madampella","450","100.00"
"Colombo","Gampaha","Madawala","450","100.00"
"Colombo","Gampaha","Watinapaha","450","100.00"
"Colombo","Gampaha","Naiwella","450","100.00"
"Colombo","Gampaha","Airport Rd Minuwangoda","450","100.00"
"Colombo","Gampaha","Peellawatta","450","100.00"
"Colombo","Gampaha","Dagonna","450","100.00"
"Colombo","Gampaha","Hinatiyana Madawala","450","100.00"
"Colombo","Gampaha","Bulugahamulla","450","100.00"
"Colombo","Gampaha","yakahatuwa","450","100.00"
"Colombo","Gampaha","Kamaragoda","450","100.00"
"Colombo","Gampaha","Peellawatta","450","100.00"
"Colombo","Gampaha","Boragodawaththa","450","100.00"
"Colombo","Gampaha","Nilpanagoda","450","100.00"
"Colombo","Gampaha","wadumulla","450","100.00"
"Colombo","Gampaha","Mathammana","450","100.00"
"Colombo","","","425","100.00"
"Colombo","Kandy","Dedunupitiya","500","100.00"
"Colombo","Kandy","Hataraliyadda","500","100.00"
"Colombo","Kandy","Sangarajapura","500","100.00"
"Colombo","Kurunegala","Buluwala","500","100.00"
"Colombo","Kurunegala","Kahapathwala","500","100.00"
"Colombo","Kurunegala","Pilessa","500","100.00"
"Colombo","Kurunegala","Weuda","500","100.00"
"Colombo","Kandy","Hatharaliyadda","500","100.00"
"Colombo","Kurunegala","Paragahadeniya","500","100.00"
"Colombo","Kurunegala","Mawathagama","500","100.00"
"Colombo","Kandy","Uduwa","500","100.00"
"Colombo","Kandy","Dedunupitiya","500","100.00"
"Colombo","Kurunegala","Metibokka","500","100.00"
"Colombo","Kurunegala","Barampola","500","100.00"
"Colombo","Kurunegala","Barampola","500","100.00"
"Colombo","Kurunegala","Buluwala","500","100.00"
"Colombo","Kurunegala","Kahapathwala","500","100.00"
"Colombo","Kurunegala","Pilessa","500","100.00"
"Colombo","Kurunegala","Weuda","500","100.00"
"Colombo","Kurunegala","Paragahadeniya","500","100.00"
"Colombo","Kurunegala","Mawathagama","500","100.00"
"Colombo","Kurunegala","Metibokka","500","100.00"
"Colombo","Kurunegala","Rambukkana road Mawathagama","500","100.00"
"Colombo","Kurunegala","Ahasyanapitiya","500","100.00"
"Colombo","Kurunegala","Meethenwala","500","100.00"
"Colombo","Kurunegala","Muwankanda","500","100.00"
"Colombo","Kurunegala","Kawisigamuwa","500","100.00"
"Colombo","Kurunegala","Kavisigamuwa","500","100.00"
"Colombo","Kandy","Kotikapola","500","100.00"
"Colombo","Kandy","Kotikapola","500","100.00"
"Colombo","Kandy","Kolugala ihalagama","500","100.00"
"Colombo","Kandy","Rangamuwa","500","100.00"
"Colombo","","","500","100.00"
"Colombo","Kurunegala","Hilogama","450","100.00"
"Colombo","Kurunegala","Hulogedara","450","100.00"
"Colombo","Kurunegala","Hulugalla","450","100.00"
"Colombo","Kurunegala","Kadigawa","450","100.00"
"Colombo","Kurunegala","Kotawehera","450","100.00"
"Colombo","Kurunegala","Mahagirilla","450","100.00"
"Colombo","Kurunegala","Meewellawa","450","100.00"
"Colombo","Kurunegala","Nabadewa","450","100.00"
"Colombo","Kurunegala","Thimbiriyawa","450","100.00"
"Colombo","Kurunegala","Nikaweratiya","450","100.00"
"Colombo","Kurunegala","Maha girilla","450","100.00"
"Colombo","Kurunegala","Halmillewa","450","100.00"
"Colombo","Kurunegala","Nammuwawa","450","100.00"
"Colombo","Kurunegala","ihalagama","450","100.00"
"Colombo","Kurunegala","nikawaratiya","450","100.00"
"Colombo","Kurunegala","Monnekulama","450","100.00"
"Colombo","Kurunegala","Danikitawa","450","100.00"
"Colombo","Kurunegala","Hulogedara","450","100.00"
"Colombo","Kurunegala","Nikaweratiya Town","450","100.00"
"Colombo","Kurunegala","Kadigawa","450","100.00"
"Colombo","Kurunegala","Elawaka","450","100.00"
"Colombo","Kurunegala","Rasnayakapura","450","100.00"
"Colombo","Kurunegala","Bakmeewewa","450","100.00"
"Colombo","Kurunegala","Hulugalla","450","100.00"
"Colombo","Kurunegala","Walaliya","450","100.00"
"Colombo","Kurunegala","waduressa","450","100.00"
"Colombo","Kurunegala","Karakole","450","100.00"
"Colombo","Kurunegala","Hewenpelessa","450","100.00"
"Colombo","Kurunegala","danduwawa","450","100.00"
"Colombo","Kurunegala","guruvikulama","450","100.00"
"Colombo","Kurunegala","Kuruvikulama","450","100.00"
"Colombo","Kurunegala","Maha Divulwewa","450","100.00"
"Colombo","Kurunegala","Tumbulla","450","100.00"
"Colombo","Kurunegala","inginimitiya","450","100.00"
"Colombo","Colombo","Angoda","400","100.00"
"Colombo","Colombo","Akuregoda","400","100.00"
"Colombo","Colombo","Akuregoda","400","100.00"
"Colombo","Colombo","Akuregoda","400","100.00"
"Colombo","Colombo","Akuregoda","400","100.00"
"Colombo","Colombo","Akuregoda","400","100.00"
"Colombo","Colombo","Akuregoda","400","100.00"
"Colombo","Colombo","Akuregoda","400","100.00"
"Colombo","Colombo","Akuregoda","400","100.00"
"Colombo","Colombo","Akuregoda","400","100.00"
"Colombo","Colombo","Akuregoda","400","100.00"
"Colombo","Colombo","Akuregoda","400","100.00"
"Colombo","Colombo","Akuregoda","400","100.00"
"Colombo","Colombo","Akuregoda","400","100.00"
"Colombo","Colombo","Akuregoda","400","100.00"
"Colombo","Colombo","Akuregoda","400","100.00"
"Colombo","Colombo","Akuregoda","400","100.00"
"Colombo","Colombo","Akuregoda","400","100.00"
"Colombo","Colombo","Akuregoda","400","100.00"
"Colombo","Colombo","Akuregoda","400","100.00"
"Colombo","Colombo","Akuregoda","400","100.00"
"Colombo","Colombo","Akuregoda","400","100.00"
"Colombo","Colombo","Akuregoda","400","100.00"
"Colombo","Colombo","Akuregoda","400","100.00"
"Colombo","Colombo","Akuregoda","400","100.00"
"Colombo","Colombo","Akuregoda","400","100.00"
"Colombo","Colombo","Akuregoda","400","100.00"
"Colombo","Colombo","Akuregoda","400","100.00"
"Colombo","Colombo","Akuregoda","400","100.00"
"Colombo","Colombo","Akuregoda","400","100.00"
"Colombo","Colombo","Akuregoda","400","100.00"
"Colombo","Colombo","Akuregoda","400","100.00"
"Colombo","Colombo","Akuregoda","400","100.00"
"Colombo","Colombo","Akuregoda","400","100.00"
"Colombo","Colombo","Akuregoda","400","100.00"
"Colombo","Colombo","Akuregoda","400","100.00"
"Colombo","Colombo","Akuregoda","400","100.00"
"Colombo","Colombo","Akuregoda","400","100.00"
"Colombo","Colombo","Akuregoda","400","100.00"
"Colombo","Colombo","Akuregoda","400","100.00"
"Colombo","Colombo","Akuregoda","400","100.00"
"Colombo","Colombo","Akuregoda","400","100.00"
"Colombo","Matale","Dambulla","500","100.00"
"Colombo","Matale","Dambulla","500","100.00"
"Colombo","Matale","Dambulla","500","100.00"
"Colombo","Matale","Dambulla","500","100.00"
"Colombo","Matale","Naula","500","100.00"
"Colombo","Matale","Pallepola","500","100.00"
"Colombo","Matale","Akuramboda","500","100.00"
"Colombo","Matale","Atharagallewa","500","100.00"
"Colombo","Matale","Bambaragaswewa","500","100.00"
"Colombo","Matale","Dewahuwa","500","100.00"
"Colombo","Matale","Erawula Junction","500","100.00"
"Colombo","Matale","Ethanawala","500","100.00"
"Colombo","Matale","Gangala Puwakpitiya","500","100.00"
"Colombo","Matale","Inamaluwa","500","100.00"
"Colombo","Matale","Kalundawa","500","100.00"
"Colombo","Matale","Kandalama","500","100.00"
"Colombo","Matale","Kimbissa","500","100.00"
"Colombo","Matale","Kongahawela","500","100.00"
"Colombo","Matale","Lendora","500","100.00"
"Colombo","Matale","Madipola","500","100.00"
"Colombo","Matale","Mananwaththa","500","100.00"
"Colombo","Matale","Melipitiya","500","100.00"
"Colombo","Matale","Millawana","500","100.00"
"Colombo","Matale","Nalanda","500","100.00"
"Colombo","Matale","Opalgala","500","100.00"
"Colombo","Matale","Sigiriya","500","100.00"
"Colombo","Matale","Sigiriya","500","100.00"
"Colombo","Matale","Thalagoda Junction","500","100.00"
"Colombo","Matale","Thalakiriyagama","500","100.00"
"Colombo","Matale","Wahakotte","500","100.00"
"Colombo","Matale","Wewalawewa","500","100.00"
"Colombo","Matale","Damunumulla Galewela","500","100.00"
"Colombo","Matale","Pattiwela","500","100.00"
"Colombo","Matale","Silwathgala","500","100.00"
"Colombo","Matale","Mahakade","500","100.00"
"Colombo","Matale","Pibidunugama","500","100.00"
"Colombo","Matale","Weragalawaththa","500","100.00"
"Colombo","Matale","Namadagahawathha","500","100.00"
"Colombo","Matale","Pathkolagolla","500","100.00"
"Colombo","Matale","Kanadana","500","100.00"
"Colombo","Matale","Janakagama","500","100.00"
"Colombo","Matale","Wahara Junction","500","100.00"
"Colombo","Matale","Ihala Bambawa","500","100.00"
"Colombo","Matale","Pahala Bambawa","500","100.00"
"Colombo","Matale","Wasalakotte","500","100.00"
"Colombo","Matale","Monaravila","500","100.00"
"Colombo","Matale","Maningamuwa","500","100.00"
"Colombo","Matale","Kirioruwa","500","100.00"
"Colombo","Matale","Ekamuthugama","500","100.00"
"Colombo","Matale","Heeratiya","500","100.00"
"Colombo","Matale","kumaraella","500","100.00"
"Colombo","Matale","Hunganwela","500","100.00"
"Colombo","Matale","Kithulhitiyawa","500","100.00"
"Colombo","Matale","Bakamuna","500","100.00"
"Colombo","Matale","Ambana","500","100.00"
"Colombo","Matale","Na ula","500","100.00"
"Colombo","Matale","Galewela","500","100.00"
"Colombo","Matale","palwehera","500","100.00"
"Colombo","Matale","Dambulla town","500","100.00"
"Colombo","Matale","Aluthwatta","500","100.00"
"Colombo","Matale","Galwatiyawa","500","100.00"
"Colombo","Matale","Wewala-Wewa","500","100.00"
"Colombo","Matale","Erawula","500","100.00"
"Colombo","Matale","Mirisgoniyawa","500","100.00"
"Colombo","Matale","Kekirawa Town","500","100.00"
"Colombo","Matale","Madatugama","500","100.00"
"Colombo","Matale","Olukarada","500","100.00"
"Colombo","Matale","Ganewalpola","500","100.00"
"Colombo","Matale","Kirimatiyawa","500","100.00"
"Colombo","Matale","Ipalogama","500","100.00"
"Colombo","Matale","Galkiriyagama","500","100.00"
"Colombo","Matale","Palagala","500","100.00"
"Colombo","Matale","Palagala","500","100.00"
"Colombo","Matale","Adiyagala","500","100.00"
"Colombo","Matale","Pubbogama","500","100.00"
"Colombo","Matale","Dambulu Halmillawewa","500","100.00"
"Colombo","Matale","HABARATHTHEWALA","500","100.00"
"Colombo","Matale","Maneruwa","500","100.00"
"Colombo","Matale","Maneruwa","500","100.00"
"Colombo","Matale","Balaluwewa","500","100.00"
"Colombo","Matale","Galewela Town","500","100.00"
"Colombo","Matale","Dewahuwa","500","100.00"
"Colombo","Matale","Bambaragaswewa","500","100.00"
"Colombo","Matale","Nilagama","500","100.00"
"Colombo","Matale","Bambawa","500","100.00"
"Colombo","Matale","Kalugala","500","100.00"
"Colombo","Matale","Habarana","500","100.00"
"Colombo","Matale","Habarana town","500","100.00"
"Colombo","Matale","Sigiriya","500","100.00"
"Colombo","Matale","Digampathaha","500","100.00"
"Colombo","Matale","Kashyapagama","500","100.00"
"Colombo","Matale","Namalpura","500","100.00"
"Colombo","Matale","Palugaswewa","500","100.00"
"Colombo","Matale","Audangawa","500","100.00"
"Colombo","Matale","Bakamuna","500","100.00"
"Colombo","Matale","Damanayaya","500","100.00"
"Colombo","Matale","Kottapitiya","500","100.00"
"Colombo","Matale","Elahara","500","100.00"
"Colombo","Matale","Kiri Oya","500","100.00"
"Colombo","Matale","Kiri Oya","500","100.00"
"Colombo","Matale","Buduruwayaya","500","100.00"
"Colombo","Matale","Naula","500","100.00"
"Colombo","Matale","Dambulu Oya","500","100.00"
"Colombo","Matale","Pannampitiya","500","100.00"
"Colombo","Matale","Pannampitiya","500","100.00"
"Colombo","Matale","nalanda","500","100.00"
"Colombo","Matale","Lenadora","500","100.00"
"Colombo","Matale","Kongahawela","500","100.00"
"Colombo","Matale","Murutholuwa","500","100.00"
"Colombo","Matale","Opalgala","500","100.00"
"Colombo","Matale","Yapagama","500","100.00"
"Colombo","Matale","Pallepola","500","100.00"
"Colombo","Matale","Madipola","500","100.00"
"Colombo","Matale","Madipola","500","100.00"
"Colombo","Matale","Welamitiyawa","500","100.00"
"Colombo","Matale","Millawana","500","100.00"
"Colombo","Kandy","katugasthota","450","100.00"
"Colombo","Kandy","katugasthota","450","100.00"
"Colombo","Kandy","katugasthota","450","100.00"
"Colombo","Kandy","katugasthota","450","100.00"
"Colombo","Kandy","Alawatugoda","450","100.00"
"Colombo","Kandy","Ambatenna","450","100.00"
"Colombo","Kandy","Ampitiya","450","100.00"
"Colombo","Kandy","Aniwatta","450","100.00"
"Colombo","Kandy","Batagolladeniya","450","100.00"
"Colombo","Kandy","Bawlana","450","100.00"
"Colombo","Kandy","Dolapihilla","450","100.00"
"Colombo","Kandy","Doragamuwa","450","100.00"
"Colombo","Kandy","Dunuwila","450","100.00"
"Colombo","Kandy","Etulgama","450","100.00"
"Colombo","Kandy","Galagedara","450","100.00"
"Colombo","Kandy","Gunnepana","450","100.00"
"Colombo","Kandy","Gurudeniya","450","100.00"
"Colombo","Kandy","Hantane","450","100.00"
"Colombo","Kandy","Haragama","450","100.00"
"Colombo","Kandy","Harankahawa","450","100.00"
"Colombo","Kandy","Kahataliyadda","450","100.00"
"Colombo","Kandy","Kandy","450","100.00"
"Colombo","Kandy","Kapuliyadde","450","100.00"
"Colombo","Kandy","Katugastota","450","100.00"
"Colombo","Kandy","Kobonila","450","100.00"
"Colombo","Kandy","Kulugammana","450","100.00"
"Colombo","Kandy","Lewella","450","100.00"
"Colombo","Kandy","lllagolla","450","100.00"
"Colombo","Kandy","Madawala Bazaar","450","100.00"
"Colombo","Kandy","Madulkele","450","100.00"
"Colombo","Kandy","Mahadoraliyadda","450","100.00"
"Colombo","Kandy","Mahamedagama","450","100.00"
"Colombo","Kandy","Makkanigama","450","100.00"
"Colombo","Kandy","Marymount Colony","450","100.00"
"Colombo","Kandy","Mawatura","450","100.00"
"Colombo","Kandy","Mawilmada","450","100.00"
"Colombo","Kandy","Medawala Harispattuwa","450","100.00"
"Colombo","Kandy","Menikdiwela","450","100.00"
"Colombo","Kandy","Menikdiwela","450","100.00"
"Colombo","Kandy","Minigamuwa","450","100.00"
"Colombo","Kandy","Nugawela","450","100.00"
"Colombo","Kandy","Pallekotuwa","450","100.00"
"Colombo","Kandy","Pallekotuwa","450","100.00"
"Colombo","Kandy","Pattiya Watta","450","100.00"
"Colombo","Kandy","Poholiyadda","450","100.00"
"Colombo","Kandy","Poholiyadda","450","100.00"
"Colombo","Kandy","Polgolla","450","100.00"
"Colombo","Kandy","Rathukohodigala","450","100.00"
"Colombo","Kandy","Tawalantenna","450","100.00"
"Colombo","Kandy","Tennekumbura","450","100.00"
"Colombo","Kandy","Tennekumbura","450","100.00"
"Colombo","Kandy","Udahingulwala","450","100.00"
"Colombo","Kandy","Udahingulwala","450","100.00"
"Colombo","Kandy","Udatalawinna","450","100.00"
"Colombo","Kandy","Uduwahinna","450","100.00"
"Colombo","Kandy","Watagoda Harispattuwa","450","100.00"
"Colombo","Kandy","Watapuluwa","450","100.00"
"Colombo","Kandy","Wattegama","450","100.00"
"Colombo","Kandy","Wettawa","450","100.00"
"Colombo","Kandy","Wilanagama","450","100.00"
"Colombo","Kandy","Yahalatenna","450","100.00"
"Colombo","Kandy","Arupppola","450","100.00"
"Colombo","Kandy","Harispattuwa","450","100.00"
"Colombo","Kandy","Kandy Four Gravets","450","100.00"
"Colombo","Kandy","Medadumbara","450","100.00"
"Colombo","Kandy","Panvila","450","100.00"
"Colombo","Kandy","Pathadumbara","450","100.00"
"Colombo","Kandy","Pathahewaheta","450","100.00"
"Colombo","Kandy","Pujapitiya","450","100.00"
"Colombo","Kandy","Thumpane","450","100.00"
"Colombo","Kandy","Yatinuwara","450","100.00"
"Colombo","Kandy","Alawathugoda","450","100.00"
"Colombo","Kandy","Amabathenna","450","100.00"
"Colombo","Kandy","Aniwaththa","450","100.00"
"Colombo","Kandy","Delthota","450","100.00"
"Colombo","Kandy","Hanthane","450","100.00"
"Colombo","Kandy","Harispaththuwa","450","100.00"
"Colombo","Kandy","Katugasthota","450","100.00"
"Colombo","Kandy","Medawala Harispaththuwa","450","100.00"
"Colombo","Kandy","Pattiyawaththa","450","100.00"
"Colombo","Kandy","Udathalawinna","450","100.00"
"Colombo","Kandy","Udawaththa","450","100.00"
"Colombo","Kandy","Watagoda Harispaththuwa","450","100.00"
"Colombo","Kandy","Yahalathenna","450","100.00"
"Colombo","Kandy","Wehigala","450","100.00"
"Colombo","Kandy","Udathenna","450","100.00"
"Colombo","Kandy","Barigama","450","100.00"
"Colombo","Kandy","Ambathenna","450","100.00"
"Colombo","Kandy","Kurundeniya","450","100.00"
"Colombo","Kandy","Hedeniya","450","100.00"
"Colombo","Kandy","Nawayalathenna","450","100.00"
"Colombo","Kandy","Deegahawathura","450","100.00"
"Colombo","Kandy","BUWELIKADA","450","100.00"
"Colombo","Kandy","Kandy town","450","100.00"
"Colombo","Kandy","Aladeniya","450","100.00"
"Colombo","Kandy","Gohagoda","450","100.00"
"Colombo","Kandy","Gohagoda","450","100.00"
"Colombo","Kandy","Gohagoda","450","100.00"
"Colombo","Kandy","Mahaiyawa","450","100.00"
"Colombo","Kandy","Alawatta","450","100.00"
"Colombo","Kandy","Idamegama","450","100.00"
"Colombo","Kandy","Guhagoda","450","100.00"
"Colombo","Kandy","Thennekumbura","450","100.00"
"Colombo","Kandy","Ankumbura","450","100.00"
"Colombo","Kandy","KONDADENIYA","450","100.00"
"Colombo","Kandy","WARALLAGAMA","450","100.00"
"Colombo","Kandy","Asgiriya kandy","450","100.00"
"Colombo","Kandy","Kandy City","450","100.00"
"Colombo","Kandy","Kandy Hospital","450","100.00"
"Colombo","Kandy","Uduwela","450","100.00"
"Colombo","Kandy","Aruppola","450","100.00"
"Colombo","Kandy","Lewalle","450","100.00"
"Colombo","Kandy","Thannekumbura","450","100.00"
"Colombo","Kandy","Matale Road kandy","450","100.00"
"Colombo","Kandy","Ambathanne","450","100.00"
"Colombo","Kandy","Akurana","450","100.00"
"Colombo","Kandy","Akurana town","450","100.00"
"Colombo","Kandy","Akurana 7mile post","450","100.00"
"Colombo","Kandy","Bahirawakanda","450","100.00"
"Colombo","Kandy","Aniwatte","450","100.00"
"Colombo","Kandy","Kudarathwatta","450","100.00"
"Colombo","Kandy","Kudarathwatta","450","100.00"
"Colombo","Kandy","poornawatte road","450","100.00"
"Colombo","Kandy","Hanthana","450","100.00"
"Colombo","Kandy","Sangaraja Mawatha kandy","450","100.00"
"Colombo","Kandy","Ketawala","450","100.00"
"Colombo","Kandy","Lewla","450","100.00"
"Colombo","Kandy","Ratemulla","450","100.00"
"Colombo","Kandy","Kandy Police Station","450","100.00"
"Colombo","Kandy","Peradeniya rd kandy","450","100.00"
"Colombo","Kandy","Ranawana","450","100.00"
"Colombo","Kandy","Rajapihilla","450","100.00"
"Colombo","Kandy","Pattiyawatta","450","100.00"
"Colombo","Kandy","Medawala","450","100.00"
"Colombo","Kandy","Weligalla","450","100.00"
"Colombo","Kandy","Bokkawala","450","100.00"
"Colombo","Kandy","Morankanda","450","100.00"
"Colombo","Kandy","Kumburegama","450","100.00"
"Colombo","Kandy","Meegammanawatte","450","100.00"
"Colombo","Kandy","Meegammanawatte","450","100.00"
"Colombo","Kandy","Polgollawatta","450","100.00"
"Colombo","Kandy","Udugunnapana","450","100.00"
"Colombo","Kandy","Pallegunnapana","450","100.00"
"Colombo","Kandy","Thunkandura","450","100.00"
"Colombo","Kandy","Udurawana","450","100.00"
"Colombo","Kandy","Jambugahapitiya","450","100.00"
"Colombo","Kandy","Kahalla","450","100.00"
"Colombo","Kandy","ambatanna","450","100.00"
"Colombo","Kandy","Mullegama","450","100.00"
"Colombo","Kandy","kaluwana","450","100.00"
"Colombo","Kandy","Diwanawatta","450","100.00"
"Colombo","Kandy","Bamunupola","450","100.00"
"Colombo","Kandy","Batagalla","450","100.00"
"Colombo","Kandy","Batagalla","450","100.00"
"Colombo","Kandy","Poojapitiya","450","100.00"
"Colombo","Kandy","Owissa","450","100.00"
"Colombo","Kandy","Galhinna","450","100.00"
"Colombo","Kandy","Katugasthota rd kandy","450","100.00"
"Colombo","Kandy","Sirimalwatta","450","100.00"
"Colombo","Kandy","Yakgahapitiya","450","100.00"
"Colombo","Kandy","Amunugama","450","100.00"
"Colombo","Kandy","Gunnapana","450","100.00"
"Colombo","Kandy","Bogaskumbura","450","100.00"
"Colombo","Kandy","Napana","450","100.00"
"Colombo","Kandy","Pilawala","450","100.00"
"Colombo","Kandy","Wawinna","450","100.00"
"Colombo","Kandy","Hathale","450","100.00"
"Colombo","Kandy","Madulkelle","450","100.00"
"Colombo","Kandy","Mahapathana","450","100.00"
"Colombo","Kandy","Kallebokka","450","100.00"
"Colombo","Kandy","GALAHIRIYA","450","100.00"
"Colombo","Kandy","Kuluganga","450","100.00"
"Colombo","Kandy","Aludeniya","450","100.00"
"Colombo","Kandy","Muruddeniya","450","100.00"
"Colombo","Kandy","Madawala","450","100.00"
"Colombo","Kandy","Yatirawana","450","100.00"
"Colombo","Kandy","Meegammana","450","100.00"
"Colombo","Kandy","Kudugala","450","100.00"
"Colombo","Kandy","Pinnalanda","450","100.00"
"Colombo","Kandy","Atalahagoda","450","100.00"
"Colombo","Kandy","Yatawara","450","100.00"
"Colombo","Kandy","Pahala Yatawara","450","100.00"
"Colombo","Kandy","Elkaduwa","450","100.00"
"Colombo","Kandy","Ambatanne","450","100.00"
"Colombo","Kandy","Ambatanne","450","100.00"
"Colombo","Kandy","Dikpitiya","450","100.00"
"Colombo","Kandy","Balakaduwa","450","100.00"
"Colombo","Kandy","Bowalawatta","450","100.00"
"Colombo","Kandy","Inigala","450","100.00"
"Colombo","Kandy","Halloluwa","450","100.00"
"Colombo","Kandy","Warathanne","450","100.00"
"Colombo","Kandy","Yatihalagala","450","100.00"
"Colombo","Kandy","yahalathanne","450","100.00"
"Colombo","Kandy","Werellagama","450","100.00"
"Colombo","Kandy","Yatiwawala","450","100.00"
"Colombo","Kandy","Thalwatta","450","100.00"
"Colombo","Kandy","Thalwaththa","450","100.00"
"Colombo","Kandy","Marathugoda","450","100.00"
"Colombo","Kandy","Marathugoda","450","100.00"
"Colombo","Anuradhapura","Dematawewa","500","100.00"
"Colombo","Anuradhapura","Dunumadalawa","500","100.00"
"Colombo","Anuradhapura","Dutuwewa","500","100.00"
"Colombo","Anuradhapura","Elayapattuwa","500","100.00"
"Colombo","Anuradhapura","Galkadawala","500","100.00"
"Colombo","Anuradhapura","Gambirigaswewa","500","100.00"
"Colombo","Anuradhapura","Hidogama","500","100.00"
"Colombo","Anuradhapura","Hurulunikawewa","500","100.00"
"Colombo","Anuradhapura","Karagahawewa","500","100.00"
"Colombo","Anuradhapura","Kendewa","500","100.00"
"Colombo","Anuradhapura","Kurundankulama","500","100.00"
"Colombo","Anuradhapura","Kurundankulama","500","100.00"
"Colombo","Anuradhapura","Labunoruwa","500","100.00"
"Colombo","Anuradhapura","Mahabulankulama","500","100.00"
"Colombo","Anuradhapura","Mahapothana","500","100.00"
"Colombo","Anuradhapura","Mihintale","500","100.00"
"Colombo","Anuradhapura","Muriyakadawala","500","100.00"
"Colombo","Anuradhapura","Namalpura","500","100.00"
"Colombo","Anuradhapura","Padikaramaduwa","500","100.00"
"Colombo","Anuradhapura","Pandukabayapura","500","100.00"
"Colombo","Anuradhapura","Pandulagama","500","100.00"
"Colombo","Anuradhapura","Parasangahawewa","500","100.00"
"Colombo","Anuradhapura","Pemaduwa","500","100.00"
"Colombo","Anuradhapura","Tammennawa","500","100.00"
"Colombo","Anuradhapura","Tantirimale","500","100.00"
"Colombo","Anuradhapura","Tennamarawadiya","500","100.00"
"Colombo","Anuradhapura","Tirappane","500","100.00"
"Colombo","Anuradhapura","Uttimaduwa","500","100.00"
"Colombo","Anuradhapura","Welimuwapotana","500","100.00"
"Colombo","Anuradhapura","Galenbindunuwewa","500","100.00"
"Colombo","Anuradhapura","Mihinthale","500","100.00"
"Colombo","Anuradhapura","Nachchaduwa","500","100.00"
"Colombo","Anuradhapura","Nuwaragam Palatha Central","500","100.00"
"Colombo","Anuradhapura","Nuwaragam Palatha East","500","100.00"
"Colombo","Anuradhapura","Rambewa","500","100.00"
"Colombo","Anuradhapura","Thirappane","500","100.00"
"Colombo","Anuradhapura","Mahawilachchiya","500","100.00"
"Colombo","Anuradhapura","Maradankadawala","500","100.00"
"Colombo","Anuradhapura","Maradankalla","500","100.00"
"Colombo","Anuradhapura","Megodawewa","500","100.00"
"Colombo","Anuradhapura","Puliyankulama","500","100.00"
"Colombo","Anuradhapura","Seeppukulama","500","100.00"
"Colombo","Anuradhapura","Sivalakulama","500","100.00"
"Colombo","Anuradhapura","Sravasthipura","500","100.00"
"Colombo","Anuradhapura","Thammennawa","500","100.00"
"Colombo","Anuradhapura","Thanthirimale","500","100.00"
"Colombo","Anuradhapura","Thanthirimale","500","100.00"
"Colombo","Anuradhapura","Thennamarawadiya","500","100.00"
"Colombo","Anuradhapura","Thennamarawadiya","500","100.00"
"Colombo","Anuradhapura","Upuldeniya","500","100.00"
"Colombo","Anuradhapura","Upuldeniya","500","100.00"
"Colombo","Anuradhapura","Uththimaduwa","500","100.00"
"Colombo","Anuradhapura","Viharapalugama","500","100.00"
"Colombo","Anuradhapura","Walagambahuwa","500","100.00"
"Colombo","Anuradhapura","Yakkalla","500","100.00"
"Colombo","Anuradhapura","Kaluwila","500","100.00"
"Colombo","Anuradhapura","Keerikkkulama","500","100.00"
"Colombo","Anuradhapura","Mahanelubewa","500","100.00"
"Colombo","Anuradhapura","Oyamaduwa","500","100.00"
"Colombo","Anuradhapura","Pothanegama","500","100.00"
"Colombo","Anuradhapura","yakalla","500","100.00"
"Colombo","Anuradhapura","Galenbindunawewa","500","100.00"
"Colombo","Anuradhapura","Galenbindunawewa","500","100.00"
"Colombo","Anuradhapura","Mahopothana","500","100.00"
"Colombo","Anuradhapura","Kedawa","500","100.00"
"Colombo","Anuradhapura","Mahapotana","500","100.00"
"Colombo","Anuradhapura","iluppukanniya","500","100.00"
"Colombo","Anuradhapura","alagollewa","500","100.00"
"Colombo","Anuradhapura","hamillewa","500","100.00"
"Colombo","Anuradhapura","Galenbidunuwawa","500","100.00"
"Colombo","Anuradhapura","anuradhapura","500","100.00"
"Colombo","Anuradhapura","MARANDANKALLA","500","100.00"
"Colombo","Anuradhapura","Anuradhapura town","500","100.00"
"Colombo","Anuradhapura","Nuwaragam palatha","500","100.00"
"Colombo","Anuradhapura","Meegodawewa","500","100.00"
"Colombo","Anuradhapura","Jaffna Juntion","500","100.00"
"Colombo","Anuradhapura","Pullayara juntion","500","100.00"
"Colombo","Anuradhapura","Pullayara juntion","500","100.00"
"Colombo","Anuradhapura","Pullayara juntion","500","100.00"
"Colombo","Anuradhapura","Mathale juntion","500","100.00"
"Colombo","Anuradhapura","walagambawa","500","100.00"
"Colombo","Anuradhapura","maradankadwala","500","100.00"
"Colombo","Anuradhapura","Teaching Hospital","500","100.00"
"Colombo","Anuradhapura","Teaching Hospital anuradhapura","500","100.00"
"Colombo","Anuradhapura","Stage -3","500","100.00"
"Colombo","Anuradhapura","Kada -12","500","100.00"
"Colombo","Anuradhapura","Freeman mawatha","500","100.00"
"Colombo","Anuradhapura","Elayapatthuwa","500","100.00"
"Colombo","Anuradhapura","Wilachchiya","500","100.00"
"Colombo","Anuradhapura","Ichchankulama","500","100.00"
"Colombo","Anuradhapura","Kalaththewa","500","100.00"
"Colombo","Anuradhapura","Nelumkanniya","500","100.00"
"Colombo","Anuradhapura","Welankulama","500","100.00"
"Colombo","Anuradhapura","Arunagama","500","100.00"
"Colombo","Anuradhapura","Abathalagama","500","100.00"
"Colombo","Anuradhapura","Illuppukanniya","500","100.00"
"Colombo","Anuradhapura","Ramakele","500","100.00"
"Colombo","Anuradhapura","malwathu oya","500","100.00"
"Colombo","Anuradhapura","Pahala Kirikkulama","500","100.00"
"Colombo","Anuradhapura","kirikkulama","500","100.00"
"Colombo","Anuradhapura","Kuda Nelunkulama","500","100.00"
"Colombo","Anuradhapura","Ihalawewa","500","100.00"
"Colombo","Anuradhapura","Sri Vibuthigama","500","100.00"
"Colombo","Anuradhapura","Siyabalagaswewa","500","100.00"
"Colombo","Anuradhapura","Thodamaduwa","500","100.00"
"Colombo","Anuradhapura","Marakulama","500","100.00"
"Colombo","Anuradhapura","Ethungama","500","100.00"
"Colombo","Anuradhapura","Demategama","500","100.00"
"Colombo","Anuradhapura","sembukulama","500","100.00"
"Colombo","Anuradhapura","punchikulama","500","100.00"
"Colombo","Anuradhapura","Wellamudawa","500","100.00"
"Colombo","Anuradhapura","kudakanumulla","500","100.00"
"Colombo","Anuradhapura","Ihala Puliyankulama","500","100.00"
"Colombo","Anuradhapura","Dampalassagama","500","100.00"
"Colombo","Anuradhapura","Ihala Kagama","500","100.00"
"Colombo","Anuradhapura","Nellikulama","500","100.00"
"Colombo","Anuradhapura","Maha Mankadawala","500","100.00"
"Colombo","Anuradhapura","Pusiyankulama","500","100.00"
"Colombo","Anuradhapura","Sadamaleliya","500","100.00"
"Colombo","Anuradhapura","Randuwa","500","100.00"
"Colombo","Anuradhapura","THAMBIYAWA","500","100.00"
"Colombo","Anuradhapura","Ethdathkalla","500","100.00"
"Colombo","Anuradhapura","Vihara Palugama","500","100.00"
"Colombo","Anuradhapura","Nelumkulama","500","100.00"
"Colombo","Anuradhapura","Sucharithagama","500","100.00"
"Colombo","Anuradhapura","Yahalegama","500","100.00"
"Colombo","Anuradhapura","Gnanikulama","500","100.00"
"Colombo","Anuradhapura","Paladikulama","500","100.00"
"Colombo","Anuradhapura","Paladikulama","500","100.00"
"Colombo","Anuradhapura","Paladikulama","500","100.00"
"Colombo","Anuradhapura","Perimiyankulama","500","100.00"
"Colombo","Anuradhapura","Galpalama","500","100.00"
"Colombo","Anuradhapura","GALPOTHEGAMA","500","100.00"
"Colombo","Anuradhapura","Asirigama","500","100.00"
"Colombo","Anuradhapura","puja nagaraya","500","100.00"
"Colombo","Anuradhapura","Salgadu ground","500","100.00"
"Colombo","Anuradhapura","Dahaiyagama Junction","500","100.00"
"Colombo","Anuradhapura","Pubudupura","500","100.00"
"Colombo","Anuradhapura","yasasiripura","500","100.00"
"Colombo","Anuradhapura","SOS Junction","500","100.00"
"Colombo","Anuradhapura","Sippukulama","500","100.00"
"Colombo","Anuradhapura","Sippukulama","500","100.00"
"Colombo","Anuradhapura","Sippukulama","500","100.00"
"Colombo","Anuradhapura","Katukeliyawa","500","100.00"
"Colombo","Anuradhapura","Janasirigama","500","100.00"
"Colombo","Anuradhapura","Janasirigama","500","100.00"
"Colombo","Anuradhapura","Mailagaswewa","500","100.00"
"Colombo","Anuradhapura","Siwalakulama","500","100.00"
"Colombo","Anuradhapura","Thabaragala","500","100.00"
"Colombo","Anuradhapura","Nekatunuwewa","500","100.00"
"Colombo","Anuradhapura","Kokawewa","500","100.00"
"Colombo","Anuradhapura","Aluth Divulwewa","500","100.00"
"Colombo","Anuradhapura","Getalawa","500","100.00"
"Colombo","Anuradhapura","Thisawewa","500","100.00"
"Colombo","Anuradhapura","Nelubewa","500","100.00"
"Colombo","Anuradhapura","Selesthimaduwa","500","100.00"
"Colombo","Anuradhapura","Alankulama","500","100.00"
"Colombo","Anuradhapura","Ulukkulama","500","100.00"
"Colombo","Anuradhapura","Bulankulama","500","100.00"
"Colombo","Anuradhapura","Kawarakkulama","500","100.00"
"Colombo","Anuradhapura","Halmillakulam","500","100.00"
"Colombo","Anuradhapura","Thuruwila","500","100.00"
"Colombo","Anuradhapura","Thuruwila","500","100.00"
"Colombo","Anuradhapura","Saliyapura","500","100.00"
"Colombo","Anuradhapura","Paniyankadawala","500","100.00"
"Colombo","Anuradhapura","puwarasankulama","500","100.00"
"Colombo","Anuradhapura","Kolibendawewa","500","100.00"
"Colombo","Anuradhapura","Kolibendawewa","500","100.00"
"Colombo","Anuradhapura","Doramadalawa","500","100.00"
"Colombo","Anuradhapura","Sadamalgama","500","100.00"
"Colombo","Anuradhapura","Nabadagaswewa","500","100.00"
"Colombo","Anuradhapura","Salambapura","500","100.00"
"Colombo","Anuradhapura","Sangilikanadarawa","500","100.00"
"Colombo","Anuradhapura","Mahakanadarawa","500","100.00"
"Colombo","Anuradhapura","mahakanadarawa dakunu iura","500","100.00"
"Colombo","Anuradhapura","mahakanadarwa wam iura","500","100.00"
"Colombo","Anuradhapura","Diviyaudabendawewa","500","100.00"
"Colombo","Anuradhapura","Ginikatuwewa","500","100.00"
"Colombo","Anuradhapura","Abayapura Anuradhapura","500","100.00"
"Colombo","Anuradhapura","Anura Wijayapura","500","100.00"
"Colombo","Anuradhapura","Mahapaladikulama","500","100.00"
"Colombo","Anuradhapura","Mahapaladikulama","500","100.00"
"Colombo","","","450","100.00"